pillar_number,pillar_title,pillar_slug,title_number,global_number,blog_title,content_type,subject_entity
1,Digital Marketing Strategy Foundations,digital-marketing-strategy,1,1,What Is Channel Mix? A Beginner's Guide for Digital Marketing Strategy,Beginner guide,channel mix
1,Digital Marketing Strategy Foundations,digital-marketing-strategy,2,2,Marketing Budget Explained: A Plain-English Introduction,Beginner guide,marketing budget
1,Digital Marketing Strategy Foundations,digital-marketing-strategy,3,3,Getting Started With Customer Journey Map: What Beginners Need to Know First,Beginner guide,customer journey map
1,Digital Marketing Strategy Foundations,digital-marketing-strategy,4,4,Marketing Roadmap for Complete Beginners: Core Concepts and First Steps,Beginner guide,marketing roadmap
1,Digital Marketing Strategy Foundations,digital-marketing-strategy,5,5,Advanced Quarterly Planning: Techniques Experienced Teams Actually Use,Advanced guide,quarterly planning
1,Digital Marketing Strategy Foundations,digital-marketing-strategy,6,6,Competitive Positioning at Scale: What Changes Once You Outgrow the Basics,Advanced guide,competitive positioning
1,Digital Marketing Strategy Foundations,digital-marketing-strategy,7,7,Beyond the Basics: Sophisticated Brand Messaging Tactics That Still Work,Advanced guide,brand messaging
1,Digital Marketing Strategy Foundations,digital-marketing-strategy,8,8,How to Improve Marketing OKRs Without Increasing Your Budget,How-to,marketing OKRs
1,Digital Marketing Strategy Foundations,digital-marketing-strategy,9,9,How to Set Up Attribution Model Correctly the First Time,How-to,attribution model
1,Digital Marketing Strategy Foundations,digital-marketing-strategy,10,10,How to Fix Funnel Design When It Stops Delivering Results,How-to,funnel design
1,Digital Marketing Strategy Foundations,digital-marketing-strategy,11,11,How to Audit Your Buyer Persona in Under an Hour,How-to,buyer persona
1,Digital Marketing Strategy Foundations,digital-marketing-strategy,12,12,Step-by-Step: Building Your First Value Proposition Workflow,Step-by-step tutorial,value proposition
1,Digital Marketing Strategy Foundations,digital-marketing-strategy,13,13,"A Practical Walkthrough of Go-To-Market Plan, From Setup to First Result",Step-by-step tutorial,go-to-market plan
1,Digital Marketing Strategy Foundations,digital-marketing-strategy,14,14,Configuring Growth Loop in Notion: A Step-by-Step Tutorial,Step-by-step tutorial,growth loop
1,Digital Marketing Strategy Foundations,digital-marketing-strategy,15,15,The Complete Guide to Marketing Audit in 2026,Ultimate guide,marketing audit
1,Digital Marketing Strategy Foundations,digital-marketing-strategy,16,16,The Definitive Campaign Calendar Handbook for Modern Marketing Teams,Ultimate guide,campaign calendar
1,Digital Marketing Strategy Foundations,digital-marketing-strategy,17,17,Everything You Need to Know About Media Plan,Ultimate guide,media plan
1,Digital Marketing Strategy Foundations,digital-marketing-strategy,18,18,The North Star Metric Checklist Every Team Should Run Before Launch,Checklist,North Star metric
1,Digital Marketing Strategy Foundations,digital-marketing-strategy,19,19,A Pre-Launch Demand Generation Checklist You Can Finish in One Sitting,Checklist,demand generation
1,Digital Marketing Strategy Foundations,digital-marketing-strategy,20,20,Monthly Full-Funnel Strategy Maintenance Checklist for Busy Marketers,Checklist,full-funnel strategy
1,Digital Marketing Strategy Foundations,digital-marketing-strategy,21,21,A Reusable Channel Mix Template You Can Adapt Today,Template,channel mix
1,Digital Marketing Strategy Foundations,digital-marketing-strategy,22,22,"Free Marketing Budget Framework: Structure, Fields and Worked Example",Template,marketing budget
1,Digital Marketing Strategy Foundations,digital-marketing-strategy,23,23,The Customer Journey Map Brief Template That Cuts Revision Cycles,Template,customer journey map
1,Digital Marketing Strategy Foundations,digital-marketing-strategy,24,24,12 Real Marketing Roadmap Examples Worth Studying,Examples,marketing roadmap
1,Digital Marketing Strategy Foundations,digital-marketing-strategy,25,25,Quarterly Planning Examples That Show What Good Actually Looks Like,Examples,quarterly planning
1,Digital Marketing Strategy Foundations,digital-marketing-strategy,26,26,Annotated Competitive Positioning Examples: Why Each One Works,Examples,competitive positioning
1,Digital Marketing Strategy Foundations,digital-marketing-strategy,27,27,Case Study: How One Education Brand Rebuilt Its Brand Messaging,Case study,brand messaging
1,Digital Marketing Strategy Foundations,digital-marketing-strategy,28,28,Inside a Marketing OKRs Turnaround: What Changed and What It Cost,Case study,marketing OKRs
1,Digital Marketing Strategy Foundations,digital-marketing-strategy,29,29,"A 90-Day Attribution Model Experiment: Method, Results and Lessons",Case study,attribution model
1,Digital Marketing Strategy Foundations,digital-marketing-strategy,30,30,Building a Funnel Design Strategy That Survives Algorithm Changes,Strategy,funnel design
1,Digital Marketing Strategy Foundations,digital-marketing-strategy,31,31,A Sustainable Buyer Persona Strategy for Teams With Limited Resources,Strategy,buyer persona
1,Digital Marketing Strategy Foundations,digital-marketing-strategy,32,32,How to Prioritise Value Proposition When Everything Feels Urgent,Strategy,value proposition
1,Digital Marketing Strategy Foundations,digital-marketing-strategy,33,33,The Strategic Case for Investing in Go-To-Market Plan This Year,Strategy,go-to-market plan
1,Digital Marketing Strategy Foundations,digital-marketing-strategy,34,34,Growth Loop Best Practices That Hold Up Under Scrutiny,Best practices,growth loop
1,Digital Marketing Strategy Foundations,digital-marketing-strategy,35,35,Proven Marketing Audit Principles for Consistent Results,Best practices,marketing audit
1,Digital Marketing Strategy Foundations,digital-marketing-strategy,36,36,What Disciplined Campaign Calendar Looks Like in Practice,Best practices,campaign calendar
1,Digital Marketing Strategy Foundations,digital-marketing-strategy,37,37,The Media Plan Standards High-Performing Teams Enforce,Best practices,media plan
1,Digital Marketing Strategy Foundations,digital-marketing-strategy,38,38,Common North Star Metric Mistakes That Quietly Cost You Revenue,Mistakes to avoid,North Star metric
1,Digital Marketing Strategy Foundations,digital-marketing-strategy,39,39,Seven Demand Generation Errors Almost Every Team Makes Early On,Mistakes to avoid,demand generation
1,Digital Marketing Strategy Foundations,digital-marketing-strategy,40,40,"Why Most Full-Funnel Strategy Efforts Stall, and How to Avoid It",Mistakes to avoid,full-funnel strategy
1,Digital Marketing Strategy Foundations,digital-marketing-strategy,41,41,Channel Mix Anti-Patterns Worth Unlearning,Mistakes to avoid,channel mix
1,Digital Marketing Strategy Foundations,digital-marketing-strategy,42,42,Marketing Budget Not Working? A Diagnostic Guide,Problem/solution,marketing budget
1,Digital Marketing Strategy Foundations,digital-marketing-strategy,43,43,"Troubleshooting Customer Journey Map: Symptoms, Causes and Fixes",Problem/solution,customer journey map
1,Digital Marketing Strategy Foundations,digital-marketing-strategy,44,44,What to Do When Marketing Roadmap Suddenly Drops,Problem/solution,marketing roadmap
1,Digital Marketing Strategy Foundations,digital-marketing-strategy,45,45,Fixing Broken Quarterly Planning: A Systematic Approach,Problem/solution,quarterly planning
1,Digital Marketing Strategy Foundations,digital-marketing-strategy,46,46,"Competitive Positioning: Frequently Asked Questions, Answered Directly",FAQ,competitive positioning
1,Digital Marketing Strategy Foundations,digital-marketing-strategy,47,47,Is Brand Messaging Worth the Investment? An Honest Assessment,FAQ,brand messaging
1,Digital Marketing Strategy Foundations,digital-marketing-strategy,48,48,How Long Does Marketing OKRs Take to Show Results?,FAQ,marketing OKRs
1,Digital Marketing Strategy Foundations,digital-marketing-strategy,49,49,Do You Actually Need Attribution Model? A Decision Guide,FAQ,attribution model
1,Digital Marketing Strategy Foundations,digital-marketing-strategy,50,50,Funnel Design vs Full-Funnel Strategy: Which Deserves Your Budget?,Comparison,funnel design
1,Digital Marketing Strategy Foundations,digital-marketing-strategy,51,51,"Comparing Buyer Persona and Marketing Budget: Strengths, Limits and Overlap",Comparison,buyer persona
1,Digital Marketing Strategy Foundations,digital-marketing-strategy,52,52,Value Proposition or Marketing Roadmap? A Decision Framework for Marketing Teams,Comparison,value proposition
1,Digital Marketing Strategy Foundations,digital-marketing-strategy,53,53,When to Choose Go-To-Market Plan Over Competitive Positioning,Comparison,go-to-market plan
1,Digital Marketing Strategy Foundations,digital-marketing-strategy,54,54,Alternatives to Growth Loop: When It Is the Wrong Tool for the Job,Alternatives,growth loop
1,Digital Marketing Strategy Foundations,digital-marketing-strategy,55,55,What to Use Instead of Marketing Audit for Constrained Teams,Alternatives,marketing audit
1,Digital Marketing Strategy Foundations,digital-marketing-strategy,56,56,Rethinking Campaign Calendar: Three Credible Alternatives,Alternatives,campaign calendar
1,Digital Marketing Strategy Foundations,digital-marketing-strategy,57,57,"The Best Tools for Media Plan, Compared Honestly",Tools comparison,media plan
1,Digital Marketing Strategy Foundations,digital-marketing-strategy,58,58,"Looker Studio for North Star Metric: Capabilities, Gaps and Fit",Tools comparison,North Star metric
1,Digital Marketing Strategy Foundations,digital-marketing-strategy,59,59,Choosing Demand Generation Software: Evaluation Criteria That Matter,Tools comparison,demand generation
1,Digital Marketing Strategy Foundations,digital-marketing-strategy,60,60,How Much Does Full-Funnel Strategy Really Cost in 2026?,Pricing,full-funnel strategy
1,Digital Marketing Strategy Foundations,digital-marketing-strategy,61,61,Channel Mix Pricing Explained: What Drives the Bill,Pricing,channel mix
1,Digital Marketing Strategy Foundations,digital-marketing-strategy,62,62,Budgeting for Marketing Budget: Realistic Numbers by Company Size,Pricing,marketing budget
1,Digital Marketing Strategy Foundations,digital-marketing-strategy,63,63,Measuring the ROI of Customer Journey Map Without Guesswork,ROI,customer journey map
1,Digital Marketing Strategy Foundations,digital-marketing-strategy,64,64,Does Marketing Roadmap Pay for Itself? A Calculation Method,ROI,marketing roadmap
1,Digital Marketing Strategy Foundations,digital-marketing-strategy,65,65,Proving the Business Value of Quarterly Planning to Finance,ROI,quarterly planning
1,Digital Marketing Strategy Foundations,digital-marketing-strategy,66,66,Competitive Positioning Statistics That Should Shape Your 2026 Plan,Statistics,competitive positioning
1,Digital Marketing Strategy Foundations,digital-marketing-strategy,67,67,What the Data Says About Brand Messaging Performance,Statistics,brand messaging
1,Digital Marketing Strategy Foundations,digital-marketing-strategy,68,68,"Marketing OKRs by the Numbers: Adoption, Cost and Outcomes",Statistics,marketing OKRs
1,Digital Marketing Strategy Foundations,digital-marketing-strategy,69,69,Attribution Model Trends Reshaping Marketing in 2026,Trends,attribution model
1,Digital Marketing Strategy Foundations,digital-marketing-strategy,70,70,"What Changed in Funnel Design This Year, and Why It Matters",Trends,funnel design
1,Digital Marketing Strategy Foundations,digital-marketing-strategy,71,71,Emerging Shifts in Buyer Persona Worth Watching,Trends,buyer persona
1,Digital Marketing Strategy Foundations,digital-marketing-strategy,72,72,Where Value Proposition Is Heading Next: A Considered Forecast,Predictions,value proposition
1,Digital Marketing Strategy Foundations,digital-marketing-strategy,73,73,"Go-To-Market Plan in Three Years: Reasonable Predictions, Not Hype",Predictions,go-to-market plan
1,Digital Marketing Strategy Foundations,digital-marketing-strategy,74,74,Preparing Growth Loop for the Post-Search Era,Predictions,growth loop
1,Digital Marketing Strategy Foundations,digital-marketing-strategy,75,75,What Is a Good Marketing Audit Benchmark? Numbers by Industry,Benchmarks,marketing audit
1,Digital Marketing Strategy Foundations,digital-marketing-strategy,76,76,Campaign Calendar Benchmarks: How to Tell Good From Average,Benchmarks,campaign calendar
1,Digital Marketing Strategy Foundations,digital-marketing-strategy,77,77,Setting Realistic Media Plan Targets Your Team Can Hit,Benchmarks,media plan
1,Digital Marketing Strategy Foundations,digital-marketing-strategy,78,78,North Star Metric for Financial Services Companies: What Is Different,Industry-specific,North Star metric
1,Digital Marketing Strategy Foundations,digital-marketing-strategy,79,79,Applying Demand Generation in Travel: Constraints and Opportunities,Industry-specific,demand generation
1,Digital Marketing Strategy Foundations,digital-marketing-strategy,80,80,Fitness Full-Funnel Strategy: A Sector-Specific Playbook,Industry-specific,full-funnel strategy
1,Digital Marketing Strategy Foundations,digital-marketing-strategy,81,81,Why Standard Channel Mix Advice Fails in Professional Services,Industry-specific,channel mix
1,Digital Marketing Strategy Foundations,digital-marketing-strategy,82,82,Marketing Budget for Freelancers on a Tight Budget,Small business,marketing budget
1,Digital Marketing Strategy Foundations,digital-marketing-strategy,83,83,Practical Customer Journey Map When You Are the Entire Marketing Team,Small business,customer journey map
1,Digital Marketing Strategy Foundations,digital-marketing-strategy,84,84,"Marketing Roadmap for Small Businesses: Start Here, Skip the Rest",Small business,marketing roadmap
1,Digital Marketing Strategy Foundations,digital-marketing-strategy,85,85,"Quarterly Planning for Enterprise Teams: Governance, Scale and Sign-Off",Enterprise,quarterly planning
1,Digital Marketing Strategy Foundations,digital-marketing-strategy,86,86,Rolling Out Competitive Positioning Across Large Organisations Without Chaos,Enterprise,competitive positioning
1,Digital Marketing Strategy Foundations,digital-marketing-strategy,87,87,Enterprise Brand Messaging: Coordination Costs and How to Contain Them,Enterprise,brand messaging
1,Digital Marketing Strategy Foundations,digital-marketing-strategy,88,88,Marketing OKRs for Local Businesses in Emerging Markets,Local business,marketing OKRs
1,Digital Marketing Strategy Foundations,digital-marketing-strategy,89,89,"Adapting Attribution Model for Multilingual Markets: Language, Payments and Behaviour",Local business,attribution model
1,Digital Marketing Strategy Foundations,digital-marketing-strategy,90,90,Local-First Funnel Design: Winning Customers Within Ten Kilometres,Local business,funnel design
1,Digital Marketing Strategy Foundations,digital-marketing-strategy,91,91,Buyer Persona for B2B Teams With Long Sales Cycles,B2B,buyer persona
1,Digital Marketing Strategy Foundations,digital-marketing-strategy,92,92,How B2B Buying Committees Change Your Value Proposition Approach,B2B,value proposition
1,Digital Marketing Strategy Foundations,digital-marketing-strategy,93,93,"Go-To-Market Plan That Generates Pipeline, Not Just Traffic",B2B,go-to-market plan
1,Digital Marketing Strategy Foundations,digital-marketing-strategy,94,94,Growth Loop for B2C Brands Competing on Attention,B2C,growth loop
1,Digital Marketing Strategy Foundations,digital-marketing-strategy,95,95,High-Volume Marketing Audit for Consumer Brands,B2C,marketing audit
1,Digital Marketing Strategy Foundations,digital-marketing-strategy,96,96,"Campaign Calendar That Drives Repeat Purchases, Not One-Off Sales",B2C,campaign calendar
1,Digital Marketing Strategy Foundations,digital-marketing-strategy,97,97,Using AI to Improve Media Plan Without Losing Quality Control,AI-powered,media plan
1,Digital Marketing Strategy Foundations,digital-marketing-strategy,98,98,AI-Assisted North Star Metric: Where It Helps and Where It Hurts,AI-powered,North Star metric
1,Digital Marketing Strategy Foundations,digital-marketing-strategy,99,99,Can AI Agents Handle Demand Generation End to End?,AI-powered,demand generation
1,Digital Marketing Strategy Foundations,digital-marketing-strategy,100,100,How AI Search Is Changing Full-Funnel Strategy,AI-powered,full-funnel strategy
2,SEO Fundamentals and Search Strategy,seo-fundamentals,1,101,What Is Crawling and Indexing? A Beginner's Guide for SEO Basics,Beginner guide,crawling and indexing
2,SEO Fundamentals and Search Strategy,seo-fundamentals,2,102,Search Intent Explained: A Plain-English Introduction,Beginner guide,search intent
2,SEO Fundamentals and Search Strategy,seo-fundamentals,3,103,Getting Started With Ranking Factors: What Beginners Need to Know First,Beginner guide,ranking factors
2,SEO Fundamentals and Search Strategy,seo-fundamentals,4,104,SERP Features for Complete Beginners: Core Concepts and First Steps,Beginner guide,SERP features
2,SEO Fundamentals and Search Strategy,seo-fundamentals,5,105,Advanced Featured Snippets: Techniques Experienced Teams Actually Use,Advanced guide,featured snippets
2,SEO Fundamentals and Search Strategy,seo-fundamentals,6,106,Organic Traffic at Scale: What Changes Once You Outgrow the Basics,Advanced guide,organic traffic
2,SEO Fundamentals and Search Strategy,seo-fundamentals,7,107,Beyond the Basics: Sophisticated Keyword Cannibalisation Tactics That Still Work,Advanced guide,keyword cannibalisation
2,SEO Fundamentals and Search Strategy,seo-fundamentals,8,108,How to Improve Search Console Setup Without Increasing Your Budget,How-to,search console setup
2,SEO Fundamentals and Search Strategy,seo-fundamentals,9,109,How to Set Up Robots.txt Correctly the First Time,How-to,robots.txt
2,SEO Fundamentals and Search Strategy,seo-fundamentals,10,110,How to Fix XML Sitemaps When It Stops Delivering Results,How-to,XML sitemaps
2,SEO Fundamentals and Search Strategy,seo-fundamentals,11,111,How to Audit Your Canonical Tags in Under an Hour,How-to,canonical tags
2,SEO Fundamentals and Search Strategy,seo-fundamentals,12,112,Step-by-Step: Building Your First Index Bloat Workflow,Step-by-step tutorial,index bloat
2,SEO Fundamentals and Search Strategy,seo-fundamentals,13,113,"A Practical Walkthrough of E-E-A-T, From Setup to First Result",Step-by-step tutorial,E-E-A-T
2,SEO Fundamentals and Search Strategy,seo-fundamentals,14,114,Configuring Topical Authority in Screaming Frog: A Step-by-Step Tutorial,Step-by-step tutorial,topical authority
2,SEO Fundamentals and Search Strategy,seo-fundamentals,15,115,The Complete Guide to Semantic Search in 2026,Ultimate guide,semantic search
2,SEO Fundamentals and Search Strategy,seo-fundamentals,16,116,The Definitive Query Deserves Freshness Handbook for Modern Marketing Teams,Ultimate guide,query deserves freshness
2,SEO Fundamentals and Search Strategy,seo-fundamentals,17,117,Everything You Need to Know About People Also Ask,Ultimate guide,people also ask
2,SEO Fundamentals and Search Strategy,seo-fundamentals,18,118,The Zero-Click Search Checklist Every Team Should Run Before Launch,Checklist,zero-click search
2,SEO Fundamentals and Search Strategy,seo-fundamentals,19,119,A Pre-Launch SERP Volatility Checklist You Can Finish in One Sitting,Checklist,SERP volatility
2,SEO Fundamentals and Search Strategy,seo-fundamentals,20,120,Monthly Core Updates Maintenance Checklist for Busy Marketers,Checklist,core updates
2,SEO Fundamentals and Search Strategy,seo-fundamentals,21,121,A Reusable Crawling and Indexing Template You Can Adapt Today,Template,crawling and indexing
2,SEO Fundamentals and Search Strategy,seo-fundamentals,22,122,"Free Search Intent Framework: Structure, Fields and Worked Example",Template,search intent
2,SEO Fundamentals and Search Strategy,seo-fundamentals,23,123,The Ranking Factors Brief Template That Cuts Revision Cycles,Template,ranking factors
2,SEO Fundamentals and Search Strategy,seo-fundamentals,24,124,12 Real SERP Features Examples Worth Studying,Examples,SERP features
2,SEO Fundamentals and Search Strategy,seo-fundamentals,25,125,Featured Snippets Examples That Show What Good Actually Looks Like,Examples,featured snippets
2,SEO Fundamentals and Search Strategy,seo-fundamentals,26,126,Annotated Organic Traffic Examples: Why Each One Works,Examples,organic traffic
2,SEO Fundamentals and Search Strategy,seo-fundamentals,27,127,Case Study: How One Real Estate Brand Rebuilt Its Keyword Cannibalisation,Case study,keyword cannibalisation
2,SEO Fundamentals and Search Strategy,seo-fundamentals,28,128,Inside a Search Console Setup Turnaround: What Changed and What It Cost,Case study,search console setup
2,SEO Fundamentals and Search Strategy,seo-fundamentals,29,129,"A 90-Day Robots.txt Experiment: Method, Results and Lessons",Case study,robots.txt
2,SEO Fundamentals and Search Strategy,seo-fundamentals,30,130,Building a XML Sitemaps Strategy That Survives Algorithm Changes,Strategy,XML sitemaps
2,SEO Fundamentals and Search Strategy,seo-fundamentals,31,131,A Sustainable Canonical Tags Strategy for Teams With Limited Resources,Strategy,canonical tags
2,SEO Fundamentals and Search Strategy,seo-fundamentals,32,132,How to Prioritise Index Bloat When Everything Feels Urgent,Strategy,index bloat
2,SEO Fundamentals and Search Strategy,seo-fundamentals,33,133,The Strategic Case for Investing in E-E-A-T This Year,Strategy,E-E-A-T
2,SEO Fundamentals and Search Strategy,seo-fundamentals,34,134,Topical Authority Best Practices That Hold Up Under Scrutiny,Best practices,topical authority
2,SEO Fundamentals and Search Strategy,seo-fundamentals,35,135,Proven Semantic Search Principles for Consistent Results,Best practices,semantic search
2,SEO Fundamentals and Search Strategy,seo-fundamentals,36,136,What Disciplined Query Deserves Freshness Looks Like in Practice,Best practices,query deserves freshness
2,SEO Fundamentals and Search Strategy,seo-fundamentals,37,137,The People Also Ask Standards High-Performing Teams Enforce,Best practices,people also ask
2,SEO Fundamentals and Search Strategy,seo-fundamentals,38,138,Common Zero-Click Search Mistakes That Quietly Cost You Revenue,Mistakes to avoid,zero-click search
2,SEO Fundamentals and Search Strategy,seo-fundamentals,39,139,Seven SERP Volatility Errors Almost Every Team Makes Early On,Mistakes to avoid,SERP volatility
2,SEO Fundamentals and Search Strategy,seo-fundamentals,40,140,"Why Most Core Updates Efforts Stall, and How to Avoid It",Mistakes to avoid,core updates
2,SEO Fundamentals and Search Strategy,seo-fundamentals,41,141,Crawling and Indexing Anti-Patterns Worth Unlearning,Mistakes to avoid,crawling and indexing
2,SEO Fundamentals and Search Strategy,seo-fundamentals,42,142,Search Intent Not Working? A Diagnostic Guide,Problem/solution,search intent
2,SEO Fundamentals and Search Strategy,seo-fundamentals,43,143,"Troubleshooting Ranking Factors: Symptoms, Causes and Fixes",Problem/solution,ranking factors
2,SEO Fundamentals and Search Strategy,seo-fundamentals,44,144,What to Do When SERP Features Suddenly Drops,Problem/solution,SERP features
2,SEO Fundamentals and Search Strategy,seo-fundamentals,45,145,Fixing Broken Featured Snippets: A Systematic Approach,Problem/solution,featured snippets
2,SEO Fundamentals and Search Strategy,seo-fundamentals,46,146,"Organic Traffic: Frequently Asked Questions, Answered Directly",FAQ,organic traffic
2,SEO Fundamentals and Search Strategy,seo-fundamentals,47,147,Is Keyword Cannibalisation Worth the Investment? An Honest Assessment,FAQ,keyword cannibalisation
2,SEO Fundamentals and Search Strategy,seo-fundamentals,48,148,How Long Does Search Console Setup Take to Show Results?,FAQ,search console setup
2,SEO Fundamentals and Search Strategy,seo-fundamentals,49,149,Do You Actually Need Robots.txt? A Decision Guide,FAQ,robots.txt
2,SEO Fundamentals and Search Strategy,seo-fundamentals,50,150,XML Sitemaps vs Core Updates: Which Deserves Your Budget?,Comparison,XML sitemaps
2,SEO Fundamentals and Search Strategy,seo-fundamentals,51,151,"Comparing Canonical Tags and Search Intent: Strengths, Limits and Overlap",Comparison,canonical tags
2,SEO Fundamentals and Search Strategy,seo-fundamentals,52,152,Index Bloat or SERP Features? A Decision Framework for Marketing Teams,Comparison,index bloat
2,SEO Fundamentals and Search Strategy,seo-fundamentals,53,153,When to Choose E-E-A-T Over Organic Traffic,Comparison,E-E-A-T
2,SEO Fundamentals and Search Strategy,seo-fundamentals,54,154,Alternatives to Topical Authority: When It Is the Wrong Tool for the Job,Alternatives,topical authority
2,SEO Fundamentals and Search Strategy,seo-fundamentals,55,155,What to Use Instead of Semantic Search for Constrained Teams,Alternatives,semantic search
2,SEO Fundamentals and Search Strategy,seo-fundamentals,56,156,Rethinking Query Deserves Freshness: Three Credible Alternatives,Alternatives,query deserves freshness
2,SEO Fundamentals and Search Strategy,seo-fundamentals,57,157,"The Best Tools for People Also Ask, Compared Honestly",Tools comparison,people also ask
2,SEO Fundamentals and Search Strategy,seo-fundamentals,58,158,"Semrush for Zero-Click Search: Capabilities, Gaps and Fit",Tools comparison,zero-click search
2,SEO Fundamentals and Search Strategy,seo-fundamentals,59,159,Choosing SERP Volatility Software: Evaluation Criteria That Matter,Tools comparison,SERP volatility
2,SEO Fundamentals and Search Strategy,seo-fundamentals,60,160,How Much Does Core Updates Really Cost in 2026?,Pricing,core updates
2,SEO Fundamentals and Search Strategy,seo-fundamentals,61,161,Crawling and Indexing Pricing Explained: What Drives the Bill,Pricing,crawling and indexing
2,SEO Fundamentals and Search Strategy,seo-fundamentals,62,162,Budgeting for Search Intent: Realistic Numbers by Company Size,Pricing,search intent
2,SEO Fundamentals and Search Strategy,seo-fundamentals,63,163,Measuring the ROI of Ranking Factors Without Guesswork,ROI,ranking factors
2,SEO Fundamentals and Search Strategy,seo-fundamentals,64,164,Does SERP Features Pay for Itself? A Calculation Method,ROI,SERP features
2,SEO Fundamentals and Search Strategy,seo-fundamentals,65,165,Proving the Business Value of Featured Snippets to Finance,ROI,featured snippets
2,SEO Fundamentals and Search Strategy,seo-fundamentals,66,166,Organic Traffic Statistics That Should Shape Your 2026 Plan,Statistics,organic traffic
2,SEO Fundamentals and Search Strategy,seo-fundamentals,67,167,What the Data Says About Keyword Cannibalisation Performance,Statistics,keyword cannibalisation
2,SEO Fundamentals and Search Strategy,seo-fundamentals,68,168,"Search Console Setup by the Numbers: Adoption, Cost and Outcomes",Statistics,search console setup
2,SEO Fundamentals and Search Strategy,seo-fundamentals,69,169,Robots.txt Trends Reshaping Marketing in 2026,Trends,robots.txt
2,SEO Fundamentals and Search Strategy,seo-fundamentals,70,170,"What Changed in XML Sitemaps This Year, and Why It Matters",Trends,XML sitemaps
2,SEO Fundamentals and Search Strategy,seo-fundamentals,71,171,Emerging Shifts in Canonical Tags Worth Watching,Trends,canonical tags
2,SEO Fundamentals and Search Strategy,seo-fundamentals,72,172,Where Index Bloat Is Heading Next: A Considered Forecast,Predictions,index bloat
2,SEO Fundamentals and Search Strategy,seo-fundamentals,73,173,"E-E-A-T in Three Years: Reasonable Predictions, Not Hype",Predictions,E-E-A-T
2,SEO Fundamentals and Search Strategy,seo-fundamentals,74,174,Preparing Topical Authority for the Post-Search Era,Predictions,topical authority
2,SEO Fundamentals and Search Strategy,seo-fundamentals,75,175,What Is a Good Semantic Search Benchmark? Numbers by Industry,Benchmarks,semantic search
2,SEO Fundamentals and Search Strategy,seo-fundamentals,76,176,Query Deserves Freshness Benchmarks: How to Tell Good From Average,Benchmarks,query deserves freshness
2,SEO Fundamentals and Search Strategy,seo-fundamentals,77,177,Setting Realistic People Also Ask Targets Your Team Can Hit,Benchmarks,people also ask
2,SEO Fundamentals and Search Strategy,seo-fundamentals,78,178,Zero-Click Search for Travel Companies: What Is Different,Industry-specific,zero-click search
2,SEO Fundamentals and Search Strategy,seo-fundamentals,79,179,Applying SERP Volatility in Fitness: Constraints and Opportunities,Industry-specific,SERP volatility
2,SEO Fundamentals and Search Strategy,seo-fundamentals,80,180,Professional Services Core Updates: A Sector-Specific Playbook,Industry-specific,core updates
2,SEO Fundamentals and Search Strategy,seo-fundamentals,81,181,Why Standard Crawling and Indexing Advice Fails in Logistics,Industry-specific,crawling and indexing
2,SEO Fundamentals and Search Strategy,seo-fundamentals,82,182,Search Intent for Family Businesses on a Tight Budget,Small business,search intent
2,SEO Fundamentals and Search Strategy,seo-fundamentals,83,183,Practical Ranking Factors When You Are the Entire Marketing Team,Small business,ranking factors
2,SEO Fundamentals and Search Strategy,seo-fundamentals,84,184,"SERP Features for Solo Founders: Start Here, Skip the Rest",Small business,SERP features
2,SEO Fundamentals and Search Strategy,seo-fundamentals,85,185,"Featured Snippets for Large Organisations: Governance, Scale and Sign-Off",Enterprise,featured snippets
2,SEO Fundamentals and Search Strategy,seo-fundamentals,86,186,Rolling Out Organic Traffic Across Multi-Brand Groups Without Chaos,Enterprise,organic traffic
2,SEO Fundamentals and Search Strategy,seo-fundamentals,87,187,Enterprise Keyword Cannibalisation: Coordination Costs and How to Contain Them,Enterprise,keyword cannibalisation
2,SEO Fundamentals and Search Strategy,seo-fundamentals,88,188,Search Console Setup for Local Businesses in Multilingual Markets,Local business,search console setup
2,SEO Fundamentals and Search Strategy,seo-fundamentals,89,189,"Adapting Robots.txt for Nepal: Language, Payments and Behaviour",Local business,robots.txt
2,SEO Fundamentals and Search Strategy,seo-fundamentals,90,190,Local-First XML Sitemaps: Winning Customers Within Ten Kilometres,Local business,XML sitemaps
2,SEO Fundamentals and Search Strategy,seo-fundamentals,91,191,Canonical Tags for B2B Teams With Long Sales Cycles,B2B,canonical tags
2,SEO Fundamentals and Search Strategy,seo-fundamentals,92,192,How B2B Buying Committees Change Your Index Bloat Approach,B2B,index bloat
2,SEO Fundamentals and Search Strategy,seo-fundamentals,93,193,"E-E-A-T That Generates Pipeline, Not Just Traffic",B2B,E-E-A-T
2,SEO Fundamentals and Search Strategy,seo-fundamentals,94,194,Topical Authority for B2C Brands Competing on Attention,B2C,topical authority
2,SEO Fundamentals and Search Strategy,seo-fundamentals,95,195,High-Volume Semantic Search for Consumer Brands,B2C,semantic search
2,SEO Fundamentals and Search Strategy,seo-fundamentals,96,196,"Query Deserves Freshness That Drives Repeat Purchases, Not One-Off Sales",B2C,query deserves freshness
2,SEO Fundamentals and Search Strategy,seo-fundamentals,97,197,Using AI to Improve People Also Ask Without Losing Quality Control,AI-powered,people also ask
2,SEO Fundamentals and Search Strategy,seo-fundamentals,98,198,AI-Assisted Zero-Click Search: Where It Helps and Where It Hurts,AI-powered,zero-click search
2,SEO Fundamentals and Search Strategy,seo-fundamentals,99,199,Can AI Agents Handle SERP Volatility End to End?,AI-powered,SERP volatility
2,SEO Fundamentals and Search Strategy,seo-fundamentals,100,200,How AI Search Is Changing Core Updates,AI-powered,core updates
3,Technical SEO and Site Architecture,technical-seo,1,201,What Is Core Web Vitals? A Beginner's Guide for Technical SEO,Beginner guide,Core Web Vitals
3,Technical SEO and Site Architecture,technical-seo,2,202,Largest Contentful Paint Explained: A Plain-English Introduction,Beginner guide,Largest Contentful Paint
3,Technical SEO and Site Architecture,technical-seo,3,203,Getting Started With Cumulative Layout Shift: What Beginners Need to Know First,Beginner guide,Cumulative Layout Shift
3,Technical SEO and Site Architecture,technical-seo,4,204,Interaction to Next Paint for Complete Beginners: Core Concepts and First Steps,Beginner guide,Interaction to Next Paint
3,Technical SEO and Site Architecture,technical-seo,5,205,Advanced JavaScript Rendering: Techniques Experienced Teams Actually Use,Advanced guide,JavaScript rendering
3,Technical SEO and Site Architecture,technical-seo,6,206,Server-Side Rendering at Scale: What Changes Once You Outgrow the Basics,Advanced guide,server-side rendering
3,Technical SEO and Site Architecture,technical-seo,7,207,Beyond the Basics: Sophisticated Structured Data Markup Tactics That Still Work,Advanced guide,structured data markup
3,Technical SEO and Site Architecture,technical-seo,8,208,How to Improve Schema.org Types Without Increasing Your Budget,How-to,schema.org types
3,Technical SEO and Site Architecture,technical-seo,9,209,How to Set Up Log File Analysis Correctly the First Time,How-to,log file analysis
3,Technical SEO and Site Architecture,technical-seo,10,210,How to Fix Crawl Budget When It Stops Delivering Results,How-to,crawl budget
3,Technical SEO and Site Architecture,technical-seo,11,211,How to Audit Your Hreflang in Under an Hour,How-to,hreflang
3,Technical SEO and Site Architecture,technical-seo,12,212,Step-by-Step: Building Your First 301 Redirects Workflow,Step-by-step tutorial,301 redirects
3,Technical SEO and Site Architecture,technical-seo,13,213,"A Practical Walkthrough of Soft 404s, From Setup to First Result",Step-by-step tutorial,soft 404s
3,Technical SEO and Site Architecture,technical-seo,14,214,Configuring Pagination in Lighthouse: A Step-by-Step Tutorial,Step-by-step tutorial,pagination
3,Technical SEO and Site Architecture,technical-seo,15,215,The Complete Guide to Faceted Navigation in 2026,Ultimate guide,faceted navigation
3,Technical SEO and Site Architecture,technical-seo,16,216,The Definitive Site Architecture Handbook for Modern Marketing Teams,Ultimate guide,site architecture
3,Technical SEO and Site Architecture,technical-seo,17,217,Everything You Need to Know About Internal Link Graph,Ultimate guide,internal link graph
3,Technical SEO and Site Architecture,technical-seo,18,218,The Image Optimisation Checklist Every Team Should Run Before Launch,Checklist,image optimisation
3,Technical SEO and Site Architecture,technical-seo,19,219,A Pre-Launch Lazy Loading Checklist You Can Finish in One Sitting,Checklist,lazy loading
3,Technical SEO and Site Architecture,technical-seo,20,220,Monthly Llms.txt Maintenance Checklist for Busy Marketers,Checklist,llms.txt
3,Technical SEO and Site Architecture,technical-seo,21,221,A Reusable AI Crawler Access Template You Can Adapt Today,Template,AI crawler access
3,Technical SEO and Site Architecture,technical-seo,22,222,"Free Edge Caching Framework: Structure, Fields and Worked Example",Template,edge caching
3,Technical SEO and Site Architecture,technical-seo,23,223,The HTTP Status Codes Brief Template That Cuts Revision Cycles,Template,HTTP status codes
3,Technical SEO and Site Architecture,technical-seo,24,224,12 Real Mobile-First Indexing Examples Worth Studying,Examples,mobile-first indexing
3,Technical SEO and Site Architecture,technical-seo,25,225,Core Web Vitals Examples That Show What Good Actually Looks Like,Examples,Core Web Vitals
3,Technical SEO and Site Architecture,technical-seo,26,226,Annotated Largest Contentful Paint Examples: Why Each One Works,Examples,Largest Contentful Paint
3,Technical SEO and Site Architecture,technical-seo,27,227,Case Study: How One Hospitality Brand Rebuilt Its Cumulative Layout Shift,Case study,Cumulative Layout Shift
3,Technical SEO and Site Architecture,technical-seo,28,228,Inside a Interaction to Next Paint Turnaround: What Changed and What It Cost,Case study,Interaction to Next Paint
3,Technical SEO and Site Architecture,technical-seo,29,229,"A 90-Day JavaScript Rendering Experiment: Method, Results and Lessons",Case study,JavaScript rendering
3,Technical SEO and Site Architecture,technical-seo,30,230,Building a Server-Side Rendering Strategy That Survives Algorithm Changes,Strategy,server-side rendering
3,Technical SEO and Site Architecture,technical-seo,31,231,A Sustainable Structured Data Markup Strategy for Teams With Limited Resources,Strategy,structured data markup
3,Technical SEO and Site Architecture,technical-seo,32,232,How to Prioritise Schema.org Types When Everything Feels Urgent,Strategy,schema.org types
3,Technical SEO and Site Architecture,technical-seo,33,233,The Strategic Case for Investing in Log File Analysis This Year,Strategy,log file analysis
3,Technical SEO and Site Architecture,technical-seo,34,234,Crawl Budget Best Practices That Hold Up Under Scrutiny,Best practices,crawl budget
3,Technical SEO and Site Architecture,technical-seo,35,235,Proven Hreflang Principles for Consistent Results,Best practices,hreflang
3,Technical SEO and Site Architecture,technical-seo,36,236,What Disciplined 301 Redirects Looks Like in Practice,Best practices,301 redirects
3,Technical SEO and Site Architecture,technical-seo,37,237,The Soft 404s Standards High-Performing Teams Enforce,Best practices,soft 404s
3,Technical SEO and Site Architecture,technical-seo,38,238,Common Pagination Mistakes That Quietly Cost You Revenue,Mistakes to avoid,pagination
3,Technical SEO and Site Architecture,technical-seo,39,239,Seven Faceted Navigation Errors Almost Every Team Makes Early On,Mistakes to avoid,faceted navigation
3,Technical SEO and Site Architecture,technical-seo,40,240,"Why Most Site Architecture Efforts Stall, and How to Avoid It",Mistakes to avoid,site architecture
3,Technical SEO and Site Architecture,technical-seo,41,241,Internal Link Graph Anti-Patterns Worth Unlearning,Mistakes to avoid,internal link graph
3,Technical SEO and Site Architecture,technical-seo,42,242,Image Optimisation Not Working? A Diagnostic Guide,Problem/solution,image optimisation
3,Technical SEO and Site Architecture,technical-seo,43,243,"Troubleshooting Lazy Loading: Symptoms, Causes and Fixes",Problem/solution,lazy loading
3,Technical SEO and Site Architecture,technical-seo,44,244,What to Do When Llms.txt Suddenly Drops,Problem/solution,llms.txt
3,Technical SEO and Site Architecture,technical-seo,45,245,Fixing Broken AI Crawler Access: A Systematic Approach,Problem/solution,AI crawler access
3,Technical SEO and Site Architecture,technical-seo,46,246,"Edge Caching: Frequently Asked Questions, Answered Directly",FAQ,edge caching
3,Technical SEO and Site Architecture,technical-seo,47,247,Is HTTP Status Codes Worth the Investment? An Honest Assessment,FAQ,HTTP status codes
3,Technical SEO and Site Architecture,technical-seo,48,248,How Long Does Mobile-First Indexing Take to Show Results?,FAQ,mobile-first indexing
3,Technical SEO and Site Architecture,technical-seo,49,249,Do You Actually Need Core Web Vitals? A Decision Guide,FAQ,Core Web Vitals
3,Technical SEO and Site Architecture,technical-seo,50,250,Largest Contentful Paint vs Interaction to Next Paint: Which Deserves Your Budget?,Comparison,Largest Contentful Paint
3,Technical SEO and Site Architecture,technical-seo,51,251,"Comparing Cumulative Layout Shift and Server-Side Rendering: Strengths, Limits and Overlap",Comparison,Cumulative Layout Shift
3,Technical SEO and Site Architecture,technical-seo,52,252,Interaction to Next Paint or Schema.org Types? A Decision Framework for Marketing Teams,Comparison,Interaction to Next Paint
3,Technical SEO and Site Architecture,technical-seo,53,253,When to Choose JavaScript Rendering Over Crawl Budget,Comparison,JavaScript rendering
3,Technical SEO and Site Architecture,technical-seo,54,254,Alternatives to Server-Side Rendering: When It Is the Wrong Tool for the Job,Alternatives,server-side rendering
3,Technical SEO and Site Architecture,technical-seo,55,255,What to Use Instead of Structured Data Markup for Constrained Teams,Alternatives,structured data markup
3,Technical SEO and Site Architecture,technical-seo,56,256,Rethinking Schema.org Types: Three Credible Alternatives,Alternatives,schema.org types
3,Technical SEO and Site Architecture,technical-seo,57,257,"The Best Tools for Log File Analysis, Compared Honestly",Tools comparison,log file analysis
3,Technical SEO and Site Architecture,technical-seo,58,258,"Cloudflare for Crawl Budget: Capabilities, Gaps and Fit",Tools comparison,crawl budget
3,Technical SEO and Site Architecture,technical-seo,59,259,Choosing Hreflang Software: Evaluation Criteria That Matter,Tools comparison,hreflang
3,Technical SEO and Site Architecture,technical-seo,60,260,How Much Does 301 Redirects Really Cost in 2026?,Pricing,301 redirects
3,Technical SEO and Site Architecture,technical-seo,61,261,Soft 404s Pricing Explained: What Drives the Bill,Pricing,soft 404s
3,Technical SEO and Site Architecture,technical-seo,62,262,Budgeting for Pagination: Realistic Numbers by Company Size,Pricing,pagination
3,Technical SEO and Site Architecture,technical-seo,63,263,Measuring the ROI of Faceted Navigation Without Guesswork,ROI,faceted navigation
3,Technical SEO and Site Architecture,technical-seo,64,264,Does Site Architecture Pay for Itself? A Calculation Method,ROI,site architecture
3,Technical SEO and Site Architecture,technical-seo,65,265,Proving the Business Value of Internal Link Graph to Finance,ROI,internal link graph
3,Technical SEO and Site Architecture,technical-seo,66,266,Image Optimisation Statistics That Should Shape Your 2026 Plan,Statistics,image optimisation
3,Technical SEO and Site Architecture,technical-seo,67,267,What the Data Says About Lazy Loading Performance,Statistics,lazy loading
3,Technical SEO and Site Architecture,technical-seo,68,268,"Llms.txt by the Numbers: Adoption, Cost and Outcomes",Statistics,llms.txt
3,Technical SEO and Site Architecture,technical-seo,69,269,AI Crawler Access Trends Reshaping Marketing in 2026,Trends,AI crawler access
3,Technical SEO and Site Architecture,technical-seo,70,270,"What Changed in Edge Caching This Year, and Why It Matters",Trends,edge caching
3,Technical SEO and Site Architecture,technical-seo,71,271,Emerging Shifts in HTTP Status Codes Worth Watching,Trends,HTTP status codes
3,Technical SEO and Site Architecture,technical-seo,72,272,Where Mobile-First Indexing Is Heading Next: A Considered Forecast,Predictions,mobile-first indexing
3,Technical SEO and Site Architecture,technical-seo,73,273,"Core Web Vitals in Three Years: Reasonable Predictions, Not Hype",Predictions,Core Web Vitals
3,Technical SEO and Site Architecture,technical-seo,74,274,Preparing Largest Contentful Paint for the Post-Search Era,Predictions,Largest Contentful Paint
3,Technical SEO and Site Architecture,technical-seo,75,275,What Is a Good Cumulative Layout Shift Benchmark? Numbers by Industry,Benchmarks,Cumulative Layout Shift
3,Technical SEO and Site Architecture,technical-seo,76,276,Interaction to Next Paint Benchmarks: How to Tell Good From Average,Benchmarks,Interaction to Next Paint
3,Technical SEO and Site Architecture,technical-seo,77,277,Setting Realistic JavaScript Rendering Targets Your Team Can Hit,Benchmarks,JavaScript rendering
3,Technical SEO and Site Architecture,technical-seo,78,278,Server-Side Rendering for Fitness Companies: What Is Different,Industry-specific,server-side rendering
3,Technical SEO and Site Architecture,technical-seo,79,279,Applying Structured Data Markup in Professional Services: Constraints and Opportunities,Industry-specific,structured data markup
3,Technical SEO and Site Architecture,technical-seo,80,280,Logistics Schema.org Types: A Sector-Specific Playbook,Industry-specific,schema.org types
3,Technical SEO and Site Architecture,technical-seo,81,281,Why Standard Log File Analysis Advice Fails in Retail,Industry-specific,log file analysis
3,Technical SEO and Site Architecture,technical-seo,82,282,Crawl Budget for Small Businesses on a Tight Budget,Small business,crawl budget
3,Technical SEO and Site Architecture,technical-seo,83,283,Practical Hreflang When You Are the Entire Marketing Team,Small business,hreflang
3,Technical SEO and Site Architecture,technical-seo,84,284,"301 Redirects for Local Shops: Start Here, Skip the Rest",Small business,301 redirects
3,Technical SEO and Site Architecture,technical-seo,85,285,"Soft 404s for Multi-Brand Groups: Governance, Scale and Sign-Off",Enterprise,soft 404s
3,Technical SEO and Site Architecture,technical-seo,86,286,Rolling Out Pagination Across Global Teams Without Chaos,Enterprise,pagination
3,Technical SEO and Site Architecture,technical-seo,87,287,Enterprise Faceted Navigation: Coordination Costs and How to Contain Them,Enterprise,faceted navigation
3,Technical SEO and Site Architecture,technical-seo,88,288,Site Architecture for Local Businesses in Nepal,Local business,site architecture
3,Technical SEO and Site Architecture,technical-seo,89,289,"Adapting Internal Link Graph for Kathmandu: Language, Payments and Behaviour",Local business,internal link graph
3,Technical SEO and Site Architecture,technical-seo,90,290,Local-First Image Optimisation: Winning Customers Within Ten Kilometres,Local business,image optimisation
3,Technical SEO and Site Architecture,technical-seo,91,291,Lazy Loading for B2B Teams With Long Sales Cycles,B2B,lazy loading
3,Technical SEO and Site Architecture,technical-seo,92,292,How B2B Buying Committees Change Your Llms.txt Approach,B2B,llms.txt
3,Technical SEO and Site Architecture,technical-seo,93,293,"AI Crawler Access That Generates Pipeline, Not Just Traffic",B2B,AI crawler access
3,Technical SEO and Site Architecture,technical-seo,94,294,Edge Caching for B2C Brands Competing on Attention,B2C,edge caching
3,Technical SEO and Site Architecture,technical-seo,95,295,High-Volume HTTP Status Codes for Consumer Brands,B2C,HTTP status codes
3,Technical SEO and Site Architecture,technical-seo,96,296,"Mobile-First Indexing That Drives Repeat Purchases, Not One-Off Sales",B2C,mobile-first indexing
3,Technical SEO and Site Architecture,technical-seo,97,297,Using AI to Improve Core Web Vitals Without Losing Quality Control,AI-powered,Core Web Vitals
3,Technical SEO and Site Architecture,technical-seo,98,298,AI-Assisted Largest Contentful Paint: Where It Helps and Where It Hurts,AI-powered,Largest Contentful Paint
3,Technical SEO and Site Architecture,technical-seo,99,299,Can AI Agents Handle Cumulative Layout Shift End to End?,AI-powered,Cumulative Layout Shift
3,Technical SEO and Site Architecture,technical-seo,100,300,How AI Search Is Changing Interaction to Next Paint,AI-powered,Interaction to Next Paint
4,On-Page SEO and Content Optimization,on-page-seo,1,301,What Is Title Tags? A Beginner's Guide for On-Page SEO,Beginner guide,title tags
4,On-Page SEO and Content Optimization,on-page-seo,2,302,Meta Descriptions Explained: A Plain-English Introduction,Beginner guide,meta descriptions
4,On-Page SEO and Content Optimization,on-page-seo,3,303,Getting Started With H1 Hierarchy: What Beginners Need to Know First,Beginner guide,H1 hierarchy
4,On-Page SEO and Content Optimization,on-page-seo,4,304,Internal Linking for Complete Beginners: Core Concepts and First Steps,Beginner guide,internal linking
4,On-Page SEO and Content Optimization,on-page-seo,5,305,Advanced Anchor Text: Techniques Experienced Teams Actually Use,Advanced guide,anchor text
4,On-Page SEO and Content Optimization,on-page-seo,6,306,Image Alt Text at Scale: What Changes Once You Outgrow the Basics,Advanced guide,image alt text
4,On-Page SEO and Content Optimization,on-page-seo,7,307,Beyond the Basics: Sophisticated URL Structure Tactics That Still Work,Advanced guide,URL structure
4,On-Page SEO and Content Optimization,on-page-seo,8,308,How to Improve Content Depth Without Increasing Your Budget,How-to,content depth
4,On-Page SEO and Content Optimization,on-page-seo,9,309,How to Set Up Entity Coverage Correctly the First Time,How-to,entity coverage
4,On-Page SEO and Content Optimization,on-page-seo,10,310,How to Fix Semantic HTML When It Stops Delivering Results,How-to,semantic HTML
4,On-Page SEO and Content Optimization,on-page-seo,11,311,How to Audit Your Table of Contents in Under an Hour,How-to,table of contents
4,On-Page SEO and Content Optimization,on-page-seo,12,312,Step-by-Step: Building Your First FAQ Schema Workflow,Step-by-step tutorial,FAQ schema
4,On-Page SEO and Content Optimization,on-page-seo,13,313,"A Practical Walkthrough of Readability Score, From Setup to First Result",Step-by-step tutorial,readability score
4,On-Page SEO and Content Optimization,on-page-seo,14,314,Configuring Keyword Placement in RankMath: A Step-by-Step Tutorial,Step-by-step tutorial,keyword placement
4,On-Page SEO and Content Optimization,on-page-seo,15,315,The Complete Guide to Content Refresh in 2026,Ultimate guide,content refresh
4,On-Page SEO and Content Optimization,on-page-seo,16,316,The Definitive Snippet Optimisation Handbook for Modern Marketing Teams,Ultimate guide,snippet optimisation
4,On-Page SEO and Content Optimization,on-page-seo,17,317,Everything You Need to Know About Passage Ranking,Ultimate guide,passage ranking
4,On-Page SEO and Content Optimization,on-page-seo,18,318,The Content Pruning Checklist Every Team Should Run Before Launch,Checklist,content pruning
4,On-Page SEO and Content Optimization,on-page-seo,19,319,A Pre-Launch Orphan Pages Checklist You Can Finish in One Sitting,Checklist,orphan pages
4,On-Page SEO and Content Optimization,on-page-seo,20,320,Monthly Topic Clusters Maintenance Checklist for Busy Marketers,Checklist,topic clusters
4,On-Page SEO and Content Optimization,on-page-seo,21,321,A Reusable Title Tags Template You Can Adapt Today,Template,title tags
4,On-Page SEO and Content Optimization,on-page-seo,22,322,"Free Meta Descriptions Framework: Structure, Fields and Worked Example",Template,meta descriptions
4,On-Page SEO and Content Optimization,on-page-seo,23,323,The H1 Hierarchy Brief Template That Cuts Revision Cycles,Template,H1 hierarchy
4,On-Page SEO and Content Optimization,on-page-seo,24,324,12 Real Internal Linking Examples Worth Studying,Examples,internal linking
4,On-Page SEO and Content Optimization,on-page-seo,25,325,Anchor Text Examples That Show What Good Actually Looks Like,Examples,anchor text
4,On-Page SEO and Content Optimization,on-page-seo,26,326,Annotated Image Alt Text Examples: Why Each One Works,Examples,image alt text
4,On-Page SEO and Content Optimization,on-page-seo,27,327,Case Study: How One Financial Services Brand Rebuilt Its URL Structure,Case study,URL structure
4,On-Page SEO and Content Optimization,on-page-seo,28,328,Inside a Content Depth Turnaround: What Changed and What It Cost,Case study,content depth
4,On-Page SEO and Content Optimization,on-page-seo,29,329,"A 90-Day Entity Coverage Experiment: Method, Results and Lessons",Case study,entity coverage
4,On-Page SEO and Content Optimization,on-page-seo,30,330,Building a Semantic HTML Strategy That Survives Algorithm Changes,Strategy,semantic HTML
4,On-Page SEO and Content Optimization,on-page-seo,31,331,A Sustainable Table of Contents Strategy for Teams With Limited Resources,Strategy,table of contents
4,On-Page SEO and Content Optimization,on-page-seo,32,332,How to Prioritise FAQ Schema When Everything Feels Urgent,Strategy,FAQ schema
4,On-Page SEO and Content Optimization,on-page-seo,33,333,The Strategic Case for Investing in Readability Score This Year,Strategy,readability score
4,On-Page SEO and Content Optimization,on-page-seo,34,334,Keyword Placement Best Practices That Hold Up Under Scrutiny,Best practices,keyword placement
4,On-Page SEO and Content Optimization,on-page-seo,35,335,Proven Content Refresh Principles for Consistent Results,Best practices,content refresh
4,On-Page SEO and Content Optimization,on-page-seo,36,336,What Disciplined Snippet Optimisation Looks Like in Practice,Best practices,snippet optimisation
4,On-Page SEO and Content Optimization,on-page-seo,37,337,The Passage Ranking Standards High-Performing Teams Enforce,Best practices,passage ranking
4,On-Page SEO and Content Optimization,on-page-seo,38,338,Common Content Pruning Mistakes That Quietly Cost You Revenue,Mistakes to avoid,content pruning
4,On-Page SEO and Content Optimization,on-page-seo,39,339,Seven Orphan Pages Errors Almost Every Team Makes Early On,Mistakes to avoid,orphan pages
4,On-Page SEO and Content Optimization,on-page-seo,40,340,"Why Most Topic Clusters Efforts Stall, and How to Avoid It",Mistakes to avoid,topic clusters
4,On-Page SEO and Content Optimization,on-page-seo,41,341,Title Tags Anti-Patterns Worth Unlearning,Mistakes to avoid,title tags
4,On-Page SEO and Content Optimization,on-page-seo,42,342,Meta Descriptions Not Working? A Diagnostic Guide,Problem/solution,meta descriptions
4,On-Page SEO and Content Optimization,on-page-seo,43,343,"Troubleshooting H1 Hierarchy: Symptoms, Causes and Fixes",Problem/solution,H1 hierarchy
4,On-Page SEO and Content Optimization,on-page-seo,44,344,What to Do When Internal Linking Suddenly Drops,Problem/solution,internal linking
4,On-Page SEO and Content Optimization,on-page-seo,45,345,Fixing Broken Anchor Text: A Systematic Approach,Problem/solution,anchor text
4,On-Page SEO and Content Optimization,on-page-seo,46,346,"Image Alt Text: Frequently Asked Questions, Answered Directly",FAQ,image alt text
4,On-Page SEO and Content Optimization,on-page-seo,47,347,Is URL Structure Worth the Investment? An Honest Assessment,FAQ,URL structure
4,On-Page SEO and Content Optimization,on-page-seo,48,348,How Long Does Content Depth Take to Show Results?,FAQ,content depth
4,On-Page SEO and Content Optimization,on-page-seo,49,349,Do You Actually Need Entity Coverage? A Decision Guide,FAQ,entity coverage
4,On-Page SEO and Content Optimization,on-page-seo,50,350,Semantic HTML vs Topic Clusters: Which Deserves Your Budget?,Comparison,semantic HTML
4,On-Page SEO and Content Optimization,on-page-seo,51,351,"Comparing Table of Contents and Meta Descriptions: Strengths, Limits and Overlap",Comparison,table of contents
4,On-Page SEO and Content Optimization,on-page-seo,52,352,FAQ Schema or Internal Linking? A Decision Framework for Marketing Teams,Comparison,FAQ schema
4,On-Page SEO and Content Optimization,on-page-seo,53,353,When to Choose Readability Score Over Image Alt Text,Comparison,readability score
4,On-Page SEO and Content Optimization,on-page-seo,54,354,Alternatives to Keyword Placement: When It Is the Wrong Tool for the Job,Alternatives,keyword placement
4,On-Page SEO and Content Optimization,on-page-seo,55,355,What to Use Instead of Content Refresh for Constrained Teams,Alternatives,content refresh
4,On-Page SEO and Content Optimization,on-page-seo,56,356,Rethinking Snippet Optimisation: Three Credible Alternatives,Alternatives,snippet optimisation
4,On-Page SEO and Content Optimization,on-page-seo,57,357,"The Best Tools for Passage Ranking, Compared Honestly",Tools comparison,passage ranking
4,On-Page SEO and Content Optimization,on-page-seo,58,358,"Yoast for Content Pruning: Capabilities, Gaps and Fit",Tools comparison,content pruning
4,On-Page SEO and Content Optimization,on-page-seo,59,359,Choosing Orphan Pages Software: Evaluation Criteria That Matter,Tools comparison,orphan pages
4,On-Page SEO and Content Optimization,on-page-seo,60,360,How Much Does Topic Clusters Really Cost in 2026?,Pricing,topic clusters
4,On-Page SEO and Content Optimization,on-page-seo,61,361,Title Tags Pricing Explained: What Drives the Bill,Pricing,title tags
4,On-Page SEO and Content Optimization,on-page-seo,62,362,Budgeting for Meta Descriptions: Realistic Numbers by Company Size,Pricing,meta descriptions
4,On-Page SEO and Content Optimization,on-page-seo,63,363,Measuring the ROI of H1 Hierarchy Without Guesswork,ROI,H1 hierarchy
4,On-Page SEO and Content Optimization,on-page-seo,64,364,Does Internal Linking Pay for Itself? A Calculation Method,ROI,internal linking
4,On-Page SEO and Content Optimization,on-page-seo,65,365,Proving the Business Value of Anchor Text to Finance,ROI,anchor text
4,On-Page SEO and Content Optimization,on-page-seo,66,366,Image Alt Text Statistics That Should Shape Your 2026 Plan,Statistics,image alt text
4,On-Page SEO and Content Optimization,on-page-seo,67,367,What the Data Says About URL Structure Performance,Statistics,URL structure
4,On-Page SEO and Content Optimization,on-page-seo,68,368,"Content Depth by the Numbers: Adoption, Cost and Outcomes",Statistics,content depth
4,On-Page SEO and Content Optimization,on-page-seo,69,369,Entity Coverage Trends Reshaping Marketing in 2026,Trends,entity coverage
4,On-Page SEO and Content Optimization,on-page-seo,70,370,"What Changed in Semantic HTML This Year, and Why It Matters",Trends,semantic HTML
4,On-Page SEO and Content Optimization,on-page-seo,71,371,Emerging Shifts in Table of Contents Worth Watching,Trends,table of contents
4,On-Page SEO and Content Optimization,on-page-seo,72,372,Where FAQ Schema Is Heading Next: A Considered Forecast,Predictions,FAQ schema
4,On-Page SEO and Content Optimization,on-page-seo,73,373,"Readability Score in Three Years: Reasonable Predictions, Not Hype",Predictions,readability score
4,On-Page SEO and Content Optimization,on-page-seo,74,374,Preparing Keyword Placement for the Post-Search Era,Predictions,keyword placement
4,On-Page SEO and Content Optimization,on-page-seo,75,375,What Is a Good Content Refresh Benchmark? Numbers by Industry,Benchmarks,content refresh
4,On-Page SEO and Content Optimization,on-page-seo,76,376,Snippet Optimisation Benchmarks: How to Tell Good From Average,Benchmarks,snippet optimisation
4,On-Page SEO and Content Optimization,on-page-seo,77,377,Setting Realistic Passage Ranking Targets Your Team Can Hit,Benchmarks,passage ranking
4,On-Page SEO and Content Optimization,on-page-seo,78,378,Content Pruning for Professional Services Companies: What Is Different,Industry-specific,content pruning
4,On-Page SEO and Content Optimization,on-page-seo,79,379,Applying Orphan Pages in Logistics: Constraints and Opportunities,Industry-specific,orphan pages
4,On-Page SEO and Content Optimization,on-page-seo,80,380,Retail Topic Clusters: A Sector-Specific Playbook,Industry-specific,topic clusters
4,On-Page SEO and Content Optimization,on-page-seo,81,381,Why Standard Title Tags Advice Fails in SaaS,Industry-specific,title tags
4,On-Page SEO and Content Optimization,on-page-seo,82,382,Meta Descriptions for Solo Founders on a Tight Budget,Small business,meta descriptions
4,On-Page SEO and Content Optimization,on-page-seo,83,383,Practical H1 Hierarchy When You Are the Entire Marketing Team,Small business,H1 hierarchy
4,On-Page SEO and Content Optimization,on-page-seo,84,384,"Internal Linking for Startups: Start Here, Skip the Rest",Small business,internal linking
4,On-Page SEO and Content Optimization,on-page-seo,85,385,"Anchor Text for Global Teams: Governance, Scale and Sign-Off",Enterprise,anchor text
4,On-Page SEO and Content Optimization,on-page-seo,86,386,Rolling Out Image Alt Text Across Regulated Industries Without Chaos,Enterprise,image alt text
4,On-Page SEO and Content Optimization,on-page-seo,87,387,Enterprise URL Structure: Coordination Costs and How to Contain Them,Enterprise,URL structure
4,On-Page SEO and Content Optimization,on-page-seo,88,388,Content Depth for Local Businesses in Kathmandu,Local business,content depth
4,On-Page SEO and Content Optimization,on-page-seo,89,389,"Adapting Entity Coverage for South Asia: Language, Payments and Behaviour",Local business,entity coverage
4,On-Page SEO and Content Optimization,on-page-seo,90,390,Local-First Semantic HTML: Winning Customers Within Ten Kilometres,Local business,semantic HTML
4,On-Page SEO and Content Optimization,on-page-seo,91,391,Table of Contents for B2B Teams With Long Sales Cycles,B2B,table of contents
4,On-Page SEO and Content Optimization,on-page-seo,92,392,How B2B Buying Committees Change Your FAQ Schema Approach,B2B,FAQ schema
4,On-Page SEO and Content Optimization,on-page-seo,93,393,"Readability Score That Generates Pipeline, Not Just Traffic",B2B,readability score
4,On-Page SEO and Content Optimization,on-page-seo,94,394,Keyword Placement for B2C Brands Competing on Attention,B2C,keyword placement
4,On-Page SEO and Content Optimization,on-page-seo,95,395,High-Volume Content Refresh for Consumer Brands,B2C,content refresh
4,On-Page SEO and Content Optimization,on-page-seo,96,396,"Snippet Optimisation That Drives Repeat Purchases, Not One-Off Sales",B2C,snippet optimisation
4,On-Page SEO and Content Optimization,on-page-seo,97,397,Using AI to Improve Passage Ranking Without Losing Quality Control,AI-powered,passage ranking
4,On-Page SEO and Content Optimization,on-page-seo,98,398,AI-Assisted Content Pruning: Where It Helps and Where It Hurts,AI-powered,content pruning
4,On-Page SEO and Content Optimization,on-page-seo,99,399,Can AI Agents Handle Orphan Pages End to End?,AI-powered,orphan pages
4,On-Page SEO and Content Optimization,on-page-seo,100,400,How AI Search Is Changing Topic Clusters,AI-powered,topic clusters
5,Keyword Research and Search Demand Analysis,keyword-research,1,401,What Is Search Volume? A Beginner's Guide for Keyword Research,Beginner guide,search volume
5,Keyword Research and Search Demand Analysis,keyword-research,2,402,Keyword Difficulty Explained: A Plain-English Introduction,Beginner guide,keyword difficulty
5,Keyword Research and Search Demand Analysis,keyword-research,3,403,Getting Started With Search Intent Classification: What Beginners Need to Know First,Beginner guide,search intent classification
5,Keyword Research and Search Demand Analysis,keyword-research,4,404,Keyword Clustering for Complete Beginners: Core Concepts and First Steps,Beginner guide,keyword clustering
5,Keyword Research and Search Demand Analysis,keyword-research,5,405,Advanced Long-Tail Keywords: Techniques Experienced Teams Actually Use,Advanced guide,long-tail keywords
5,Keyword Research and Search Demand Analysis,keyword-research,6,406,Competitor Keyword Gaps at Scale: What Changes Once You Outgrow the Basics,Advanced guide,competitor keyword gaps
5,Keyword Research and Search Demand Analysis,keyword-research,7,407,Beyond the Basics: Sophisticated Seasonal Keywords Tactics That Still Work,Advanced guide,seasonal keywords
5,Keyword Research and Search Demand Analysis,keyword-research,8,408,How to Improve Branded vs Non-Branded Without Increasing Your Budget,How-to,branded vs non-branded
5,Keyword Research and Search Demand Analysis,keyword-research,9,409,How to Set Up Zero-Volume Keywords Correctly the First Time,How-to,zero-volume keywords
5,Keyword Research and Search Demand Analysis,keyword-research,10,410,How to Fix Question Keywords When It Stops Delivering Results,How-to,question keywords
5,Keyword Research and Search Demand Analysis,keyword-research,11,411,How to Audit Your Keyword Mapping in Under an Hour,How-to,keyword mapping
5,Keyword Research and Search Demand Analysis,keyword-research,12,412,Step-by-Step: Building Your First SERP Analysis Workflow,Step-by-step tutorial,SERP analysis
5,Keyword Research and Search Demand Analysis,keyword-research,13,413,"A Practical Walkthrough of Topical Gap Analysis, From Setup to First Result",Step-by-step tutorial,topical gap analysis
5,Keyword Research and Search Demand Analysis,keyword-research,14,414,Configuring Share of Voice in AlsoAsked: A Step-by-Step Tutorial,Step-by-step tutorial,share of voice
5,Keyword Research and Search Demand Analysis,keyword-research,15,415,The Complete Guide to Keyword Cannibalisation in 2026,Ultimate guide,keyword cannibalisation
5,Keyword Research and Search Demand Analysis,keyword-research,16,416,The Definitive Priority Scoring Handbook for Modern Marketing Teams,Ultimate guide,priority scoring
5,Keyword Research and Search Demand Analysis,keyword-research,17,417,Everything You Need to Know About Local Keyword Research,Ultimate guide,local keyword research
5,Keyword Research and Search Demand Analysis,keyword-research,18,418,The Multilingual Keywords Checklist Every Team Should Run Before Launch,Checklist,multilingual keywords
5,Keyword Research and Search Demand Analysis,keyword-research,19,419,A Pre-Launch Search Volume Checklist You Can Finish in One Sitting,Checklist,search volume
5,Keyword Research and Search Demand Analysis,keyword-research,20,420,Monthly Keyword Difficulty Maintenance Checklist for Busy Marketers,Checklist,keyword difficulty
5,Keyword Research and Search Demand Analysis,keyword-research,21,421,A Reusable Search Intent Classification Template You Can Adapt Today,Template,search intent classification
5,Keyword Research and Search Demand Analysis,keyword-research,22,422,"Free Keyword Clustering Framework: Structure, Fields and Worked Example",Template,keyword clustering
5,Keyword Research and Search Demand Analysis,keyword-research,23,423,The Long-Tail Keywords Brief Template That Cuts Revision Cycles,Template,long-tail keywords
5,Keyword Research and Search Demand Analysis,keyword-research,24,424,12 Real Competitor Keyword Gaps Examples Worth Studying,Examples,competitor keyword gaps
5,Keyword Research and Search Demand Analysis,keyword-research,25,425,Seasonal Keywords Examples That Show What Good Actually Looks Like,Examples,seasonal keywords
5,Keyword Research and Search Demand Analysis,keyword-research,26,426,Annotated Branded vs Non-Branded Examples: Why Each One Works,Examples,branded vs non-branded
5,Keyword Research and Search Demand Analysis,keyword-research,27,427,Case Study: How One Travel Brand Rebuilt Its Zero-Volume Keywords,Case study,zero-volume keywords
5,Keyword Research and Search Demand Analysis,keyword-research,28,428,Inside a Question Keywords Turnaround: What Changed and What It Cost,Case study,question keywords
5,Keyword Research and Search Demand Analysis,keyword-research,29,429,"A 90-Day Keyword Mapping Experiment: Method, Results and Lessons",Case study,keyword mapping
5,Keyword Research and Search Demand Analysis,keyword-research,30,430,Building a SERP Analysis Strategy That Survives Algorithm Changes,Strategy,SERP analysis
5,Keyword Research and Search Demand Analysis,keyword-research,31,431,A Sustainable Topical Gap Analysis Strategy for Teams With Limited Resources,Strategy,topical gap analysis
5,Keyword Research and Search Demand Analysis,keyword-research,32,432,How to Prioritise Share of Voice When Everything Feels Urgent,Strategy,share of voice
5,Keyword Research and Search Demand Analysis,keyword-research,33,433,The Strategic Case for Investing in Keyword Cannibalisation This Year,Strategy,keyword cannibalisation
5,Keyword Research and Search Demand Analysis,keyword-research,34,434,Priority Scoring Best Practices That Hold Up Under Scrutiny,Best practices,priority scoring
5,Keyword Research and Search Demand Analysis,keyword-research,35,435,Proven Local Keyword Research Principles for Consistent Results,Best practices,local keyword research
5,Keyword Research and Search Demand Analysis,keyword-research,36,436,What Disciplined Multilingual Keywords Looks Like in Practice,Best practices,multilingual keywords
5,Keyword Research and Search Demand Analysis,keyword-research,37,437,The Search Volume Standards High-Performing Teams Enforce,Best practices,search volume
5,Keyword Research and Search Demand Analysis,keyword-research,38,438,Common Keyword Difficulty Mistakes That Quietly Cost You Revenue,Mistakes to avoid,keyword difficulty
5,Keyword Research and Search Demand Analysis,keyword-research,39,439,Seven Search Intent Classification Errors Almost Every Team Makes Early On,Mistakes to avoid,search intent classification
5,Keyword Research and Search Demand Analysis,keyword-research,40,440,"Why Most Keyword Clustering Efforts Stall, and How to Avoid It",Mistakes to avoid,keyword clustering
5,Keyword Research and Search Demand Analysis,keyword-research,41,441,Long-Tail Keywords Anti-Patterns Worth Unlearning,Mistakes to avoid,long-tail keywords
5,Keyword Research and Search Demand Analysis,keyword-research,42,442,Competitor Keyword Gaps Not Working? A Diagnostic Guide,Problem/solution,competitor keyword gaps
5,Keyword Research and Search Demand Analysis,keyword-research,43,443,"Troubleshooting Seasonal Keywords: Symptoms, Causes and Fixes",Problem/solution,seasonal keywords
5,Keyword Research and Search Demand Analysis,keyword-research,44,444,What to Do When Branded vs Non-Branded Suddenly Drops,Problem/solution,branded vs non-branded
5,Keyword Research and Search Demand Analysis,keyword-research,45,445,Fixing Broken Zero-Volume Keywords: A Systematic Approach,Problem/solution,zero-volume keywords
5,Keyword Research and Search Demand Analysis,keyword-research,46,446,"Question Keywords: Frequently Asked Questions, Answered Directly",FAQ,question keywords
5,Keyword Research and Search Demand Analysis,keyword-research,47,447,Is Keyword Mapping Worth the Investment? An Honest Assessment,FAQ,keyword mapping
5,Keyword Research and Search Demand Analysis,keyword-research,48,448,How Long Does SERP Analysis Take to Show Results?,FAQ,SERP analysis
5,Keyword Research and Search Demand Analysis,keyword-research,49,449,Do You Actually Need Topical Gap Analysis? A Decision Guide,FAQ,topical gap analysis
5,Keyword Research and Search Demand Analysis,keyword-research,50,450,Share of Voice vs Question Keywords: Which Deserves Your Budget?,Comparison,share of voice
5,Keyword Research and Search Demand Analysis,keyword-research,51,451,"Comparing Keyword Cannibalisation and SERP Analysis: Strengths, Limits and Overlap",Comparison,keyword cannibalisation
5,Keyword Research and Search Demand Analysis,keyword-research,52,452,Priority Scoring or Share of Voice? A Decision Framework for Marketing Teams,Comparison,priority scoring
5,Keyword Research and Search Demand Analysis,keyword-research,53,453,When to Choose Local Keyword Research Over Priority Scoring,Comparison,local keyword research
5,Keyword Research and Search Demand Analysis,keyword-research,54,454,Alternatives to Multilingual Keywords: When It Is the Wrong Tool for the Job,Alternatives,multilingual keywords
5,Keyword Research and Search Demand Analysis,keyword-research,55,455,What to Use Instead of Search Volume for Constrained Teams,Alternatives,search volume
5,Keyword Research and Search Demand Analysis,keyword-research,56,456,Rethinking Keyword Difficulty: Three Credible Alternatives,Alternatives,keyword difficulty
5,Keyword Research and Search Demand Analysis,keyword-research,57,457,"The Best Tools for Search Intent Classification, Compared Honestly",Tools comparison,search intent classification
5,Keyword Research and Search Demand Analysis,keyword-research,58,458,"Google Keyword Planner for Keyword Clustering: Capabilities, Gaps and Fit",Tools comparison,keyword clustering
5,Keyword Research and Search Demand Analysis,keyword-research,59,459,Choosing Long-Tail Keywords Software: Evaluation Criteria That Matter,Tools comparison,long-tail keywords
5,Keyword Research and Search Demand Analysis,keyword-research,60,460,How Much Does Competitor Keyword Gaps Really Cost in 2026?,Pricing,competitor keyword gaps
5,Keyword Research and Search Demand Analysis,keyword-research,61,461,Seasonal Keywords Pricing Explained: What Drives the Bill,Pricing,seasonal keywords
5,Keyword Research and Search Demand Analysis,keyword-research,62,462,Budgeting for Branded vs Non-Branded: Realistic Numbers by Company Size,Pricing,branded vs non-branded
5,Keyword Research and Search Demand Analysis,keyword-research,63,463,Measuring the ROI of Zero-Volume Keywords Without Guesswork,ROI,zero-volume keywords
5,Keyword Research and Search Demand Analysis,keyword-research,64,464,Does Question Keywords Pay for Itself? A Calculation Method,ROI,question keywords
5,Keyword Research and Search Demand Analysis,keyword-research,65,465,Proving the Business Value of Keyword Mapping to Finance,ROI,keyword mapping
5,Keyword Research and Search Demand Analysis,keyword-research,66,466,SERP Analysis Statistics That Should Shape Your 2026 Plan,Statistics,SERP analysis
5,Keyword Research and Search Demand Analysis,keyword-research,67,467,What the Data Says About Topical Gap Analysis Performance,Statistics,topical gap analysis
5,Keyword Research and Search Demand Analysis,keyword-research,68,468,"Share of Voice by the Numbers: Adoption, Cost and Outcomes",Statistics,share of voice
5,Keyword Research and Search Demand Analysis,keyword-research,69,469,Keyword Cannibalisation Trends Reshaping Marketing in 2026,Trends,keyword cannibalisation
5,Keyword Research and Search Demand Analysis,keyword-research,70,470,"What Changed in Priority Scoring This Year, and Why It Matters",Trends,priority scoring
5,Keyword Research and Search Demand Analysis,keyword-research,71,471,Emerging Shifts in Local Keyword Research Worth Watching,Trends,local keyword research
5,Keyword Research and Search Demand Analysis,keyword-research,72,472,Where Multilingual Keywords Is Heading Next: A Considered Forecast,Predictions,multilingual keywords
5,Keyword Research and Search Demand Analysis,keyword-research,73,473,"Search Volume in Three Years: Reasonable Predictions, Not Hype",Predictions,search volume
5,Keyword Research and Search Demand Analysis,keyword-research,74,474,Preparing Keyword Difficulty for the Post-Search Era,Predictions,keyword difficulty
5,Keyword Research and Search Demand Analysis,keyword-research,75,475,What Is a Good Search Intent Classification Benchmark? Numbers by Industry,Benchmarks,search intent classification
5,Keyword Research and Search Demand Analysis,keyword-research,76,476,Keyword Clustering Benchmarks: How to Tell Good From Average,Benchmarks,keyword clustering
5,Keyword Research and Search Demand Analysis,keyword-research,77,477,Setting Realistic Long-Tail Keywords Targets Your Team Can Hit,Benchmarks,long-tail keywords
5,Keyword Research and Search Demand Analysis,keyword-research,78,478,Competitor Keyword Gaps for Logistics Companies: What Is Different,Industry-specific,competitor keyword gaps
5,Keyword Research and Search Demand Analysis,keyword-research,79,479,Applying Seasonal Keywords in Retail: Constraints and Opportunities,Industry-specific,seasonal keywords
5,Keyword Research and Search Demand Analysis,keyword-research,80,480,SaaS Branded vs Non-Branded: A Sector-Specific Playbook,Industry-specific,branded vs non-branded
5,Keyword Research and Search Demand Analysis,keyword-research,81,481,Why Standard Zero-Volume Keywords Advice Fails in E-Commerce,Industry-specific,zero-volume keywords
5,Keyword Research and Search Demand Analysis,keyword-research,82,482,Question Keywords for Local Shops on a Tight Budget,Small business,question keywords
5,Keyword Research and Search Demand Analysis,keyword-research,83,483,Practical Keyword Mapping When You Are the Entire Marketing Team,Small business,keyword mapping
5,Keyword Research and Search Demand Analysis,keyword-research,84,484,"SERP Analysis for Freelancers: Start Here, Skip the Rest",Small business,SERP analysis
5,Keyword Research and Search Demand Analysis,keyword-research,85,485,"Topical Gap Analysis for Regulated Industries: Governance, Scale and Sign-Off",Enterprise,topical gap analysis
5,Keyword Research and Search Demand Analysis,keyword-research,86,486,Rolling Out Share of Voice Across Enterprise Teams Without Chaos,Enterprise,share of voice
5,Keyword Research and Search Demand Analysis,keyword-research,87,487,Enterprise Priority Scoring: Coordination Costs and How to Contain Them,Enterprise,priority scoring
5,Keyword Research and Search Demand Analysis,keyword-research,88,488,Local Keyword Research for Local Businesses in South Asia,Local business,local keyword research
5,Keyword Research and Search Demand Analysis,keyword-research,89,489,"Adapting Multilingual Keywords for Emerging Markets: Language, Payments and Behaviour",Local business,multilingual keywords
5,Keyword Research and Search Demand Analysis,keyword-research,90,490,Local-First Search Volume: Winning Customers Within Ten Kilometres,Local business,search volume
5,Keyword Research and Search Demand Analysis,keyword-research,91,491,Keyword Difficulty for B2B Teams With Long Sales Cycles,B2B,keyword difficulty
5,Keyword Research and Search Demand Analysis,keyword-research,92,492,How B2B Buying Committees Change Your Search Intent Classification Approach,B2B,search intent classification
5,Keyword Research and Search Demand Analysis,keyword-research,93,493,"Keyword Clustering That Generates Pipeline, Not Just Traffic",B2B,keyword clustering
5,Keyword Research and Search Demand Analysis,keyword-research,94,494,Long-Tail Keywords for B2C Brands Competing on Attention,B2C,long-tail keywords
5,Keyword Research and Search Demand Analysis,keyword-research,95,495,High-Volume Competitor Keyword Gaps for Consumer Brands,B2C,competitor keyword gaps
5,Keyword Research and Search Demand Analysis,keyword-research,96,496,"Seasonal Keywords That Drives Repeat Purchases, Not One-Off Sales",B2C,seasonal keywords
5,Keyword Research and Search Demand Analysis,keyword-research,97,497,Using AI to Improve Branded vs Non-Branded Without Losing Quality Control,AI-powered,branded vs non-branded
5,Keyword Research and Search Demand Analysis,keyword-research,98,498,AI-Assisted Zero-Volume Keywords: Where It Helps and Where It Hurts,AI-powered,zero-volume keywords
5,Keyword Research and Search Demand Analysis,keyword-research,99,499,Can AI Agents Handle Question Keywords End to End?,AI-powered,question keywords
5,Keyword Research and Search Demand Analysis,keyword-research,100,500,How AI Search Is Changing Keyword Mapping,AI-powered,keyword mapping
6,Content Marketing and Editorial Operations,content-marketing,1,501,What Is Content Strategy? A Beginner's Guide for Content Marketing,Beginner guide,content strategy
6,Content Marketing and Editorial Operations,content-marketing,2,502,Editorial Calendar Explained: A Plain-English Introduction,Beginner guide,editorial calendar
6,Content Marketing and Editorial Operations,content-marketing,3,503,Getting Started With Content Brief: What Beginners Need to Know First,Beginner guide,content brief
6,Content Marketing and Editorial Operations,content-marketing,4,504,Content Audit for Complete Beginners: Core Concepts and First Steps,Beginner guide,content audit
6,Content Marketing and Editorial Operations,content-marketing,5,505,Advanced Content Repurposing: Techniques Experienced Teams Actually Use,Advanced guide,content repurposing
6,Content Marketing and Editorial Operations,content-marketing,6,506,Distribution Channels at Scale: What Changes Once You Outgrow the Basics,Advanced guide,distribution channels
6,Content Marketing and Editorial Operations,content-marketing,7,507,Beyond the Basics: Sophisticated Content Governance Tactics That Still Work,Advanced guide,content governance
6,Content Marketing and Editorial Operations,content-marketing,8,508,How to Improve Style Guide Without Increasing Your Budget,How-to,style guide
6,Content Marketing and Editorial Operations,content-marketing,9,509,How to Set Up Subject Matter Experts Correctly the First Time,How-to,subject matter experts
6,Content Marketing and Editorial Operations,content-marketing,10,510,How to Fix Content ROI When It Stops Delivering Results,How-to,content ROI
6,Content Marketing and Editorial Operations,content-marketing,11,511,How to Audit Your Evergreen Content in Under an Hour,How-to,evergreen content
6,Content Marketing and Editorial Operations,content-marketing,12,512,Step-by-Step: Building Your First Content Refresh Cycle Workflow,Step-by-step tutorial,content refresh cycle
6,Content Marketing and Editorial Operations,content-marketing,13,513,"A Practical Walkthrough of Pillar and Cluster Model, From Setup to First Result",Step-by-step tutorial,pillar and cluster model
6,Content Marketing and Editorial Operations,content-marketing,14,514,Configuring Content Velocity in WordPress: A Step-by-Step Tutorial,Step-by-step tutorial,content velocity
6,Content Marketing and Editorial Operations,content-marketing,15,515,The Complete Guide to Freelance Writer Management in 2026,Ultimate guide,freelance writer management
6,Content Marketing and Editorial Operations,content-marketing,16,516,The Definitive Content Scoring Handbook for Modern Marketing Teams,Ultimate guide,content scoring
6,Content Marketing and Editorial Operations,content-marketing,17,517,Everything You Need to Know About Content Decay,Ultimate guide,content decay
6,Content Marketing and Editorial Operations,content-marketing,18,518,The Thought Leadership Checklist Every Team Should Run Before Launch,Checklist,thought leadership
6,Content Marketing and Editorial Operations,content-marketing,19,519,A Pre-Launch Content Strategy Checklist You Can Finish in One Sitting,Checklist,content strategy
6,Content Marketing and Editorial Operations,content-marketing,20,520,Monthly Editorial Calendar Maintenance Checklist for Busy Marketers,Checklist,editorial calendar
6,Content Marketing and Editorial Operations,content-marketing,21,521,A Reusable Content Brief Template You Can Adapt Today,Template,content brief
6,Content Marketing and Editorial Operations,content-marketing,22,522,"Free Content Audit Framework: Structure, Fields and Worked Example",Template,content audit
6,Content Marketing and Editorial Operations,content-marketing,23,523,The Content Repurposing Brief Template That Cuts Revision Cycles,Template,content repurposing
6,Content Marketing and Editorial Operations,content-marketing,24,524,12 Real Distribution Channels Examples Worth Studying,Examples,distribution channels
6,Content Marketing and Editorial Operations,content-marketing,25,525,Content Governance Examples That Show What Good Actually Looks Like,Examples,content governance
6,Content Marketing and Editorial Operations,content-marketing,26,526,Annotated Style Guide Examples: Why Each One Works,Examples,style guide
6,Content Marketing and Editorial Operations,content-marketing,27,527,Case Study: How One Fitness Brand Rebuilt Its Subject Matter Experts,Case study,subject matter experts
6,Content Marketing and Editorial Operations,content-marketing,28,528,Inside a Content ROI Turnaround: What Changed and What It Cost,Case study,content ROI
6,Content Marketing and Editorial Operations,content-marketing,29,529,"A 90-Day Evergreen Content Experiment: Method, Results and Lessons",Case study,evergreen content
6,Content Marketing and Editorial Operations,content-marketing,30,530,Building a Content Refresh Cycle Strategy That Survives Algorithm Changes,Strategy,content refresh cycle
6,Content Marketing and Editorial Operations,content-marketing,31,531,A Sustainable Pillar and Cluster Model Strategy for Teams With Limited Resources,Strategy,pillar and cluster model
6,Content Marketing and Editorial Operations,content-marketing,32,532,How to Prioritise Content Velocity When Everything Feels Urgent,Strategy,content velocity
6,Content Marketing and Editorial Operations,content-marketing,33,533,The Strategic Case for Investing in Freelance Writer Management This Year,Strategy,freelance writer management
6,Content Marketing and Editorial Operations,content-marketing,34,534,Content Scoring Best Practices That Hold Up Under Scrutiny,Best practices,content scoring
6,Content Marketing and Editorial Operations,content-marketing,35,535,Proven Content Decay Principles for Consistent Results,Best practices,content decay
6,Content Marketing and Editorial Operations,content-marketing,36,536,What Disciplined Thought Leadership Looks Like in Practice,Best practices,thought leadership
6,Content Marketing and Editorial Operations,content-marketing,37,537,The Content Strategy Standards High-Performing Teams Enforce,Best practices,content strategy
6,Content Marketing and Editorial Operations,content-marketing,38,538,Common Editorial Calendar Mistakes That Quietly Cost You Revenue,Mistakes to avoid,editorial calendar
6,Content Marketing and Editorial Operations,content-marketing,39,539,Seven Content Brief Errors Almost Every Team Makes Early On,Mistakes to avoid,content brief
6,Content Marketing and Editorial Operations,content-marketing,40,540,"Why Most Content Audit Efforts Stall, and How to Avoid It",Mistakes to avoid,content audit
6,Content Marketing and Editorial Operations,content-marketing,41,541,Content Repurposing Anti-Patterns Worth Unlearning,Mistakes to avoid,content repurposing
6,Content Marketing and Editorial Operations,content-marketing,42,542,Distribution Channels Not Working? A Diagnostic Guide,Problem/solution,distribution channels
6,Content Marketing and Editorial Operations,content-marketing,43,543,"Troubleshooting Content Governance: Symptoms, Causes and Fixes",Problem/solution,content governance
6,Content Marketing and Editorial Operations,content-marketing,44,544,What to Do When Style Guide Suddenly Drops,Problem/solution,style guide
6,Content Marketing and Editorial Operations,content-marketing,45,545,Fixing Broken Subject Matter Experts: A Systematic Approach,Problem/solution,subject matter experts
6,Content Marketing and Editorial Operations,content-marketing,46,546,"Content ROI: Frequently Asked Questions, Answered Directly",FAQ,content ROI
6,Content Marketing and Editorial Operations,content-marketing,47,547,Is Evergreen Content Worth the Investment? An Honest Assessment,FAQ,evergreen content
6,Content Marketing and Editorial Operations,content-marketing,48,548,How Long Does Content Refresh Cycle Take to Show Results?,FAQ,content refresh cycle
6,Content Marketing and Editorial Operations,content-marketing,49,549,Do You Actually Need Pillar and Cluster Model? A Decision Guide,FAQ,pillar and cluster model
6,Content Marketing and Editorial Operations,content-marketing,50,550,Content Velocity vs Content ROI: Which Deserves Your Budget?,Comparison,content velocity
6,Content Marketing and Editorial Operations,content-marketing,51,551,"Comparing Freelance Writer Management and Content Refresh Cycle: Strengths, Limits and Overlap",Comparison,freelance writer management
6,Content Marketing and Editorial Operations,content-marketing,52,552,Content Scoring or Content Velocity? A Decision Framework for Marketing Teams,Comparison,content scoring
6,Content Marketing and Editorial Operations,content-marketing,53,553,When to Choose Content Decay Over Content Scoring,Comparison,content decay
6,Content Marketing and Editorial Operations,content-marketing,54,554,Alternatives to Thought Leadership: When It Is the Wrong Tool for the Job,Alternatives,thought leadership
6,Content Marketing and Editorial Operations,content-marketing,55,555,What to Use Instead of Content Strategy for Constrained Teams,Alternatives,content strategy
6,Content Marketing and Editorial Operations,content-marketing,56,556,Rethinking Editorial Calendar: Three Credible Alternatives,Alternatives,editorial calendar
6,Content Marketing and Editorial Operations,content-marketing,57,557,"The Best Tools for Content Brief, Compared Honestly",Tools comparison,content brief
6,Content Marketing and Editorial Operations,content-marketing,58,558,"Trello for Content Audit: Capabilities, Gaps and Fit",Tools comparison,content audit
6,Content Marketing and Editorial Operations,content-marketing,59,559,Choosing Content Repurposing Software: Evaluation Criteria That Matter,Tools comparison,content repurposing
6,Content Marketing and Editorial Operations,content-marketing,60,560,How Much Does Distribution Channels Really Cost in 2026?,Pricing,distribution channels
6,Content Marketing and Editorial Operations,content-marketing,61,561,Content Governance Pricing Explained: What Drives the Bill,Pricing,content governance
6,Content Marketing and Editorial Operations,content-marketing,62,562,Budgeting for Style Guide: Realistic Numbers by Company Size,Pricing,style guide
6,Content Marketing and Editorial Operations,content-marketing,63,563,Measuring the ROI of Subject Matter Experts Without Guesswork,ROI,subject matter experts
6,Content Marketing and Editorial Operations,content-marketing,64,564,Does Content ROI Pay for Itself? A Calculation Method,ROI,content ROI
6,Content Marketing and Editorial Operations,content-marketing,65,565,Proving the Business Value of Evergreen Content to Finance,ROI,evergreen content
6,Content Marketing and Editorial Operations,content-marketing,66,566,Content Refresh Cycle Statistics That Should Shape Your 2026 Plan,Statistics,content refresh cycle
6,Content Marketing and Editorial Operations,content-marketing,67,567,What the Data Says About Pillar and Cluster Model Performance,Statistics,pillar and cluster model
6,Content Marketing and Editorial Operations,content-marketing,68,568,"Content Velocity by the Numbers: Adoption, Cost and Outcomes",Statistics,content velocity
6,Content Marketing and Editorial Operations,content-marketing,69,569,Freelance Writer Management Trends Reshaping Marketing in 2026,Trends,freelance writer management
6,Content Marketing and Editorial Operations,content-marketing,70,570,"What Changed in Content Scoring This Year, and Why It Matters",Trends,content scoring
6,Content Marketing and Editorial Operations,content-marketing,71,571,Emerging Shifts in Content Decay Worth Watching,Trends,content decay
6,Content Marketing and Editorial Operations,content-marketing,72,572,Where Thought Leadership Is Heading Next: A Considered Forecast,Predictions,thought leadership
6,Content Marketing and Editorial Operations,content-marketing,73,573,"Content Strategy in Three Years: Reasonable Predictions, Not Hype",Predictions,content strategy
6,Content Marketing and Editorial Operations,content-marketing,74,574,Preparing Editorial Calendar for the Post-Search Era,Predictions,editorial calendar
6,Content Marketing and Editorial Operations,content-marketing,75,575,What Is a Good Content Brief Benchmark? Numbers by Industry,Benchmarks,content brief
6,Content Marketing and Editorial Operations,content-marketing,76,576,Content Audit Benchmarks: How to Tell Good From Average,Benchmarks,content audit
6,Content Marketing and Editorial Operations,content-marketing,77,577,Setting Realistic Content Repurposing Targets Your Team Can Hit,Benchmarks,content repurposing
6,Content Marketing and Editorial Operations,content-marketing,78,578,Distribution Channels for Retail Companies: What Is Different,Industry-specific,distribution channels
6,Content Marketing and Editorial Operations,content-marketing,79,579,Applying Content Governance in SaaS: Constraints and Opportunities,Industry-specific,content governance
6,Content Marketing and Editorial Operations,content-marketing,80,580,E-Commerce Style Guide: A Sector-Specific Playbook,Industry-specific,style guide
6,Content Marketing and Editorial Operations,content-marketing,81,581,Why Standard Subject Matter Experts Advice Fails in Healthcare,Industry-specific,subject matter experts
6,Content Marketing and Editorial Operations,content-marketing,82,582,Content ROI for Startups on a Tight Budget,Small business,content ROI
6,Content Marketing and Editorial Operations,content-marketing,83,583,Practical Evergreen Content When You Are the Entire Marketing Team,Small business,evergreen content
6,Content Marketing and Editorial Operations,content-marketing,84,584,"Content Refresh Cycle for Family Businesses: Start Here, Skip the Rest",Small business,content refresh cycle
6,Content Marketing and Editorial Operations,content-marketing,85,585,"Pillar and Cluster Model for Enterprise Teams: Governance, Scale and Sign-Off",Enterprise,pillar and cluster model
6,Content Marketing and Editorial Operations,content-marketing,86,586,Rolling Out Content Velocity Across Large Organisations Without Chaos,Enterprise,content velocity
6,Content Marketing and Editorial Operations,content-marketing,87,587,Enterprise Freelance Writer Management: Coordination Costs and How to Contain Them,Enterprise,freelance writer management
6,Content Marketing and Editorial Operations,content-marketing,88,588,Content Scoring for Local Businesses in Emerging Markets,Local business,content scoring
6,Content Marketing and Editorial Operations,content-marketing,89,589,"Adapting Content Decay for Multilingual Markets: Language, Payments and Behaviour",Local business,content decay
6,Content Marketing and Editorial Operations,content-marketing,90,590,Local-First Thought Leadership: Winning Customers Within Ten Kilometres,Local business,thought leadership
6,Content Marketing and Editorial Operations,content-marketing,91,591,Content Strategy for B2B Teams With Long Sales Cycles,B2B,content strategy
6,Content Marketing and Editorial Operations,content-marketing,92,592,How B2B Buying Committees Change Your Editorial Calendar Approach,B2B,editorial calendar
6,Content Marketing and Editorial Operations,content-marketing,93,593,"Content Brief That Generates Pipeline, Not Just Traffic",B2B,content brief
6,Content Marketing and Editorial Operations,content-marketing,94,594,Content Audit for B2C Brands Competing on Attention,B2C,content audit
6,Content Marketing and Editorial Operations,content-marketing,95,595,High-Volume Content Repurposing for Consumer Brands,B2C,content repurposing
6,Content Marketing and Editorial Operations,content-marketing,96,596,"Distribution Channels That Drives Repeat Purchases, Not One-Off Sales",B2C,distribution channels
6,Content Marketing and Editorial Operations,content-marketing,97,597,Using AI to Improve Content Governance Without Losing Quality Control,AI-powered,content governance
6,Content Marketing and Editorial Operations,content-marketing,98,598,AI-Assisted Style Guide: Where It Helps and Where It Hurts,AI-powered,style guide
6,Content Marketing and Editorial Operations,content-marketing,99,599,Can AI Agents Handle Subject Matter Experts End to End?,AI-powered,subject matter experts
6,Content Marketing and Editorial Operations,content-marketing,100,600,How AI Search Is Changing Content ROI,AI-powered,content ROI
7,Blogging and Publishing Systems,blogging,1,601,What Is Blog Post Structure? A Beginner's Guide for Blogging,Beginner guide,blog post structure
7,Blogging and Publishing Systems,blogging,2,602,Categories and Tags Explained: A Plain-English Introduction,Beginner guide,categories and tags
7,Blogging and Publishing Systems,blogging,3,603,Getting Started With Author Bio Pages: What Beginners Need to Know First,Beginner guide,author bio pages
7,Blogging and Publishing Systems,blogging,4,604,Publishing Workflow for Complete Beginners: Core Concepts and First Steps,Beginner guide,publishing workflow
7,Blogging and Publishing Systems,blogging,5,605,Advanced Editorial Review: Techniques Experienced Teams Actually Use,Advanced guide,editorial review
7,Blogging and Publishing Systems,blogging,6,606,Post Scheduling at Scale: What Changes Once You Outgrow the Basics,Advanced guide,post scheduling
7,Blogging and Publishing Systems,blogging,7,607,Beyond the Basics: Sophisticated Blog Taxonomy Tactics That Still Work,Advanced guide,blog taxonomy
7,Blogging and Publishing Systems,blogging,8,608,How to Improve Featured Images Without Increasing Your Budget,How-to,featured images
7,Blogging and Publishing Systems,blogging,9,609,How to Set Up Blog Archive Correctly the First Time,How-to,blog archive
7,Blogging and Publishing Systems,blogging,10,610,How to Fix Comment Moderation When It Stops Delivering Results,How-to,comment moderation
7,Blogging and Publishing Systems,blogging,11,611,How to Audit Your RSS Feeds in Under an Hour,How-to,RSS feeds
7,Blogging and Publishing Systems,blogging,12,612,Step-by-Step: Building Your First Blog Migration Workflow,Step-by-step tutorial,blog migration
7,Blogging and Publishing Systems,blogging,13,613,"A Practical Walkthrough of Headless CMS, From Setup to First Result",Step-by-step tutorial,headless CMS
7,Blogging and Publishing Systems,blogging,14,614,Configuring Content Templates in Sanity: A Step-by-Step Tutorial,Step-by-step tutorial,content templates
7,Blogging and Publishing Systems,blogging,15,615,The Complete Guide to Post Frequency in 2026,Ultimate guide,post frequency
7,Blogging and Publishing Systems,blogging,16,616,The Definitive Blog Monetisation Handbook for Modern Marketing Teams,Ultimate guide,blog monetisation
7,Blogging and Publishing Systems,blogging,17,617,Everything You Need to Know About Guest Posting,Ultimate guide,guest posting
7,Blogging and Publishing Systems,blogging,18,618,The Series and Hubs Checklist Every Team Should Run Before Launch,Checklist,series and hubs
7,Blogging and Publishing Systems,blogging,19,619,A Pre-Launch Blog Post Structure Checklist You Can Finish in One Sitting,Checklist,blog post structure
7,Blogging and Publishing Systems,blogging,20,620,Monthly Categories and Tags Maintenance Checklist for Busy Marketers,Checklist,categories and tags
7,Blogging and Publishing Systems,blogging,21,621,A Reusable Author Bio Pages Template You Can Adapt Today,Template,author bio pages
7,Blogging and Publishing Systems,blogging,22,622,"Free Publishing Workflow Framework: Structure, Fields and Worked Example",Template,publishing workflow
7,Blogging and Publishing Systems,blogging,23,623,The Editorial Review Brief Template That Cuts Revision Cycles,Template,editorial review
7,Blogging and Publishing Systems,blogging,24,624,12 Real Post Scheduling Examples Worth Studying,Examples,post scheduling
7,Blogging and Publishing Systems,blogging,25,625,Blog Taxonomy Examples That Show What Good Actually Looks Like,Examples,blog taxonomy
7,Blogging and Publishing Systems,blogging,26,626,Annotated Featured Images Examples: Why Each One Works,Examples,featured images
7,Blogging and Publishing Systems,blogging,27,627,Case Study: How One Professional Services Brand Rebuilt Its Blog Archive,Case study,blog archive
7,Blogging and Publishing Systems,blogging,28,628,Inside a Comment Moderation Turnaround: What Changed and What It Cost,Case study,comment moderation
7,Blogging and Publishing Systems,blogging,29,629,"A 90-Day RSS Feeds Experiment: Method, Results and Lessons",Case study,RSS feeds
7,Blogging and Publishing Systems,blogging,30,630,Building a Blog Migration Strategy That Survives Algorithm Changes,Strategy,blog migration
7,Blogging and Publishing Systems,blogging,31,631,A Sustainable Headless CMS Strategy for Teams With Limited Resources,Strategy,headless CMS
7,Blogging and Publishing Systems,blogging,32,632,How to Prioritise Content Templates When Everything Feels Urgent,Strategy,content templates
7,Blogging and Publishing Systems,blogging,33,633,The Strategic Case for Investing in Post Frequency This Year,Strategy,post frequency
7,Blogging and Publishing Systems,blogging,34,634,Blog Monetisation Best Practices That Hold Up Under Scrutiny,Best practices,blog monetisation
7,Blogging and Publishing Systems,blogging,35,635,Proven Guest Posting Principles for Consistent Results,Best practices,guest posting
7,Blogging and Publishing Systems,blogging,36,636,What Disciplined Series and Hubs Looks Like in Practice,Best practices,series and hubs
7,Blogging and Publishing Systems,blogging,37,637,The Blog Post Structure Standards High-Performing Teams Enforce,Best practices,blog post structure
7,Blogging and Publishing Systems,blogging,38,638,Common Categories and Tags Mistakes That Quietly Cost You Revenue,Mistakes to avoid,categories and tags
7,Blogging and Publishing Systems,blogging,39,639,Seven Author Bio Pages Errors Almost Every Team Makes Early On,Mistakes to avoid,author bio pages
7,Blogging and Publishing Systems,blogging,40,640,"Why Most Publishing Workflow Efforts Stall, and How to Avoid It",Mistakes to avoid,publishing workflow
7,Blogging and Publishing Systems,blogging,41,641,Editorial Review Anti-Patterns Worth Unlearning,Mistakes to avoid,editorial review
7,Blogging and Publishing Systems,blogging,42,642,Post Scheduling Not Working? A Diagnostic Guide,Problem/solution,post scheduling
7,Blogging and Publishing Systems,blogging,43,643,"Troubleshooting Blog Taxonomy: Symptoms, Causes and Fixes",Problem/solution,blog taxonomy
7,Blogging and Publishing Systems,blogging,44,644,What to Do When Featured Images Suddenly Drops,Problem/solution,featured images
7,Blogging and Publishing Systems,blogging,45,645,Fixing Broken Blog Archive: A Systematic Approach,Problem/solution,blog archive
7,Blogging and Publishing Systems,blogging,46,646,"Comment Moderation: Frequently Asked Questions, Answered Directly",FAQ,comment moderation
7,Blogging and Publishing Systems,blogging,47,647,Is RSS Feeds Worth the Investment? An Honest Assessment,FAQ,RSS feeds
7,Blogging and Publishing Systems,blogging,48,648,How Long Does Blog Migration Take to Show Results?,FAQ,blog migration
7,Blogging and Publishing Systems,blogging,49,649,Do You Actually Need Headless CMS? A Decision Guide,FAQ,headless CMS
7,Blogging and Publishing Systems,blogging,50,650,Content Templates vs Comment Moderation: Which Deserves Your Budget?,Comparison,content templates
7,Blogging and Publishing Systems,blogging,51,651,"Comparing Post Frequency and Blog Migration: Strengths, Limits and Overlap",Comparison,post frequency
7,Blogging and Publishing Systems,blogging,52,652,Blog Monetisation or Content Templates? A Decision Framework for Marketing Teams,Comparison,blog monetisation
7,Blogging and Publishing Systems,blogging,53,653,When to Choose Guest Posting Over Blog Monetisation,Comparison,guest posting
7,Blogging and Publishing Systems,blogging,54,654,Alternatives to Series and Hubs: When It Is the Wrong Tool for the Job,Alternatives,series and hubs
7,Blogging and Publishing Systems,blogging,55,655,What to Use Instead of Blog Post Structure for Constrained Teams,Alternatives,blog post structure
7,Blogging and Publishing Systems,blogging,56,656,Rethinking Categories and Tags: Three Credible Alternatives,Alternatives,categories and tags
7,Blogging and Publishing Systems,blogging,57,657,"The Best Tools for Author Bio Pages, Compared Honestly",Tools comparison,author bio pages
7,Blogging and Publishing Systems,blogging,58,658,"Contentful for Publishing Workflow: Capabilities, Gaps and Fit",Tools comparison,publishing workflow
7,Blogging and Publishing Systems,blogging,59,659,Choosing Editorial Review Software: Evaluation Criteria That Matter,Tools comparison,editorial review
7,Blogging and Publishing Systems,blogging,60,660,How Much Does Post Scheduling Really Cost in 2026?,Pricing,post scheduling
7,Blogging and Publishing Systems,blogging,61,661,Blog Taxonomy Pricing Explained: What Drives the Bill,Pricing,blog taxonomy
7,Blogging and Publishing Systems,blogging,62,662,Budgeting for Featured Images: Realistic Numbers by Company Size,Pricing,featured images
7,Blogging and Publishing Systems,blogging,63,663,Measuring the ROI of Blog Archive Without Guesswork,ROI,blog archive
7,Blogging and Publishing Systems,blogging,64,664,Does Comment Moderation Pay for Itself? A Calculation Method,ROI,comment moderation
7,Blogging and Publishing Systems,blogging,65,665,Proving the Business Value of RSS Feeds to Finance,ROI,RSS feeds
7,Blogging and Publishing Systems,blogging,66,666,Blog Migration Statistics That Should Shape Your 2026 Plan,Statistics,blog migration
7,Blogging and Publishing Systems,blogging,67,667,What the Data Says About Headless CMS Performance,Statistics,headless CMS
7,Blogging and Publishing Systems,blogging,68,668,"Content Templates by the Numbers: Adoption, Cost and Outcomes",Statistics,content templates
7,Blogging and Publishing Systems,blogging,69,669,Post Frequency Trends Reshaping Marketing in 2026,Trends,post frequency
7,Blogging and Publishing Systems,blogging,70,670,"What Changed in Blog Monetisation This Year, and Why It Matters",Trends,blog monetisation
7,Blogging and Publishing Systems,blogging,71,671,Emerging Shifts in Guest Posting Worth Watching,Trends,guest posting
7,Blogging and Publishing Systems,blogging,72,672,Where Series and Hubs Is Heading Next: A Considered Forecast,Predictions,series and hubs
7,Blogging and Publishing Systems,blogging,73,673,"Blog Post Structure in Three Years: Reasonable Predictions, Not Hype",Predictions,blog post structure
7,Blogging and Publishing Systems,blogging,74,674,Preparing Categories and Tags for the Post-Search Era,Predictions,categories and tags
7,Blogging and Publishing Systems,blogging,75,675,What Is a Good Author Bio Pages Benchmark? Numbers by Industry,Benchmarks,author bio pages
7,Blogging and Publishing Systems,blogging,76,676,Publishing Workflow Benchmarks: How to Tell Good From Average,Benchmarks,publishing workflow
7,Blogging and Publishing Systems,blogging,77,677,Setting Realistic Editorial Review Targets Your Team Can Hit,Benchmarks,editorial review
7,Blogging and Publishing Systems,blogging,78,678,Post Scheduling for SaaS Companies: What Is Different,Industry-specific,post scheduling
7,Blogging and Publishing Systems,blogging,79,679,Applying Blog Taxonomy in E-Commerce: Constraints and Opportunities,Industry-specific,blog taxonomy
7,Blogging and Publishing Systems,blogging,80,680,Healthcare Featured Images: A Sector-Specific Playbook,Industry-specific,featured images
7,Blogging and Publishing Systems,blogging,81,681,Why Standard Blog Archive Advice Fails in Education,Industry-specific,blog archive
7,Blogging and Publishing Systems,blogging,82,682,Comment Moderation for Freelancers on a Tight Budget,Small business,comment moderation
7,Blogging and Publishing Systems,blogging,83,683,Practical RSS Feeds When You Are the Entire Marketing Team,Small business,RSS feeds
7,Blogging and Publishing Systems,blogging,84,684,"Blog Migration for Small Businesses: Start Here, Skip the Rest",Small business,blog migration
7,Blogging and Publishing Systems,blogging,85,685,"Headless CMS for Large Organisations: Governance, Scale and Sign-Off",Enterprise,headless CMS
7,Blogging and Publishing Systems,blogging,86,686,Rolling Out Content Templates Across Multi-Brand Groups Without Chaos,Enterprise,content templates
7,Blogging and Publishing Systems,blogging,87,687,Enterprise Post Frequency: Coordination Costs and How to Contain Them,Enterprise,post frequency
7,Blogging and Publishing Systems,blogging,88,688,Blog Monetisation for Local Businesses in Multilingual Markets,Local business,blog monetisation
7,Blogging and Publishing Systems,blogging,89,689,"Adapting Guest Posting for Nepal: Language, Payments and Behaviour",Local business,guest posting
7,Blogging and Publishing Systems,blogging,90,690,Local-First Series and Hubs: Winning Customers Within Ten Kilometres,Local business,series and hubs
7,Blogging and Publishing Systems,blogging,91,691,Blog Post Structure for B2B Teams With Long Sales Cycles,B2B,blog post structure
7,Blogging and Publishing Systems,blogging,92,692,How B2B Buying Committees Change Your Categories and Tags Approach,B2B,categories and tags
7,Blogging and Publishing Systems,blogging,93,693,"Author Bio Pages That Generates Pipeline, Not Just Traffic",B2B,author bio pages
7,Blogging and Publishing Systems,blogging,94,694,Publishing Workflow for B2C Brands Competing on Attention,B2C,publishing workflow
7,Blogging and Publishing Systems,blogging,95,695,High-Volume Editorial Review for Consumer Brands,B2C,editorial review
7,Blogging and Publishing Systems,blogging,96,696,"Post Scheduling That Drives Repeat Purchases, Not One-Off Sales",B2C,post scheduling
7,Blogging and Publishing Systems,blogging,97,697,Using AI to Improve Blog Taxonomy Without Losing Quality Control,AI-powered,blog taxonomy
7,Blogging and Publishing Systems,blogging,98,698,AI-Assisted Featured Images: Where It Helps and Where It Hurts,AI-powered,featured images
7,Blogging and Publishing Systems,blogging,99,699,Can AI Agents Handle Blog Archive End to End?,AI-powered,blog archive
7,Blogging and Publishing Systems,blogging,100,700,How AI Search Is Changing Comment Moderation,AI-powered,comment moderation
8,Link Building and Digital PR,link-building,1,701,What Is Link Prospecting? A Beginner's Guide for Link Building,Beginner guide,link prospecting
8,Link Building and Digital PR,link-building,2,702,Cold Outreach Email Explained: A Plain-English Introduction,Beginner guide,cold outreach email
8,Link Building and Digital PR,link-building,3,703,Getting Started With Digital PR Campaigns: What Beginners Need to Know First,Beginner guide,digital PR campaigns
8,Link Building and Digital PR,link-building,4,704,Guest Posting for Complete Beginners: Core Concepts and First Steps,Beginner guide,guest posting
8,Link Building and Digital PR,link-building,5,705,Advanced Broken Link Building: Techniques Experienced Teams Actually Use,Advanced guide,broken link building
8,Link Building and Digital PR,link-building,6,706,Resource Page Links at Scale: What Changes Once You Outgrow the Basics,Advanced guide,resource page links
8,Link Building and Digital PR,link-building,7,707,Beyond the Basics: Sophisticated Unlinked Brand Mentions Tactics That Still Work,Advanced guide,unlinked brand mentions
8,Link Building and Digital PR,link-building,8,708,How to Improve HARO and Journalist Requests Without Increasing Your Budget,How-to,HARO and journalist requests
8,Link Building and Digital PR,link-building,9,709,How to Set Up Anchor Text Distribution Correctly the First Time,How-to,anchor text distribution
8,Link Building and Digital PR,link-building,10,710,How to Fix Link Quality Signals When It Stops Delivering Results,How-to,link quality signals
8,Link Building and Digital PR,link-building,11,711,How to Audit Your Toxic Link Audit in Under an Hour,How-to,toxic link audit
8,Link Building and Digital PR,link-building,12,712,Step-by-Step: Building Your First Disavow Files Workflow,Step-by-step tutorial,disavow files
8,Link Building and Digital PR,link-building,13,713,"A Practical Walkthrough of Internal vs External Links, From Setup to First Result",Step-by-step tutorial,internal vs external links
8,Link Building and Digital PR,link-building,14,714,Configuring Linkable Assets in Respona: A Step-by-Step Tutorial,Step-by-step tutorial,linkable assets
8,Link Building and Digital PR,link-building,15,715,The Complete Guide to Original Research Studies in 2026,Ultimate guide,original research studies
8,Link Building and Digital PR,link-building,16,716,The Definitive Data Journalism Handbook for Modern Marketing Teams,Ultimate guide,data journalism
8,Link Building and Digital PR,link-building,17,717,Everything You Need to Know About Podcast Guesting,Ultimate guide,podcast guesting
8,Link Building and Digital PR,link-building,18,718,The Partnership Links Checklist Every Team Should Run Before Launch,Checklist,partnership links
8,Link Building and Digital PR,link-building,19,719,A Pre-Launch Link Prospecting Checklist You Can Finish in One Sitting,Checklist,link prospecting
8,Link Building and Digital PR,link-building,20,720,Monthly Cold Outreach Email Maintenance Checklist for Busy Marketers,Checklist,cold outreach email
8,Link Building and Digital PR,link-building,21,721,A Reusable Digital PR Campaigns Template You Can Adapt Today,Template,digital PR campaigns
8,Link Building and Digital PR,link-building,22,722,"Free Guest Posting Framework: Structure, Fields and Worked Example",Template,guest posting
8,Link Building and Digital PR,link-building,23,723,The Broken Link Building Brief Template That Cuts Revision Cycles,Template,broken link building
8,Link Building and Digital PR,link-building,24,724,12 Real Resource Page Links Examples Worth Studying,Examples,resource page links
8,Link Building and Digital PR,link-building,25,725,Unlinked Brand Mentions Examples That Show What Good Actually Looks Like,Examples,unlinked brand mentions
8,Link Building and Digital PR,link-building,26,726,Annotated HARO and Journalist Requests Examples: Why Each One Works,Examples,HARO and journalist requests
8,Link Building and Digital PR,link-building,27,727,Case Study: How One Logistics Brand Rebuilt Its Anchor Text Distribution,Case study,anchor text distribution
8,Link Building and Digital PR,link-building,28,728,Inside a Link Quality Signals Turnaround: What Changed and What It Cost,Case study,link quality signals
8,Link Building and Digital PR,link-building,29,729,"A 90-Day Toxic Link Audit Experiment: Method, Results and Lessons",Case study,toxic link audit
8,Link Building and Digital PR,link-building,30,730,Building a Disavow Files Strategy That Survives Algorithm Changes,Strategy,disavow files
8,Link Building and Digital PR,link-building,31,731,A Sustainable Internal vs External Links Strategy for Teams With Limited Resources,Strategy,internal vs external links
8,Link Building and Digital PR,link-building,32,732,How to Prioritise Linkable Assets When Everything Feels Urgent,Strategy,linkable assets
8,Link Building and Digital PR,link-building,33,733,The Strategic Case for Investing in Original Research Studies This Year,Strategy,original research studies
8,Link Building and Digital PR,link-building,34,734,Data Journalism Best Practices That Hold Up Under Scrutiny,Best practices,data journalism
8,Link Building and Digital PR,link-building,35,735,Proven Podcast Guesting Principles for Consistent Results,Best practices,podcast guesting
8,Link Building and Digital PR,link-building,36,736,What Disciplined Partnership Links Looks Like in Practice,Best practices,partnership links
8,Link Building and Digital PR,link-building,37,737,The Link Prospecting Standards High-Performing Teams Enforce,Best practices,link prospecting
8,Link Building and Digital PR,link-building,38,738,Common Cold Outreach Email Mistakes That Quietly Cost You Revenue,Mistakes to avoid,cold outreach email
8,Link Building and Digital PR,link-building,39,739,Seven Digital PR Campaigns Errors Almost Every Team Makes Early On,Mistakes to avoid,digital PR campaigns
8,Link Building and Digital PR,link-building,40,740,"Why Most Guest Posting Efforts Stall, and How to Avoid It",Mistakes to avoid,guest posting
8,Link Building and Digital PR,link-building,41,741,Broken Link Building Anti-Patterns Worth Unlearning,Mistakes to avoid,broken link building
8,Link Building and Digital PR,link-building,42,742,Resource Page Links Not Working? A Diagnostic Guide,Problem/solution,resource page links
8,Link Building and Digital PR,link-building,43,743,"Troubleshooting Unlinked Brand Mentions: Symptoms, Causes and Fixes",Problem/solution,unlinked brand mentions
8,Link Building and Digital PR,link-building,44,744,What to Do When HARO and Journalist Requests Suddenly Drops,Problem/solution,HARO and journalist requests
8,Link Building and Digital PR,link-building,45,745,Fixing Broken Anchor Text Distribution: A Systematic Approach,Problem/solution,anchor text distribution
8,Link Building and Digital PR,link-building,46,746,"Link Quality Signals: Frequently Asked Questions, Answered Directly",FAQ,link quality signals
8,Link Building and Digital PR,link-building,47,747,Is Toxic Link Audit Worth the Investment? An Honest Assessment,FAQ,toxic link audit
8,Link Building and Digital PR,link-building,48,748,How Long Does Disavow Files Take to Show Results?,FAQ,disavow files
8,Link Building and Digital PR,link-building,49,749,Do You Actually Need Internal vs External Links? A Decision Guide,FAQ,internal vs external links
8,Link Building and Digital PR,link-building,50,750,Linkable Assets vs Link Quality Signals: Which Deserves Your Budget?,Comparison,linkable assets
8,Link Building and Digital PR,link-building,51,751,"Comparing Original Research Studies and Disavow Files: Strengths, Limits and Overlap",Comparison,original research studies
8,Link Building and Digital PR,link-building,52,752,Data Journalism or Linkable Assets? A Decision Framework for Marketing Teams,Comparison,data journalism
8,Link Building and Digital PR,link-building,53,753,When to Choose Podcast Guesting Over Data Journalism,Comparison,podcast guesting
8,Link Building and Digital PR,link-building,54,754,Alternatives to Partnership Links: When It Is the Wrong Tool for the Job,Alternatives,partnership links
8,Link Building and Digital PR,link-building,55,755,What to Use Instead of Link Prospecting for Constrained Teams,Alternatives,link prospecting
8,Link Building and Digital PR,link-building,56,756,Rethinking Cold Outreach Email: Three Credible Alternatives,Alternatives,cold outreach email
8,Link Building and Digital PR,link-building,57,757,"The Best Tools for Digital PR Campaigns, Compared Honestly",Tools comparison,digital PR campaigns
8,Link Building and Digital PR,link-building,58,758,"BuzzStream for Guest Posting: Capabilities, Gaps and Fit",Tools comparison,guest posting
8,Link Building and Digital PR,link-building,59,759,Choosing Broken Link Building Software: Evaluation Criteria That Matter,Tools comparison,broken link building
8,Link Building and Digital PR,link-building,60,760,How Much Does Resource Page Links Really Cost in 2026?,Pricing,resource page links
8,Link Building and Digital PR,link-building,61,761,Unlinked Brand Mentions Pricing Explained: What Drives the Bill,Pricing,unlinked brand mentions
8,Link Building and Digital PR,link-building,62,762,Budgeting for HARO and Journalist Requests: Realistic Numbers by Company Size,Pricing,HARO and journalist requests
8,Link Building and Digital PR,link-building,63,763,Measuring the ROI of Anchor Text Distribution Without Guesswork,ROI,anchor text distribution
8,Link Building and Digital PR,link-building,64,764,Does Link Quality Signals Pay for Itself? A Calculation Method,ROI,link quality signals
8,Link Building and Digital PR,link-building,65,765,Proving the Business Value of Toxic Link Audit to Finance,ROI,toxic link audit
8,Link Building and Digital PR,link-building,66,766,Disavow Files Statistics That Should Shape Your 2026 Plan,Statistics,disavow files
8,Link Building and Digital PR,link-building,67,767,What the Data Says About Internal vs External Links Performance,Statistics,internal vs external links
8,Link Building and Digital PR,link-building,68,768,"Linkable Assets by the Numbers: Adoption, Cost and Outcomes",Statistics,linkable assets
8,Link Building and Digital PR,link-building,69,769,Original Research Studies Trends Reshaping Marketing in 2026,Trends,original research studies
8,Link Building and Digital PR,link-building,70,770,"What Changed in Data Journalism This Year, and Why It Matters",Trends,data journalism
8,Link Building and Digital PR,link-building,71,771,Emerging Shifts in Podcast Guesting Worth Watching,Trends,podcast guesting
8,Link Building and Digital PR,link-building,72,772,Where Partnership Links Is Heading Next: A Considered Forecast,Predictions,partnership links
8,Link Building and Digital PR,link-building,73,773,"Link Prospecting in Three Years: Reasonable Predictions, Not Hype",Predictions,link prospecting
8,Link Building and Digital PR,link-building,74,774,Preparing Cold Outreach Email for the Post-Search Era,Predictions,cold outreach email
8,Link Building and Digital PR,link-building,75,775,What Is a Good Digital PR Campaigns Benchmark? Numbers by Industry,Benchmarks,digital PR campaigns
8,Link Building and Digital PR,link-building,76,776,Guest Posting Benchmarks: How to Tell Good From Average,Benchmarks,guest posting
8,Link Building and Digital PR,link-building,77,777,Setting Realistic Broken Link Building Targets Your Team Can Hit,Benchmarks,broken link building
8,Link Building and Digital PR,link-building,78,778,Resource Page Links for E-Commerce Companies: What Is Different,Industry-specific,resource page links
8,Link Building and Digital PR,link-building,79,779,Applying Unlinked Brand Mentions in Healthcare: Constraints and Opportunities,Industry-specific,unlinked brand mentions
8,Link Building and Digital PR,link-building,80,780,Education HARO and Journalist Requests: A Sector-Specific Playbook,Industry-specific,HARO and journalist requests
8,Link Building and Digital PR,link-building,81,781,Why Standard Anchor Text Distribution Advice Fails in Real Estate,Industry-specific,anchor text distribution
8,Link Building and Digital PR,link-building,82,782,Link Quality Signals for Family Businesses on a Tight Budget,Small business,link quality signals
8,Link Building and Digital PR,link-building,83,783,Practical Toxic Link Audit When You Are the Entire Marketing Team,Small business,toxic link audit
8,Link Building and Digital PR,link-building,84,784,"Disavow Files for Solo Founders: Start Here, Skip the Rest",Small business,disavow files
8,Link Building and Digital PR,link-building,85,785,"Internal vs External Links for Multi-Brand Groups: Governance, Scale and Sign-Off",Enterprise,internal vs external links
8,Link Building and Digital PR,link-building,86,786,Rolling Out Linkable Assets Across Global Teams Without Chaos,Enterprise,linkable assets
8,Link Building and Digital PR,link-building,87,787,Enterprise Original Research Studies: Coordination Costs and How to Contain Them,Enterprise,original research studies
8,Link Building and Digital PR,link-building,88,788,Data Journalism for Local Businesses in Nepal,Local business,data journalism
8,Link Building and Digital PR,link-building,89,789,"Adapting Podcast Guesting for Kathmandu: Language, Payments and Behaviour",Local business,podcast guesting
8,Link Building and Digital PR,link-building,90,790,Local-First Partnership Links: Winning Customers Within Ten Kilometres,Local business,partnership links
8,Link Building and Digital PR,link-building,91,791,Link Prospecting for B2B Teams With Long Sales Cycles,B2B,link prospecting
8,Link Building and Digital PR,link-building,92,792,How B2B Buying Committees Change Your Cold Outreach Email Approach,B2B,cold outreach email
8,Link Building and Digital PR,link-building,93,793,"Digital PR Campaigns That Generates Pipeline, Not Just Traffic",B2B,digital PR campaigns
8,Link Building and Digital PR,link-building,94,794,Guest Posting for B2C Brands Competing on Attention,B2C,guest posting
8,Link Building and Digital PR,link-building,95,795,High-Volume Broken Link Building for Consumer Brands,B2C,broken link building
8,Link Building and Digital PR,link-building,96,796,"Resource Page Links That Drives Repeat Purchases, Not One-Off Sales",B2C,resource page links
8,Link Building and Digital PR,link-building,97,797,Using AI to Improve Unlinked Brand Mentions Without Losing Quality Control,AI-powered,unlinked brand mentions
8,Link Building and Digital PR,link-building,98,798,AI-Assisted HARO and Journalist Requests: Where It Helps and Where It Hurts,AI-powered,HARO and journalist requests
8,Link Building and Digital PR,link-building,99,799,Can AI Agents Handle Anchor Text Distribution End to End?,AI-powered,anchor text distribution
8,Link Building and Digital PR,link-building,100,800,How AI Search Is Changing Link Quality Signals,AI-powered,link quality signals
9,Local SEO and Google Business Profile,local-seo,1,801,What Is Google Business Profile Optimisation? A Beginner's Guide for Local SEO,Beginner guide,Google Business Profile optimisation
9,Local SEO and Google Business Profile,local-seo,2,802,Local Citations Explained: A Plain-English Introduction,Beginner guide,local citations
9,Local SEO and Google Business Profile,local-seo,3,803,Getting Started With NAP Consistency: What Beginners Need to Know First,Beginner guide,NAP consistency
9,Local SEO and Google Business Profile,local-seo,4,804,Review Generation for Complete Beginners: Core Concepts and First Steps,Beginner guide,review generation
9,Local SEO and Google Business Profile,local-seo,5,805,Advanced Review Responses: Techniques Experienced Teams Actually Use,Advanced guide,review responses
9,Local SEO and Google Business Profile,local-seo,6,806,Map Pack Ranking at Scale: What Changes Once You Outgrow the Basics,Advanced guide,map pack ranking
9,Local SEO and Google Business Profile,local-seo,7,807,Beyond the Basics: Sophisticated Local Landing Pages Tactics That Still Work,Advanced guide,local landing pages
9,Local SEO and Google Business Profile,local-seo,8,808,How to Improve Service Area Businesses Without Increasing Your Budget,How-to,service area businesses
9,Local SEO and Google Business Profile,local-seo,9,809,How to Set Up Multi-Location SEO Correctly the First Time,How-to,multi-location SEO
9,Local SEO and Google Business Profile,local-seo,10,810,How to Fix Local Schema Markup When It Stops Delivering Results,How-to,local schema markup
9,Local SEO and Google Business Profile,local-seo,11,811,How to Audit Your Google Maps Ranking in Under an Hour,How-to,Google Maps ranking
9,Local SEO and Google Business Profile,local-seo,12,812,Step-by-Step: Building Your First Local Link Building Workflow,Step-by-step tutorial,local link building
9,Local SEO and Google Business Profile,local-seo,13,813,"A Practical Walkthrough of Geo-Modified Keywords, From Setup to First Result",Step-by-step tutorial,geo-modified keywords
9,Local SEO and Google Business Profile,local-seo,14,814,Configuring Local Content Strategy in Whitespark: A Step-by-Step Tutorial,Step-by-step tutorial,local content strategy
9,Local SEO and Google Business Profile,local-seo,15,815,The Complete Guide to Store Locator Pages in 2026,Ultimate guide,store locator pages
9,Local SEO and Google Business Profile,local-seo,16,816,The Definitive Local Pack CTR Handbook for Modern Marketing Teams,Ultimate guide,local pack CTR
9,Local SEO and Google Business Profile,local-seo,17,817,Everything You Need to Know About Proximity Signals,Ultimate guide,proximity signals
9,Local SEO and Google Business Profile,local-seo,18,818,The Apple Business Connect Checklist Every Team Should Run Before Launch,Checklist,Apple Business Connect
9,Local SEO and Google Business Profile,local-seo,19,819,A Pre-Launch Google Business Profile Optimisation Checklist You Can Finish in One Sitting,Checklist,Google Business Profile optimisation
9,Local SEO and Google Business Profile,local-seo,20,820,Monthly Local Citations Maintenance Checklist for Busy Marketers,Checklist,local citations
9,Local SEO and Google Business Profile,local-seo,21,821,A Reusable NAP Consistency Template You Can Adapt Today,Template,NAP consistency
9,Local SEO and Google Business Profile,local-seo,22,822,"Free Review Generation Framework: Structure, Fields and Worked Example",Template,review generation
9,Local SEO and Google Business Profile,local-seo,23,823,The Review Responses Brief Template That Cuts Revision Cycles,Template,review responses
9,Local SEO and Google Business Profile,local-seo,24,824,12 Real Map Pack Ranking Examples Worth Studying,Examples,map pack ranking
9,Local SEO and Google Business Profile,local-seo,25,825,Local Landing Pages Examples That Show What Good Actually Looks Like,Examples,local landing pages
9,Local SEO and Google Business Profile,local-seo,26,826,Annotated Service Area Businesses Examples: Why Each One Works,Examples,service area businesses
9,Local SEO and Google Business Profile,local-seo,27,827,Case Study: How One Retail Brand Rebuilt Its Multi-Location SEO,Case study,multi-location SEO
9,Local SEO and Google Business Profile,local-seo,28,828,Inside a Local Schema Markup Turnaround: What Changed and What It Cost,Case study,local schema markup
9,Local SEO and Google Business Profile,local-seo,29,829,"A 90-Day Google Maps Ranking Experiment: Method, Results and Lessons",Case study,Google Maps ranking
9,Local SEO and Google Business Profile,local-seo,30,830,Building a Local Link Building Strategy That Survives Algorithm Changes,Strategy,local link building
9,Local SEO and Google Business Profile,local-seo,31,831,A Sustainable Geo-Modified Keywords Strategy for Teams With Limited Resources,Strategy,geo-modified keywords
9,Local SEO and Google Business Profile,local-seo,32,832,How to Prioritise Local Content Strategy When Everything Feels Urgent,Strategy,local content strategy
9,Local SEO and Google Business Profile,local-seo,33,833,The Strategic Case for Investing in Store Locator Pages This Year,Strategy,store locator pages
9,Local SEO and Google Business Profile,local-seo,34,834,Local Pack CTR Best Practices That Hold Up Under Scrutiny,Best practices,local pack CTR
9,Local SEO and Google Business Profile,local-seo,35,835,Proven Proximity Signals Principles for Consistent Results,Best practices,proximity signals
9,Local SEO and Google Business Profile,local-seo,36,836,What Disciplined Apple Business Connect Looks Like in Practice,Best practices,Apple Business Connect
9,Local SEO and Google Business Profile,local-seo,37,837,The Google Business Profile Optimisation Standards High-Performing Teams Enforce,Best practices,Google Business Profile optimisation
9,Local SEO and Google Business Profile,local-seo,38,838,Common Local Citations Mistakes That Quietly Cost You Revenue,Mistakes to avoid,local citations
9,Local SEO and Google Business Profile,local-seo,39,839,Seven NAP Consistency Errors Almost Every Team Makes Early On,Mistakes to avoid,NAP consistency
9,Local SEO and Google Business Profile,local-seo,40,840,"Why Most Review Generation Efforts Stall, and How to Avoid It",Mistakes to avoid,review generation
9,Local SEO and Google Business Profile,local-seo,41,841,Review Responses Anti-Patterns Worth Unlearning,Mistakes to avoid,review responses
9,Local SEO and Google Business Profile,local-seo,42,842,Map Pack Ranking Not Working? A Diagnostic Guide,Problem/solution,map pack ranking
9,Local SEO and Google Business Profile,local-seo,43,843,"Troubleshooting Local Landing Pages: Symptoms, Causes and Fixes",Problem/solution,local landing pages
9,Local SEO and Google Business Profile,local-seo,44,844,What to Do When Service Area Businesses Suddenly Drops,Problem/solution,service area businesses
9,Local SEO and Google Business Profile,local-seo,45,845,Fixing Broken Multi-Location SEO: A Systematic Approach,Problem/solution,multi-location SEO
9,Local SEO and Google Business Profile,local-seo,46,846,"Local Schema Markup: Frequently Asked Questions, Answered Directly",FAQ,local schema markup
9,Local SEO and Google Business Profile,local-seo,47,847,Is Google Maps Ranking Worth the Investment? An Honest Assessment,FAQ,Google Maps ranking
9,Local SEO and Google Business Profile,local-seo,48,848,How Long Does Local Link Building Take to Show Results?,FAQ,local link building
9,Local SEO and Google Business Profile,local-seo,49,849,Do You Actually Need Geo-Modified Keywords? A Decision Guide,FAQ,geo-modified keywords
9,Local SEO and Google Business Profile,local-seo,50,850,Local Content Strategy vs Local Schema Markup: Which Deserves Your Budget?,Comparison,local content strategy
9,Local SEO and Google Business Profile,local-seo,51,851,"Comparing Store Locator Pages and Local Link Building: Strengths, Limits and Overlap",Comparison,store locator pages
9,Local SEO and Google Business Profile,local-seo,52,852,Local Pack CTR or Local Content Strategy? A Decision Framework for Marketing Teams,Comparison,local pack CTR
9,Local SEO and Google Business Profile,local-seo,53,853,When to Choose Proximity Signals Over Local Pack CTR,Comparison,proximity signals
9,Local SEO and Google Business Profile,local-seo,54,854,Alternatives to Apple Business Connect: When It Is the Wrong Tool for the Job,Alternatives,Apple Business Connect
9,Local SEO and Google Business Profile,local-seo,55,855,What to Use Instead of Google Business Profile Optimisation for Constrained Teams,Alternatives,Google Business Profile optimisation
9,Local SEO and Google Business Profile,local-seo,56,856,Rethinking Local Citations: Three Credible Alternatives,Alternatives,local citations
9,Local SEO and Google Business Profile,local-seo,57,857,"The Best Tools for NAP Consistency, Compared Honestly",Tools comparison,NAP consistency
9,Local SEO and Google Business Profile,local-seo,58,858,"Yext for Review Generation: Capabilities, Gaps and Fit",Tools comparison,review generation
9,Local SEO and Google Business Profile,local-seo,59,859,Choosing Review Responses Software: Evaluation Criteria That Matter,Tools comparison,review responses
9,Local SEO and Google Business Profile,local-seo,60,860,How Much Does Map Pack Ranking Really Cost in 2026?,Pricing,map pack ranking
9,Local SEO and Google Business Profile,local-seo,61,861,Local Landing Pages Pricing Explained: What Drives the Bill,Pricing,local landing pages
9,Local SEO and Google Business Profile,local-seo,62,862,Budgeting for Service Area Businesses: Realistic Numbers by Company Size,Pricing,service area businesses
9,Local SEO and Google Business Profile,local-seo,63,863,Measuring the ROI of Multi-Location SEO Without Guesswork,ROI,multi-location SEO
9,Local SEO and Google Business Profile,local-seo,64,864,Does Local Schema Markup Pay for Itself? A Calculation Method,ROI,local schema markup
9,Local SEO and Google Business Profile,local-seo,65,865,Proving the Business Value of Google Maps Ranking to Finance,ROI,Google Maps ranking
9,Local SEO and Google Business Profile,local-seo,66,866,Local Link Building Statistics That Should Shape Your 2026 Plan,Statistics,local link building
9,Local SEO and Google Business Profile,local-seo,67,867,What the Data Says About Geo-Modified Keywords Performance,Statistics,geo-modified keywords
9,Local SEO and Google Business Profile,local-seo,68,868,"Local Content Strategy by the Numbers: Adoption, Cost and Outcomes",Statistics,local content strategy
9,Local SEO and Google Business Profile,local-seo,69,869,Store Locator Pages Trends Reshaping Marketing in 2026,Trends,store locator pages
9,Local SEO and Google Business Profile,local-seo,70,870,"What Changed in Local Pack CTR This Year, and Why It Matters",Trends,local pack CTR
9,Local SEO and Google Business Profile,local-seo,71,871,Emerging Shifts in Proximity Signals Worth Watching,Trends,proximity signals
9,Local SEO and Google Business Profile,local-seo,72,872,Where Apple Business Connect Is Heading Next: A Considered Forecast,Predictions,Apple Business Connect
9,Local SEO and Google Business Profile,local-seo,73,873,"Google Business Profile Optimisation in Three Years: Reasonable Predictions, Not Hype",Predictions,Google Business Profile optimisation
9,Local SEO and Google Business Profile,local-seo,74,874,Preparing Local Citations for the Post-Search Era,Predictions,local citations
9,Local SEO and Google Business Profile,local-seo,75,875,What Is a Good NAP Consistency Benchmark? Numbers by Industry,Benchmarks,NAP consistency
9,Local SEO and Google Business Profile,local-seo,76,876,Review Generation Benchmarks: How to Tell Good From Average,Benchmarks,review generation
9,Local SEO and Google Business Profile,local-seo,77,877,Setting Realistic Review Responses Targets Your Team Can Hit,Benchmarks,review responses
9,Local SEO and Google Business Profile,local-seo,78,878,Map Pack Ranking for Healthcare Companies: What Is Different,Industry-specific,map pack ranking
9,Local SEO and Google Business Profile,local-seo,79,879,Applying Local Landing Pages in Education: Constraints and Opportunities,Industry-specific,local landing pages
9,Local SEO and Google Business Profile,local-seo,80,880,Real Estate Service Area Businesses: A Sector-Specific Playbook,Industry-specific,service area businesses
9,Local SEO and Google Business Profile,local-seo,81,881,Why Standard Multi-Location SEO Advice Fails in Hospitality,Industry-specific,multi-location SEO
9,Local SEO and Google Business Profile,local-seo,82,882,Local Schema Markup for Small Businesses on a Tight Budget,Small business,local schema markup
9,Local SEO and Google Business Profile,local-seo,83,883,Practical Google Maps Ranking When You Are the Entire Marketing Team,Small business,Google Maps ranking
9,Local SEO and Google Business Profile,local-seo,84,884,"Local Link Building for Local Shops: Start Here, Skip the Rest",Small business,local link building
9,Local SEO and Google Business Profile,local-seo,85,885,"Geo-Modified Keywords for Global Teams: Governance, Scale and Sign-Off",Enterprise,geo-modified keywords
9,Local SEO and Google Business Profile,local-seo,86,886,Rolling Out Local Content Strategy Across Regulated Industries Without Chaos,Enterprise,local content strategy
9,Local SEO and Google Business Profile,local-seo,87,887,Enterprise Store Locator Pages: Coordination Costs and How to Contain Them,Enterprise,store locator pages
9,Local SEO and Google Business Profile,local-seo,88,888,Local Pack CTR for Local Businesses in Kathmandu,Local business,local pack CTR
9,Local SEO and Google Business Profile,local-seo,89,889,"Adapting Proximity Signals for South Asia: Language, Payments and Behaviour",Local business,proximity signals
9,Local SEO and Google Business Profile,local-seo,90,890,Local-First Apple Business Connect: Winning Customers Within Ten Kilometres,Local business,Apple Business Connect
9,Local SEO and Google Business Profile,local-seo,91,891,Google Business Profile Optimisation for B2B Teams With Long Sales Cycles,B2B,Google Business Profile optimisation
9,Local SEO and Google Business Profile,local-seo,92,892,How B2B Buying Committees Change Your Local Citations Approach,B2B,local citations
9,Local SEO and Google Business Profile,local-seo,93,893,"NAP Consistency That Generates Pipeline, Not Just Traffic",B2B,NAP consistency
9,Local SEO and Google Business Profile,local-seo,94,894,Review Generation for B2C Brands Competing on Attention,B2C,review generation
9,Local SEO and Google Business Profile,local-seo,95,895,High-Volume Review Responses for Consumer Brands,B2C,review responses
9,Local SEO and Google Business Profile,local-seo,96,896,"Map Pack Ranking That Drives Repeat Purchases, Not One-Off Sales",B2C,map pack ranking
9,Local SEO and Google Business Profile,local-seo,97,897,Using AI to Improve Local Landing Pages Without Losing Quality Control,AI-powered,local landing pages
9,Local SEO and Google Business Profile,local-seo,98,898,AI-Assisted Service Area Businesses: Where It Helps and Where It Hurts,AI-powered,service area businesses
9,Local SEO and Google Business Profile,local-seo,99,899,Can AI Agents Handle Multi-Location SEO End to End?,AI-powered,multi-location SEO
9,Local SEO and Google Business Profile,local-seo,100,900,How AI Search Is Changing Local Schema Markup,AI-powered,local schema markup
10,E-commerce SEO and Product Discovery,ecommerce-seo,1,901,What Is Category Page SEO? A Beginner's Guide for Ecommerce SEO,Beginner guide,category page SEO
10,E-commerce SEO and Product Discovery,ecommerce-seo,2,902,Product Page Optimisation Explained: A Plain-English Introduction,Beginner guide,product page optimisation
10,E-commerce SEO and Product Discovery,ecommerce-seo,3,903,Getting Started With Faceted Navigation: What Beginners Need to Know First,Beginner guide,faceted navigation
10,E-commerce SEO and Product Discovery,ecommerce-seo,4,904,Product Schema Markup for Complete Beginners: Core Concepts and First Steps,Beginner guide,product schema markup
10,E-commerce SEO and Product Discovery,ecommerce-seo,5,905,Advanced Customer Review SEO: Techniques Experienced Teams Actually Use,Advanced guide,customer review SEO
10,E-commerce SEO and Product Discovery,ecommerce-seo,6,906,Out-Of-Stock Pages at Scale: What Changes Once You Outgrow the Basics,Advanced guide,out-of-stock pages
10,E-commerce SEO and Product Discovery,ecommerce-seo,7,907,Beyond the Basics: Sophisticated Product Feed Optimisation Tactics That Still Work,Advanced guide,product feed optimisation
10,E-commerce SEO and Product Discovery,ecommerce-seo,8,908,How to Improve Marketplace Listings Without Increasing Your Budget,How-to,marketplace listings
10,E-commerce SEO and Product Discovery,ecommerce-seo,9,909,How to Set Up Collection Pages Correctly the First Time,How-to,collection pages
10,E-commerce SEO and Product Discovery,ecommerce-seo,10,910,How to Fix Internal Search Data When It Stops Delivering Results,How-to,internal search data
10,E-commerce SEO and Product Discovery,ecommerce-seo,11,911,How to Audit Your Duplicate Product Content in Under an Hour,How-to,duplicate product content
10,E-commerce SEO and Product Discovery,ecommerce-seo,12,912,Step-by-Step: Building Your First Seasonal Merchandising Workflow,Step-by-step tutorial,seasonal merchandising
10,E-commerce SEO and Product Discovery,ecommerce-seo,13,913,"A Practical Walkthrough of Cart Abandonment Content, From Setup to First Result",Step-by-step tutorial,cart abandonment content
10,E-commerce SEO and Product Discovery,ecommerce-seo,14,914,Configuring Product Comparison Pages in Google Merchant Center: A Step-by-Step Tutorial,Step-by-step tutorial,product comparison pages
10,E-commerce SEO and Product Discovery,ecommerce-seo,15,915,The Complete Guide to Size and Fit Content in 2026,Ultimate guide,size and fit content
10,E-commerce SEO and Product Discovery,ecommerce-seo,16,916,The Definitive Shipping Information Pages Handbook for Modern Marketing Teams,Ultimate guide,shipping information pages
10,E-commerce SEO and Product Discovery,ecommerce-seo,17,917,Everything You Need to Know About B2B Ecommerce SEO,Ultimate guide,B2B ecommerce SEO
10,E-commerce SEO and Product Discovery,ecommerce-seo,18,918,The Headless Commerce Checklist Every Team Should Run Before Launch,Checklist,headless commerce
10,E-commerce SEO and Product Discovery,ecommerce-seo,19,919,A Pre-Launch Category Page SEO Checklist You Can Finish in One Sitting,Checklist,category page SEO
10,E-commerce SEO and Product Discovery,ecommerce-seo,20,920,Monthly Product Page Optimisation Maintenance Checklist for Busy Marketers,Checklist,product page optimisation
10,E-commerce SEO and Product Discovery,ecommerce-seo,21,921,A Reusable Faceted Navigation Template You Can Adapt Today,Template,faceted navigation
10,E-commerce SEO and Product Discovery,ecommerce-seo,22,922,"Free Product Schema Markup Framework: Structure, Fields and Worked Example",Template,product schema markup
10,E-commerce SEO and Product Discovery,ecommerce-seo,23,923,The Customer Review SEO Brief Template That Cuts Revision Cycles,Template,customer review SEO
10,E-commerce SEO and Product Discovery,ecommerce-seo,24,924,12 Real Out-Of-Stock Pages Examples Worth Studying,Examples,out-of-stock pages
10,E-commerce SEO and Product Discovery,ecommerce-seo,25,925,Product Feed Optimisation Examples That Show What Good Actually Looks Like,Examples,product feed optimisation
10,E-commerce SEO and Product Discovery,ecommerce-seo,26,926,Annotated Marketplace Listings Examples: Why Each One Works,Examples,marketplace listings
10,E-commerce SEO and Product Discovery,ecommerce-seo,27,927,Case Study: How One SaaS Brand Rebuilt Its Collection Pages,Case study,collection pages
10,E-commerce SEO and Product Discovery,ecommerce-seo,28,928,Inside a Internal Search Data Turnaround: What Changed and What It Cost,Case study,internal search data
10,E-commerce SEO and Product Discovery,ecommerce-seo,29,929,"A 90-Day Duplicate Product Content Experiment: Method, Results and Lessons",Case study,duplicate product content
10,E-commerce SEO and Product Discovery,ecommerce-seo,30,930,Building a Seasonal Merchandising Strategy That Survives Algorithm Changes,Strategy,seasonal merchandising
10,E-commerce SEO and Product Discovery,ecommerce-seo,31,931,A Sustainable Cart Abandonment Content Strategy for Teams With Limited Resources,Strategy,cart abandonment content
10,E-commerce SEO and Product Discovery,ecommerce-seo,32,932,How to Prioritise Product Comparison Pages When Everything Feels Urgent,Strategy,product comparison pages
10,E-commerce SEO and Product Discovery,ecommerce-seo,33,933,The Strategic Case for Investing in Size and Fit Content This Year,Strategy,size and fit content
10,E-commerce SEO and Product Discovery,ecommerce-seo,34,934,Shipping Information Pages Best Practices That Hold Up Under Scrutiny,Best practices,shipping information pages
10,E-commerce SEO and Product Discovery,ecommerce-seo,35,935,Proven B2B Ecommerce SEO Principles for Consistent Results,Best practices,B2B ecommerce SEO
10,E-commerce SEO and Product Discovery,ecommerce-seo,36,936,What Disciplined Headless Commerce Looks Like in Practice,Best practices,headless commerce
10,E-commerce SEO and Product Discovery,ecommerce-seo,37,937,The Category Page SEO Standards High-Performing Teams Enforce,Best practices,category page SEO
10,E-commerce SEO and Product Discovery,ecommerce-seo,38,938,Common Product Page Optimisation Mistakes That Quietly Cost You Revenue,Mistakes to avoid,product page optimisation
10,E-commerce SEO and Product Discovery,ecommerce-seo,39,939,Seven Product Schema Markup Errors Almost Every Team Makes Early On,Mistakes to avoid,product schema markup
10,E-commerce SEO and Product Discovery,ecommerce-seo,40,940,"Why Most Customer Review SEO Efforts Stall, and How to Avoid It",Mistakes to avoid,customer review SEO
10,E-commerce SEO and Product Discovery,ecommerce-seo,41,941,Out-Of-Stock Pages Anti-Patterns Worth Unlearning,Mistakes to avoid,out-of-stock pages
10,E-commerce SEO and Product Discovery,ecommerce-seo,42,942,Product Feed Optimisation Not Working? A Diagnostic Guide,Problem/solution,product feed optimisation
10,E-commerce SEO and Product Discovery,ecommerce-seo,43,943,"Troubleshooting Marketplace Listings: Symptoms, Causes and Fixes",Problem/solution,marketplace listings
10,E-commerce SEO and Product Discovery,ecommerce-seo,44,944,What to Do When Collection Pages Suddenly Drops,Problem/solution,collection pages
10,E-commerce SEO and Product Discovery,ecommerce-seo,45,945,Fixing Broken Internal Search Data: A Systematic Approach,Problem/solution,internal search data
10,E-commerce SEO and Product Discovery,ecommerce-seo,46,946,"Duplicate Product Content: Frequently Asked Questions, Answered Directly",FAQ,duplicate product content
10,E-commerce SEO and Product Discovery,ecommerce-seo,47,947,Is Seasonal Merchandising Worth the Investment? An Honest Assessment,FAQ,seasonal merchandising
10,E-commerce SEO and Product Discovery,ecommerce-seo,48,948,How Long Does Cart Abandonment Content Take to Show Results?,FAQ,cart abandonment content
10,E-commerce SEO and Product Discovery,ecommerce-seo,49,949,Do You Actually Need Product Comparison Pages? A Decision Guide,FAQ,product comparison pages
10,E-commerce SEO and Product Discovery,ecommerce-seo,50,950,Size and Fit Content vs Duplicate Product Content: Which Deserves Your Budget?,Comparison,size and fit content
10,E-commerce SEO and Product Discovery,ecommerce-seo,51,951,"Comparing Shipping Information Pages and Cart Abandonment Content: Strengths, Limits and Overlap",Comparison,shipping information pages
10,E-commerce SEO and Product Discovery,ecommerce-seo,52,952,B2B Ecommerce SEO or Size and Fit Content? A Decision Framework for Marketing Teams,Comparison,B2B ecommerce SEO
10,E-commerce SEO and Product Discovery,ecommerce-seo,53,953,When to Choose Headless Commerce Over B2B Ecommerce SEO,Comparison,headless commerce
10,E-commerce SEO and Product Discovery,ecommerce-seo,54,954,Alternatives to Category Page SEO: When It Is the Wrong Tool for the Job,Alternatives,category page SEO
10,E-commerce SEO and Product Discovery,ecommerce-seo,55,955,What to Use Instead of Product Page Optimisation for Constrained Teams,Alternatives,product page optimisation
10,E-commerce SEO and Product Discovery,ecommerce-seo,56,956,Rethinking Faceted Navigation: Three Credible Alternatives,Alternatives,faceted navigation
10,E-commerce SEO and Product Discovery,ecommerce-seo,57,957,"The Best Tools for Product Schema Markup, Compared Honestly",Tools comparison,product schema markup
10,E-commerce SEO and Product Discovery,ecommerce-seo,58,958,"Magento for Customer Review SEO: Capabilities, Gaps and Fit",Tools comparison,customer review SEO
10,E-commerce SEO and Product Discovery,ecommerce-seo,59,959,Choosing Out-Of-Stock Pages Software: Evaluation Criteria That Matter,Tools comparison,out-of-stock pages
10,E-commerce SEO and Product Discovery,ecommerce-seo,60,960,How Much Does Product Feed Optimisation Really Cost in 2026?,Pricing,product feed optimisation
10,E-commerce SEO and Product Discovery,ecommerce-seo,61,961,Marketplace Listings Pricing Explained: What Drives the Bill,Pricing,marketplace listings
10,E-commerce SEO and Product Discovery,ecommerce-seo,62,962,Budgeting for Collection Pages: Realistic Numbers by Company Size,Pricing,collection pages
10,E-commerce SEO and Product Discovery,ecommerce-seo,63,963,Measuring the ROI of Internal Search Data Without Guesswork,ROI,internal search data
10,E-commerce SEO and Product Discovery,ecommerce-seo,64,964,Does Duplicate Product Content Pay for Itself? A Calculation Method,ROI,duplicate product content
10,E-commerce SEO and Product Discovery,ecommerce-seo,65,965,Proving the Business Value of Seasonal Merchandising to Finance,ROI,seasonal merchandising
10,E-commerce SEO and Product Discovery,ecommerce-seo,66,966,Cart Abandonment Content Statistics That Should Shape Your 2026 Plan,Statistics,cart abandonment content
10,E-commerce SEO and Product Discovery,ecommerce-seo,67,967,What the Data Says About Product Comparison Pages Performance,Statistics,product comparison pages
10,E-commerce SEO and Product Discovery,ecommerce-seo,68,968,"Size and Fit Content by the Numbers: Adoption, Cost and Outcomes",Statistics,size and fit content
10,E-commerce SEO and Product Discovery,ecommerce-seo,69,969,Shipping Information Pages Trends Reshaping Marketing in 2026,Trends,shipping information pages
10,E-commerce SEO and Product Discovery,ecommerce-seo,70,970,"What Changed in B2B Ecommerce SEO This Year, and Why It Matters",Trends,B2B ecommerce SEO
10,E-commerce SEO and Product Discovery,ecommerce-seo,71,971,Emerging Shifts in Headless Commerce Worth Watching,Trends,headless commerce
10,E-commerce SEO and Product Discovery,ecommerce-seo,72,972,Where Category Page SEO Is Heading Next: A Considered Forecast,Predictions,category page SEO
10,E-commerce SEO and Product Discovery,ecommerce-seo,73,973,"Product Page Optimisation in Three Years: Reasonable Predictions, Not Hype",Predictions,product page optimisation
10,E-commerce SEO and Product Discovery,ecommerce-seo,74,974,Preparing Faceted Navigation for the Post-Search Era,Predictions,faceted navigation
10,E-commerce SEO and Product Discovery,ecommerce-seo,75,975,What Is a Good Product Schema Markup Benchmark? Numbers by Industry,Benchmarks,product schema markup
10,E-commerce SEO and Product Discovery,ecommerce-seo,76,976,Customer Review SEO Benchmarks: How to Tell Good From Average,Benchmarks,customer review SEO
10,E-commerce SEO and Product Discovery,ecommerce-seo,77,977,Setting Realistic Out-Of-Stock Pages Targets Your Team Can Hit,Benchmarks,out-of-stock pages
10,E-commerce SEO and Product Discovery,ecommerce-seo,78,978,Product Feed Optimisation for Education Companies: What Is Different,Industry-specific,product feed optimisation
10,E-commerce SEO and Product Discovery,ecommerce-seo,79,979,Applying Marketplace Listings in Real Estate: Constraints and Opportunities,Industry-specific,marketplace listings
10,E-commerce SEO and Product Discovery,ecommerce-seo,80,980,Hospitality Collection Pages: A Sector-Specific Playbook,Industry-specific,collection pages
10,E-commerce SEO and Product Discovery,ecommerce-seo,81,981,Why Standard Internal Search Data Advice Fails in Financial Services,Industry-specific,internal search data
10,E-commerce SEO and Product Discovery,ecommerce-seo,82,982,Duplicate Product Content for Solo Founders on a Tight Budget,Small business,duplicate product content
10,E-commerce SEO and Product Discovery,ecommerce-seo,83,983,Practical Seasonal Merchandising When You Are the Entire Marketing Team,Small business,seasonal merchandising
10,E-commerce SEO and Product Discovery,ecommerce-seo,84,984,"Cart Abandonment Content for Startups: Start Here, Skip the Rest",Small business,cart abandonment content
10,E-commerce SEO and Product Discovery,ecommerce-seo,85,985,"Product Comparison Pages for Regulated Industries: Governance, Scale and Sign-Off",Enterprise,product comparison pages
10,E-commerce SEO and Product Discovery,ecommerce-seo,86,986,Rolling Out Size and Fit Content Across Enterprise Teams Without Chaos,Enterprise,size and fit content
10,E-commerce SEO and Product Discovery,ecommerce-seo,87,987,Enterprise Shipping Information Pages: Coordination Costs and How to Contain Them,Enterprise,shipping information pages
10,E-commerce SEO and Product Discovery,ecommerce-seo,88,988,B2B Ecommerce SEO for Local Businesses in South Asia,Local business,B2B ecommerce SEO
10,E-commerce SEO and Product Discovery,ecommerce-seo,89,989,"Adapting Headless Commerce for Emerging Markets: Language, Payments and Behaviour",Local business,headless commerce
10,E-commerce SEO and Product Discovery,ecommerce-seo,90,990,Local-First Category Page SEO: Winning Customers Within Ten Kilometres,Local business,category page SEO
10,E-commerce SEO and Product Discovery,ecommerce-seo,91,991,Product Page Optimisation for B2B Teams With Long Sales Cycles,B2B,product page optimisation
10,E-commerce SEO and Product Discovery,ecommerce-seo,92,992,How B2B Buying Committees Change Your Faceted Navigation Approach,B2B,faceted navigation
10,E-commerce SEO and Product Discovery,ecommerce-seo,93,993,"Product Schema Markup That Generates Pipeline, Not Just Traffic",B2B,product schema markup
10,E-commerce SEO and Product Discovery,ecommerce-seo,94,994,Customer Review SEO for B2C Brands Competing on Attention,B2C,customer review SEO
10,E-commerce SEO and Product Discovery,ecommerce-seo,95,995,High-Volume Out-Of-Stock Pages for Consumer Brands,B2C,out-of-stock pages
10,E-commerce SEO and Product Discovery,ecommerce-seo,96,996,"Product Feed Optimisation That Drives Repeat Purchases, Not One-Off Sales",B2C,product feed optimisation
10,E-commerce SEO and Product Discovery,ecommerce-seo,97,997,Using AI to Improve Marketplace Listings Without Losing Quality Control,AI-powered,marketplace listings
10,E-commerce SEO and Product Discovery,ecommerce-seo,98,998,AI-Assisted Collection Pages: Where It Helps and Where It Hurts,AI-powered,collection pages
10,E-commerce SEO and Product Discovery,ecommerce-seo,99,999,Can AI Agents Handle Internal Search Data End to End?,AI-powered,internal search data
10,E-commerce SEO and Product Discovery,ecommerce-seo,100,1000,How AI Search Is Changing Duplicate Product Content,AI-powered,duplicate product content
11,Enterprise and Multi-Site SEO Governance,enterprise-seo,1,1001,What Is SEO Governance Model? A Beginner's Guide for Enterprise SEO,Beginner guide,SEO governance model
11,Enterprise and Multi-Site SEO Governance,enterprise-seo,2,1002,Stakeholder Alignment Explained: A Plain-English Introduction,Beginner guide,stakeholder alignment
11,Enterprise and Multi-Site SEO Governance,enterprise-seo,3,1003,Getting Started With Scaled Technical Audits: What Beginners Need to Know First,Beginner guide,scaled technical audits
11,Enterprise and Multi-Site SEO Governance,enterprise-seo,4,1004,Template-Level Optimisation for Complete Beginners: Core Concepts and First Steps,Beginner guide,template-level optimisation
11,Enterprise and Multi-Site SEO Governance,enterprise-seo,5,1005,Advanced Site Migration Planning: Techniques Experienced Teams Actually Use,Advanced guide,site migration planning
11,Enterprise and Multi-Site SEO Governance,enterprise-seo,6,1006,International SEO at Scale: What Changes Once You Outgrow the Basics,Advanced guide,international SEO
11,Enterprise and Multi-Site SEO Governance,enterprise-seo,7,1007,Beyond the Basics: Sophisticated Hreflang at Scale Tactics That Still Work,Advanced guide,hreflang at scale
11,Enterprise and Multi-Site SEO Governance,enterprise-seo,8,1008,How to Improve SEO Forecasting Models Without Increasing Your Budget,How-to,SEO forecasting models
11,Enterprise and Multi-Site SEO Governance,enterprise-seo,9,1009,How to Set Up Business Case for SEO Correctly the First Time,How-to,business case for SEO
11,Enterprise and Multi-Site SEO Governance,enterprise-seo,10,1010,How to Fix SEO Documentation When It Stops Delivering Results,How-to,SEO documentation
11,Enterprise and Multi-Site SEO Governance,enterprise-seo,11,1011,How to Audit Your Cross-Team Workflows in Under an Hour,How-to,cross-team workflows
11,Enterprise and Multi-Site SEO Governance,enterprise-seo,12,1012,Step-by-Step: Building Your First Platform Selection Workflow,Step-by-step tutorial,platform selection
11,Enterprise and Multi-Site SEO Governance,enterprise-seo,13,1013,"A Practical Walkthrough of Change Management, From Setup to First Result",Step-by-step tutorial,change management
11,Enterprise and Multi-Site SEO Governance,enterprise-seo,14,1014,Configuring Regression Monitoring in BrightEdge: A Step-by-Step Tutorial,Step-by-step tutorial,regression monitoring
11,Enterprise and Multi-Site SEO Governance,enterprise-seo,15,1015,The Complete Guide to Enterprise Reporting in 2026,Ultimate guide,enterprise reporting
11,Enterprise and Multi-Site SEO Governance,enterprise-seo,16,1016,The Definitive SEO Centre of Excellence Handbook for Modern Marketing Teams,Ultimate guide,SEO centre of excellence
11,Enterprise and Multi-Site SEO Governance,enterprise-seo,17,1017,Everything You Need to Know About Compliance and Legal Review,Ultimate guide,compliance and legal review
11,Enterprise and Multi-Site SEO Governance,enterprise-seo,18,1018,The Multi-Brand Architecture Checklist Every Team Should Run Before Launch,Checklist,multi-brand architecture
11,Enterprise and Multi-Site SEO Governance,enterprise-seo,19,1019,A Pre-Launch SEO Governance Model Checklist You Can Finish in One Sitting,Checklist,SEO governance model
11,Enterprise and Multi-Site SEO Governance,enterprise-seo,20,1020,Monthly Stakeholder Alignment Maintenance Checklist for Busy Marketers,Checklist,stakeholder alignment
11,Enterprise and Multi-Site SEO Governance,enterprise-seo,21,1021,A Reusable Scaled Technical Audits Template You Can Adapt Today,Template,scaled technical audits
11,Enterprise and Multi-Site SEO Governance,enterprise-seo,22,1022,"Free Template-Level Optimisation Framework: Structure, Fields and Worked Example",Template,template-level optimisation
11,Enterprise and Multi-Site SEO Governance,enterprise-seo,23,1023,The Site Migration Planning Brief Template That Cuts Revision Cycles,Template,site migration planning
11,Enterprise and Multi-Site SEO Governance,enterprise-seo,24,1024,12 Real International SEO Examples Worth Studying,Examples,international SEO
11,Enterprise and Multi-Site SEO Governance,enterprise-seo,25,1025,Hreflang at Scale Examples That Show What Good Actually Looks Like,Examples,hreflang at scale
11,Enterprise and Multi-Site SEO Governance,enterprise-seo,26,1026,Annotated SEO Forecasting Models Examples: Why Each One Works,Examples,SEO forecasting models
11,Enterprise and Multi-Site SEO Governance,enterprise-seo,27,1027,Case Study: How One E-Commerce Brand Rebuilt Its Business Case for SEO,Case study,business case for SEO
11,Enterprise and Multi-Site SEO Governance,enterprise-seo,28,1028,Inside a SEO Documentation Turnaround: What Changed and What It Cost,Case study,SEO documentation
11,Enterprise and Multi-Site SEO Governance,enterprise-seo,29,1029,"A 90-Day Cross-Team Workflows Experiment: Method, Results and Lessons",Case study,cross-team workflows
11,Enterprise and Multi-Site SEO Governance,enterprise-seo,30,1030,Building a Platform Selection Strategy That Survives Algorithm Changes,Strategy,platform selection
11,Enterprise and Multi-Site SEO Governance,enterprise-seo,31,1031,A Sustainable Change Management Strategy for Teams With Limited Resources,Strategy,change management
11,Enterprise and Multi-Site SEO Governance,enterprise-seo,32,1032,How to Prioritise Regression Monitoring When Everything Feels Urgent,Strategy,regression monitoring
11,Enterprise and Multi-Site SEO Governance,enterprise-seo,33,1033,The Strategic Case for Investing in Enterprise Reporting This Year,Strategy,enterprise reporting
11,Enterprise and Multi-Site SEO Governance,enterprise-seo,34,1034,SEO Centre of Excellence Best Practices That Hold Up Under Scrutiny,Best practices,SEO centre of excellence
11,Enterprise and Multi-Site SEO Governance,enterprise-seo,35,1035,Proven Compliance and Legal Review Principles for Consistent Results,Best practices,compliance and legal review
11,Enterprise and Multi-Site SEO Governance,enterprise-seo,36,1036,What Disciplined Multi-Brand Architecture Looks Like in Practice,Best practices,multi-brand architecture
11,Enterprise and Multi-Site SEO Governance,enterprise-seo,37,1037,The SEO Governance Model Standards High-Performing Teams Enforce,Best practices,SEO governance model
11,Enterprise and Multi-Site SEO Governance,enterprise-seo,38,1038,Common Stakeholder Alignment Mistakes That Quietly Cost You Revenue,Mistakes to avoid,stakeholder alignment
11,Enterprise and Multi-Site SEO Governance,enterprise-seo,39,1039,Seven Scaled Technical Audits Errors Almost Every Team Makes Early On,Mistakes to avoid,scaled technical audits
11,Enterprise and Multi-Site SEO Governance,enterprise-seo,40,1040,"Why Most Template-Level Optimisation Efforts Stall, and How to Avoid It",Mistakes to avoid,template-level optimisation
11,Enterprise and Multi-Site SEO Governance,enterprise-seo,41,1041,Site Migration Planning Anti-Patterns Worth Unlearning,Mistakes to avoid,site migration planning
11,Enterprise and Multi-Site SEO Governance,enterprise-seo,42,1042,International SEO Not Working? A Diagnostic Guide,Problem/solution,international SEO
11,Enterprise and Multi-Site SEO Governance,enterprise-seo,43,1043,"Troubleshooting Hreflang at Scale: Symptoms, Causes and Fixes",Problem/solution,hreflang at scale
11,Enterprise and Multi-Site SEO Governance,enterprise-seo,44,1044,What to Do When SEO Forecasting Models Suddenly Drops,Problem/solution,SEO forecasting models
11,Enterprise and Multi-Site SEO Governance,enterprise-seo,45,1045,Fixing Broken Business Case for SEO: A Systematic Approach,Problem/solution,business case for SEO
11,Enterprise and Multi-Site SEO Governance,enterprise-seo,46,1046,"SEO Documentation: Frequently Asked Questions, Answered Directly",FAQ,SEO documentation
11,Enterprise and Multi-Site SEO Governance,enterprise-seo,47,1047,Is Cross-Team Workflows Worth the Investment? An Honest Assessment,FAQ,cross-team workflows
11,Enterprise and Multi-Site SEO Governance,enterprise-seo,48,1048,How Long Does Platform Selection Take to Show Results?,FAQ,platform selection
11,Enterprise and Multi-Site SEO Governance,enterprise-seo,49,1049,Do You Actually Need Change Management? A Decision Guide,FAQ,change management
11,Enterprise and Multi-Site SEO Governance,enterprise-seo,50,1050,Regression Monitoring vs SEO Documentation: Which Deserves Your Budget?,Comparison,regression monitoring
11,Enterprise and Multi-Site SEO Governance,enterprise-seo,51,1051,"Comparing Enterprise Reporting and Platform Selection: Strengths, Limits and Overlap",Comparison,enterprise reporting
11,Enterprise and Multi-Site SEO Governance,enterprise-seo,52,1052,SEO Centre of Excellence or Regression Monitoring? A Decision Framework for Marketing Teams,Comparison,SEO centre of excellence
11,Enterprise and Multi-Site SEO Governance,enterprise-seo,53,1053,When to Choose Compliance and Legal Review Over SEO Centre of Excellence,Comparison,compliance and legal review
11,Enterprise and Multi-Site SEO Governance,enterprise-seo,54,1054,Alternatives to Multi-Brand Architecture: When It Is the Wrong Tool for the Job,Alternatives,multi-brand architecture
11,Enterprise and Multi-Site SEO Governance,enterprise-seo,55,1055,What to Use Instead of SEO Governance Model for Constrained Teams,Alternatives,SEO governance model
11,Enterprise and Multi-Site SEO Governance,enterprise-seo,56,1056,Rethinking Stakeholder Alignment: Three Credible Alternatives,Alternatives,stakeholder alignment
11,Enterprise and Multi-Site SEO Governance,enterprise-seo,57,1057,"The Best Tools for Scaled Technical Audits, Compared Honestly",Tools comparison,scaled technical audits
11,Enterprise and Multi-Site SEO Governance,enterprise-seo,58,1058,"seoClarity for Template-Level Optimisation: Capabilities, Gaps and Fit",Tools comparison,template-level optimisation
11,Enterprise and Multi-Site SEO Governance,enterprise-seo,59,1059,Choosing Site Migration Planning Software: Evaluation Criteria That Matter,Tools comparison,site migration planning
11,Enterprise and Multi-Site SEO Governance,enterprise-seo,60,1060,How Much Does International SEO Really Cost in 2026?,Pricing,international SEO
11,Enterprise and Multi-Site SEO Governance,enterprise-seo,61,1061,Hreflang at Scale Pricing Explained: What Drives the Bill,Pricing,hreflang at scale
11,Enterprise and Multi-Site SEO Governance,enterprise-seo,62,1062,Budgeting for SEO Forecasting Models: Realistic Numbers by Company Size,Pricing,SEO forecasting models
11,Enterprise and Multi-Site SEO Governance,enterprise-seo,63,1063,Measuring the ROI of Business Case for SEO Without Guesswork,ROI,business case for SEO
11,Enterprise and Multi-Site SEO Governance,enterprise-seo,64,1064,Does SEO Documentation Pay for Itself? A Calculation Method,ROI,SEO documentation
11,Enterprise and Multi-Site SEO Governance,enterprise-seo,65,1065,Proving the Business Value of Cross-Team Workflows to Finance,ROI,cross-team workflows
11,Enterprise and Multi-Site SEO Governance,enterprise-seo,66,1066,Platform Selection Statistics That Should Shape Your 2026 Plan,Statistics,platform selection
11,Enterprise and Multi-Site SEO Governance,enterprise-seo,67,1067,What the Data Says About Change Management Performance,Statistics,change management
11,Enterprise and Multi-Site SEO Governance,enterprise-seo,68,1068,"Regression Monitoring by the Numbers: Adoption, Cost and Outcomes",Statistics,regression monitoring
11,Enterprise and Multi-Site SEO Governance,enterprise-seo,69,1069,Enterprise Reporting Trends Reshaping Marketing in 2026,Trends,enterprise reporting
11,Enterprise and Multi-Site SEO Governance,enterprise-seo,70,1070,"What Changed in SEO Centre of Excellence This Year, and Why It Matters",Trends,SEO centre of excellence
11,Enterprise and Multi-Site SEO Governance,enterprise-seo,71,1071,Emerging Shifts in Compliance and Legal Review Worth Watching,Trends,compliance and legal review
11,Enterprise and Multi-Site SEO Governance,enterprise-seo,72,1072,Where Multi-Brand Architecture Is Heading Next: A Considered Forecast,Predictions,multi-brand architecture
11,Enterprise and Multi-Site SEO Governance,enterprise-seo,73,1073,"SEO Governance Model in Three Years: Reasonable Predictions, Not Hype",Predictions,SEO governance model
11,Enterprise and Multi-Site SEO Governance,enterprise-seo,74,1074,Preparing Stakeholder Alignment for the Post-Search Era,Predictions,stakeholder alignment
11,Enterprise and Multi-Site SEO Governance,enterprise-seo,75,1075,What Is a Good Scaled Technical Audits Benchmark? Numbers by Industry,Benchmarks,scaled technical audits
11,Enterprise and Multi-Site SEO Governance,enterprise-seo,76,1076,Template-Level Optimisation Benchmarks: How to Tell Good From Average,Benchmarks,template-level optimisation
11,Enterprise and Multi-Site SEO Governance,enterprise-seo,77,1077,Setting Realistic Site Migration Planning Targets Your Team Can Hit,Benchmarks,site migration planning
11,Enterprise and Multi-Site SEO Governance,enterprise-seo,78,1078,International SEO for Real Estate Companies: What Is Different,Industry-specific,international SEO
11,Enterprise and Multi-Site SEO Governance,enterprise-seo,79,1079,Applying Hreflang at Scale in Hospitality: Constraints and Opportunities,Industry-specific,hreflang at scale
11,Enterprise and Multi-Site SEO Governance,enterprise-seo,80,1080,Financial Services SEO Forecasting Models: A Sector-Specific Playbook,Industry-specific,SEO forecasting models
11,Enterprise and Multi-Site SEO Governance,enterprise-seo,81,1081,Why Standard Business Case for SEO Advice Fails in Travel,Industry-specific,business case for SEO
11,Enterprise and Multi-Site SEO Governance,enterprise-seo,82,1082,SEO Documentation for Local Shops on a Tight Budget,Small business,SEO documentation
11,Enterprise and Multi-Site SEO Governance,enterprise-seo,83,1083,Practical Cross-Team Workflows When You Are the Entire Marketing Team,Small business,cross-team workflows
11,Enterprise and Multi-Site SEO Governance,enterprise-seo,84,1084,"Platform Selection for Freelancers: Start Here, Skip the Rest",Small business,platform selection
11,Enterprise and Multi-Site SEO Governance,enterprise-seo,85,1085,"Change Management for Enterprise Teams: Governance, Scale and Sign-Off",Enterprise,change management
11,Enterprise and Multi-Site SEO Governance,enterprise-seo,86,1086,Rolling Out Regression Monitoring Across Large Organisations Without Chaos,Enterprise,regression monitoring
11,Enterprise and Multi-Site SEO Governance,enterprise-seo,87,1087,Enterprise Enterprise Reporting: Coordination Costs and How to Contain Them,Enterprise,enterprise reporting
11,Enterprise and Multi-Site SEO Governance,enterprise-seo,88,1088,SEO Centre of Excellence for Local Businesses in Emerging Markets,Local business,SEO centre of excellence
11,Enterprise and Multi-Site SEO Governance,enterprise-seo,89,1089,"Adapting Compliance and Legal Review for Multilingual Markets: Language, Payments and Behaviour",Local business,compliance and legal review
11,Enterprise and Multi-Site SEO Governance,enterprise-seo,90,1090,Local-First Multi-Brand Architecture: Winning Customers Within Ten Kilometres,Local business,multi-brand architecture
11,Enterprise and Multi-Site SEO Governance,enterprise-seo,91,1091,SEO Governance Model for B2B Teams With Long Sales Cycles,B2B,SEO governance model
11,Enterprise and Multi-Site SEO Governance,enterprise-seo,92,1092,How B2B Buying Committees Change Your Stakeholder Alignment Approach,B2B,stakeholder alignment
11,Enterprise and Multi-Site SEO Governance,enterprise-seo,93,1093,"Scaled Technical Audits That Generates Pipeline, Not Just Traffic",B2B,scaled technical audits
11,Enterprise and Multi-Site SEO Governance,enterprise-seo,94,1094,Template-Level Optimisation for B2C Brands Competing on Attention,B2C,template-level optimisation
11,Enterprise and Multi-Site SEO Governance,enterprise-seo,95,1095,High-Volume Site Migration Planning for Consumer Brands,B2C,site migration planning
11,Enterprise and Multi-Site SEO Governance,enterprise-seo,96,1096,"International SEO That Drives Repeat Purchases, Not One-Off Sales",B2C,international SEO
11,Enterprise and Multi-Site SEO Governance,enterprise-seo,97,1097,Using AI to Improve Hreflang at Scale Without Losing Quality Control,AI-powered,hreflang at scale
11,Enterprise and Multi-Site SEO Governance,enterprise-seo,98,1098,AI-Assisted SEO Forecasting Models: Where It Helps and Where It Hurts,AI-powered,SEO forecasting models
11,Enterprise and Multi-Site SEO Governance,enterprise-seo,99,1099,Can AI Agents Handle Business Case for SEO End to End?,AI-powered,business case for SEO
11,Enterprise and Multi-Site SEO Governance,enterprise-seo,100,1100,How AI Search Is Changing SEO Documentation,AI-powered,SEO documentation
12,Competitor and Market Intelligence,competitor-analysis,1,1101,What Is SERP Competitor Mapping? A Beginner's Guide for Competitor Analysis,Beginner guide,SERP competitor mapping
12,Competitor and Market Intelligence,competitor-analysis,2,1102,Content Gap Analysis Explained: A Plain-English Introduction,Beginner guide,content gap analysis
12,Competitor and Market Intelligence,competitor-analysis,3,1103,Getting Started With Backlink Gap Analysis: What Beginners Need to Know First,Beginner guide,backlink gap analysis
12,Competitor and Market Intelligence,competitor-analysis,4,1104,Competitor Ad Intelligence for Complete Beginners: Core Concepts and First Steps,Beginner guide,competitor ad intelligence
12,Competitor and Market Intelligence,competitor-analysis,5,1105,Advanced Pricing Page Analysis: Techniques Experienced Teams Actually Use,Advanced guide,pricing page analysis
12,Competitor and Market Intelligence,competitor-analysis,6,1106,Share of Voice Tracking at Scale: What Changes Once You Outgrow the Basics,Advanced guide,share of voice tracking
12,Competitor and Market Intelligence,competitor-analysis,7,1107,Beyond the Basics: Sophisticated Positioning Maps Tactics That Still Work,Advanced guide,positioning maps
12,Competitor and Market Intelligence,competitor-analysis,8,1108,How to Improve Feature Comparison Matrix Without Increasing Your Budget,How-to,feature comparison matrix
12,Competitor and Market Intelligence,competitor-analysis,9,1109,How to Set Up Win-Loss Analysis Correctly the First Time,How-to,win-loss analysis
12,Competitor and Market Intelligence,competitor-analysis,10,1110,How to Fix Competitor Content Velocity When It Stops Delivering Results,How-to,competitor content velocity
12,Competitor and Market Intelligence,competitor-analysis,11,1111,How to Audit Your Sales Battlecards in Under an Hour,How-to,sales battlecards
12,Competitor and Market Intelligence,competitor-analysis,12,1112,Step-by-Step: Building Your First Market Sizing Workflow,Step-by-step tutorial,market sizing
12,Competitor and Market Intelligence,competitor-analysis,13,1113,"A Practical Walkthrough of Competitor Tech Stack, From Setup to First Result",Step-by-step tutorial,competitor tech stack
12,Competitor and Market Intelligence,competitor-analysis,14,1114,Configuring Review Mining in SpyFu: A Step-by-Step Tutorial,Step-by-step tutorial,review mining
12,Competitor and Market Intelligence,competitor-analysis,15,1115,The Complete Guide to SWOT for Marketing in 2026,Ultimate guide,SWOT for marketing
12,Competitor and Market Intelligence,competitor-analysis,16,1116,The Definitive Category Benchmarking Handbook for Modern Marketing Teams,Ultimate guide,category benchmarking
12,Competitor and Market Intelligence,competitor-analysis,17,1117,Everything You Need to Know About SERP Competitor Mapping,Ultimate guide,SERP competitor mapping
12,Competitor and Market Intelligence,competitor-analysis,18,1118,The Content Gap Analysis Checklist Every Team Should Run Before Launch,Checklist,content gap analysis
12,Competitor and Market Intelligence,competitor-analysis,19,1119,A Pre-Launch Backlink Gap Analysis Checklist You Can Finish in One Sitting,Checklist,backlink gap analysis
12,Competitor and Market Intelligence,competitor-analysis,20,1120,Monthly Competitor Ad Intelligence Maintenance Checklist for Busy Marketers,Checklist,competitor ad intelligence
12,Competitor and Market Intelligence,competitor-analysis,21,1121,A Reusable Pricing Page Analysis Template You Can Adapt Today,Template,pricing page analysis
12,Competitor and Market Intelligence,competitor-analysis,22,1122,"Free Share of Voice Tracking Framework: Structure, Fields and Worked Example",Template,share of voice tracking
12,Competitor and Market Intelligence,competitor-analysis,23,1123,The Positioning Maps Brief Template That Cuts Revision Cycles,Template,positioning maps
12,Competitor and Market Intelligence,competitor-analysis,24,1124,12 Real Feature Comparison Matrix Examples Worth Studying,Examples,feature comparison matrix
12,Competitor and Market Intelligence,competitor-analysis,25,1125,Win-Loss Analysis Examples That Show What Good Actually Looks Like,Examples,win-loss analysis
12,Competitor and Market Intelligence,competitor-analysis,26,1126,Annotated Competitor Content Velocity Examples: Why Each One Works,Examples,competitor content velocity
12,Competitor and Market Intelligence,competitor-analysis,27,1127,Case Study: How One Healthcare Brand Rebuilt Its Sales Battlecards,Case study,sales battlecards
12,Competitor and Market Intelligence,competitor-analysis,28,1128,Inside a Market Sizing Turnaround: What Changed and What It Cost,Case study,market sizing
12,Competitor and Market Intelligence,competitor-analysis,29,1129,"A 90-Day Competitor Tech Stack Experiment: Method, Results and Lessons",Case study,competitor tech stack
12,Competitor and Market Intelligence,competitor-analysis,30,1130,Building a Review Mining Strategy That Survives Algorithm Changes,Strategy,review mining
12,Competitor and Market Intelligence,competitor-analysis,31,1131,A Sustainable SWOT for Marketing Strategy for Teams With Limited Resources,Strategy,SWOT for marketing
12,Competitor and Market Intelligence,competitor-analysis,32,1132,How to Prioritise Category Benchmarking When Everything Feels Urgent,Strategy,category benchmarking
12,Competitor and Market Intelligence,competitor-analysis,33,1133,The Strategic Case for Investing in SERP Competitor Mapping This Year,Strategy,SERP competitor mapping
12,Competitor and Market Intelligence,competitor-analysis,34,1134,Content Gap Analysis Best Practices That Hold Up Under Scrutiny,Best practices,content gap analysis
12,Competitor and Market Intelligence,competitor-analysis,35,1135,Proven Backlink Gap Analysis Principles for Consistent Results,Best practices,backlink gap analysis
12,Competitor and Market Intelligence,competitor-analysis,36,1136,What Disciplined Competitor Ad Intelligence Looks Like in Practice,Best practices,competitor ad intelligence
12,Competitor and Market Intelligence,competitor-analysis,37,1137,The Pricing Page Analysis Standards High-Performing Teams Enforce,Best practices,pricing page analysis
12,Competitor and Market Intelligence,competitor-analysis,38,1138,Common Share of Voice Tracking Mistakes That Quietly Cost You Revenue,Mistakes to avoid,share of voice tracking
12,Competitor and Market Intelligence,competitor-analysis,39,1139,Seven Positioning Maps Errors Almost Every Team Makes Early On,Mistakes to avoid,positioning maps
12,Competitor and Market Intelligence,competitor-analysis,40,1140,"Why Most Feature Comparison Matrix Efforts Stall, and How to Avoid It",Mistakes to avoid,feature comparison matrix
12,Competitor and Market Intelligence,competitor-analysis,41,1141,Win-Loss Analysis Anti-Patterns Worth Unlearning,Mistakes to avoid,win-loss analysis
12,Competitor and Market Intelligence,competitor-analysis,42,1142,Competitor Content Velocity Not Working? A Diagnostic Guide,Problem/solution,competitor content velocity
12,Competitor and Market Intelligence,competitor-analysis,43,1143,"Troubleshooting Sales Battlecards: Symptoms, Causes and Fixes",Problem/solution,sales battlecards
12,Competitor and Market Intelligence,competitor-analysis,44,1144,What to Do When Market Sizing Suddenly Drops,Problem/solution,market sizing
12,Competitor and Market Intelligence,competitor-analysis,45,1145,Fixing Broken Competitor Tech Stack: A Systematic Approach,Problem/solution,competitor tech stack
12,Competitor and Market Intelligence,competitor-analysis,46,1146,"Review Mining: Frequently Asked Questions, Answered Directly",FAQ,review mining
12,Competitor and Market Intelligence,competitor-analysis,47,1147,Is SWOT for Marketing Worth the Investment? An Honest Assessment,FAQ,SWOT for marketing
12,Competitor and Market Intelligence,competitor-analysis,48,1148,How Long Does Category Benchmarking Take to Show Results?,FAQ,category benchmarking
12,Competitor and Market Intelligence,competitor-analysis,49,1149,Do You Actually Need SERP Competitor Mapping? A Decision Guide,FAQ,SERP competitor mapping
12,Competitor and Market Intelligence,competitor-analysis,50,1150,Content Gap Analysis vs Competitor Ad Intelligence: Which Deserves Your Budget?,Comparison,content gap analysis
12,Competitor and Market Intelligence,competitor-analysis,51,1151,"Comparing Backlink Gap Analysis and Share of Voice Tracking: Strengths, Limits and Overlap",Comparison,backlink gap analysis
12,Competitor and Market Intelligence,competitor-analysis,52,1152,Competitor Ad Intelligence or Feature Comparison Matrix? A Decision Framework for Marketing Teams,Comparison,competitor ad intelligence
12,Competitor and Market Intelligence,competitor-analysis,53,1153,When to Choose Pricing Page Analysis Over Competitor Content Velocity,Comparison,pricing page analysis
12,Competitor and Market Intelligence,competitor-analysis,54,1154,Alternatives to Share of Voice Tracking: When It Is the Wrong Tool for the Job,Alternatives,share of voice tracking
12,Competitor and Market Intelligence,competitor-analysis,55,1155,What to Use Instead of Positioning Maps for Constrained Teams,Alternatives,positioning maps
12,Competitor and Market Intelligence,competitor-analysis,56,1156,Rethinking Feature Comparison Matrix: Three Credible Alternatives,Alternatives,feature comparison matrix
12,Competitor and Market Intelligence,competitor-analysis,57,1157,"The Best Tools for Win-Loss Analysis, Compared Honestly",Tools comparison,win-loss analysis
12,Competitor and Market Intelligence,competitor-analysis,58,1158,"SimilarWeb for Competitor Content Velocity: Capabilities, Gaps and Fit",Tools comparison,competitor content velocity
12,Competitor and Market Intelligence,competitor-analysis,59,1159,Choosing Sales Battlecards Software: Evaluation Criteria That Matter,Tools comparison,sales battlecards
12,Competitor and Market Intelligence,competitor-analysis,60,1160,How Much Does Market Sizing Really Cost in 2026?,Pricing,market sizing
12,Competitor and Market Intelligence,competitor-analysis,61,1161,Competitor Tech Stack Pricing Explained: What Drives the Bill,Pricing,competitor tech stack
12,Competitor and Market Intelligence,competitor-analysis,62,1162,Budgeting for Review Mining: Realistic Numbers by Company Size,Pricing,review mining
12,Competitor and Market Intelligence,competitor-analysis,63,1163,Measuring the ROI of SWOT for Marketing Without Guesswork,ROI,SWOT for marketing
12,Competitor and Market Intelligence,competitor-analysis,64,1164,Does Category Benchmarking Pay for Itself? A Calculation Method,ROI,category benchmarking
12,Competitor and Market Intelligence,competitor-analysis,65,1165,Proving the Business Value of SERP Competitor Mapping to Finance,ROI,SERP competitor mapping
12,Competitor and Market Intelligence,competitor-analysis,66,1166,Content Gap Analysis Statistics That Should Shape Your 2026 Plan,Statistics,content gap analysis
12,Competitor and Market Intelligence,competitor-analysis,67,1167,What the Data Says About Backlink Gap Analysis Performance,Statistics,backlink gap analysis
12,Competitor and Market Intelligence,competitor-analysis,68,1168,"Competitor Ad Intelligence by the Numbers: Adoption, Cost and Outcomes",Statistics,competitor ad intelligence
12,Competitor and Market Intelligence,competitor-analysis,69,1169,Pricing Page Analysis Trends Reshaping Marketing in 2026,Trends,pricing page analysis
12,Competitor and Market Intelligence,competitor-analysis,70,1170,"What Changed in Share of Voice Tracking This Year, and Why It Matters",Trends,share of voice tracking
12,Competitor and Market Intelligence,competitor-analysis,71,1171,Emerging Shifts in Positioning Maps Worth Watching,Trends,positioning maps
12,Competitor and Market Intelligence,competitor-analysis,72,1172,Where Feature Comparison Matrix Is Heading Next: A Considered Forecast,Predictions,feature comparison matrix
12,Competitor and Market Intelligence,competitor-analysis,73,1173,"Win-Loss Analysis in Three Years: Reasonable Predictions, Not Hype",Predictions,win-loss analysis
12,Competitor and Market Intelligence,competitor-analysis,74,1174,Preparing Competitor Content Velocity for the Post-Search Era,Predictions,competitor content velocity
12,Competitor and Market Intelligence,competitor-analysis,75,1175,What Is a Good Sales Battlecards Benchmark? Numbers by Industry,Benchmarks,sales battlecards
12,Competitor and Market Intelligence,competitor-analysis,76,1176,Market Sizing Benchmarks: How to Tell Good From Average,Benchmarks,market sizing
12,Competitor and Market Intelligence,competitor-analysis,77,1177,Setting Realistic Competitor Tech Stack Targets Your Team Can Hit,Benchmarks,competitor tech stack
12,Competitor and Market Intelligence,competitor-analysis,78,1178,Review Mining for Hospitality Companies: What Is Different,Industry-specific,review mining
12,Competitor and Market Intelligence,competitor-analysis,79,1179,Applying SWOT for Marketing in Financial Services: Constraints and Opportunities,Industry-specific,SWOT for marketing
12,Competitor and Market Intelligence,competitor-analysis,80,1180,Travel Category Benchmarking: A Sector-Specific Playbook,Industry-specific,category benchmarking
12,Competitor and Market Intelligence,competitor-analysis,81,1181,Why Standard SERP Competitor Mapping Advice Fails in Fitness,Industry-specific,SERP competitor mapping
12,Competitor and Market Intelligence,competitor-analysis,82,1182,Content Gap Analysis for Startups on a Tight Budget,Small business,content gap analysis
12,Competitor and Market Intelligence,competitor-analysis,83,1183,Practical Backlink Gap Analysis When You Are the Entire Marketing Team,Small business,backlink gap analysis
12,Competitor and Market Intelligence,competitor-analysis,84,1184,"Competitor Ad Intelligence for Family Businesses: Start Here, Skip the Rest",Small business,competitor ad intelligence
12,Competitor and Market Intelligence,competitor-analysis,85,1185,"Pricing Page Analysis for Large Organisations: Governance, Scale and Sign-Off",Enterprise,pricing page analysis
12,Competitor and Market Intelligence,competitor-analysis,86,1186,Rolling Out Share of Voice Tracking Across Multi-Brand Groups Without Chaos,Enterprise,share of voice tracking
12,Competitor and Market Intelligence,competitor-analysis,87,1187,Enterprise Positioning Maps: Coordination Costs and How to Contain Them,Enterprise,positioning maps
12,Competitor and Market Intelligence,competitor-analysis,88,1188,Feature Comparison Matrix for Local Businesses in Multilingual Markets,Local business,feature comparison matrix
12,Competitor and Market Intelligence,competitor-analysis,89,1189,"Adapting Win-Loss Analysis for Nepal: Language, Payments and Behaviour",Local business,win-loss analysis
12,Competitor and Market Intelligence,competitor-analysis,90,1190,Local-First Competitor Content Velocity: Winning Customers Within Ten Kilometres,Local business,competitor content velocity
12,Competitor and Market Intelligence,competitor-analysis,91,1191,Sales Battlecards for B2B Teams With Long Sales Cycles,B2B,sales battlecards
12,Competitor and Market Intelligence,competitor-analysis,92,1192,How B2B Buying Committees Change Your Market Sizing Approach,B2B,market sizing
12,Competitor and Market Intelligence,competitor-analysis,93,1193,"Competitor Tech Stack That Generates Pipeline, Not Just Traffic",B2B,competitor tech stack
12,Competitor and Market Intelligence,competitor-analysis,94,1194,Review Mining for B2C Brands Competing on Attention,B2C,review mining
12,Competitor and Market Intelligence,competitor-analysis,95,1195,High-Volume SWOT for Marketing for Consumer Brands,B2C,SWOT for marketing
12,Competitor and Market Intelligence,competitor-analysis,96,1196,"Category Benchmarking That Drives Repeat Purchases, Not One-Off Sales",B2C,category benchmarking
12,Competitor and Market Intelligence,competitor-analysis,97,1197,Using AI to Improve SERP Competitor Mapping Without Losing Quality Control,AI-powered,SERP competitor mapping
12,Competitor and Market Intelligence,competitor-analysis,98,1198,AI-Assisted Content Gap Analysis: Where It Helps and Where It Hurts,AI-powered,content gap analysis
12,Competitor and Market Intelligence,competitor-analysis,99,1199,Can AI Agents Handle Backlink Gap Analysis End to End?,AI-powered,backlink gap analysis
12,Competitor and Market Intelligence,competitor-analysis,100,1200,How AI Search Is Changing Competitor Ad Intelligence,AI-powered,competitor ad intelligence
13,"SEO Analytics, Reporting and Attribution",seo-analytics,1,1201,What Is Search Console Analysis? A Beginner's Guide for SEO Analytics,Beginner guide,Search Console analysis
13,"SEO Analytics, Reporting and Attribution",seo-analytics,2,1202,GA4 Configuration Explained: A Plain-English Introduction,Beginner guide,GA4 configuration
13,"SEO Analytics, Reporting and Attribution",seo-analytics,3,1203,Getting Started With Rank Tracking Accuracy: What Beginners Need to Know First,Beginner guide,rank tracking accuracy
13,"SEO Analytics, Reporting and Attribution",seo-analytics,4,1204,Attribution Models for Complete Beginners: Core Concepts and First Steps,Beginner guide,attribution models
13,"SEO Analytics, Reporting and Attribution",seo-analytics,5,1205,Advanced Marketing Dashboards: Techniques Experienced Teams Actually Use,Advanced guide,marketing dashboards
13,"SEO Analytics, Reporting and Attribution",seo-analytics,6,1206,Traffic Forecasting at Scale: What Changes Once You Outgrow the Basics,Advanced guide,traffic forecasting
13,"SEO Analytics, Reporting and Attribution",seo-analytics,7,1207,Beyond the Basics: Sophisticated Anomaly Detection Tactics That Still Work,Advanced guide,anomaly detection
13,"SEO Analytics, Reporting and Attribution",seo-analytics,8,1208,How to Improve Click-Through Rate Analysis Without Increasing Your Budget,How-to,click-through rate analysis
13,"SEO Analytics, Reporting and Attribution",seo-analytics,9,1209,How to Set Up Impression Share Correctly the First Time,How-to,impression share
13,"SEO Analytics, Reporting and Attribution",seo-analytics,10,1210,How to Fix Conversion Tracking When It Stops Delivering Results,How-to,conversion tracking
13,"SEO Analytics, Reporting and Attribution",seo-analytics,11,1211,How to Audit Your Assisted Conversions in Under an Hour,How-to,assisted conversions
13,"SEO Analytics, Reporting and Attribution",seo-analytics,12,1212,Step-by-Step: Building Your First Organic Revenue Attribution Workflow,Step-by-step tutorial,organic revenue attribution
13,"SEO Analytics, Reporting and Attribution",seo-analytics,13,1213,"A Practical Walkthrough of Cohort Analysis, From Setup to First Result",Step-by-step tutorial,cohort analysis
13,"SEO Analytics, Reporting and Attribution",seo-analytics,14,1214,Configuring Reporting Cadence in Ahrefs: A Step-by-Step Tutorial,Step-by-step tutorial,reporting cadence
13,"SEO Analytics, Reporting and Attribution",seo-analytics,15,1215,The Complete Guide to Data Blending in 2026,Ultimate guide,data blending
13,"SEO Analytics, Reporting and Attribution",seo-analytics,16,1216,The Definitive Looker Studio Dashboards Handbook for Modern Marketing Teams,Ultimate guide,looker studio dashboards
13,"SEO Analytics, Reporting and Attribution",seo-analytics,17,1217,Everything You Need to Know About Statistical Significance,Ultimate guide,statistical significance
13,"SEO Analytics, Reporting and Attribution",seo-analytics,18,1218,The Seasonality Adjustment Checklist Every Team Should Run Before Launch,Checklist,seasonality adjustment
13,"SEO Analytics, Reporting and Attribution",seo-analytics,19,1219,A Pre-Launch Search Console Analysis Checklist You Can Finish in One Sitting,Checklist,Search Console analysis
13,"SEO Analytics, Reporting and Attribution",seo-analytics,20,1220,Monthly GA4 Configuration Maintenance Checklist for Busy Marketers,Checklist,GA4 configuration
13,"SEO Analytics, Reporting and Attribution",seo-analytics,21,1221,A Reusable Rank Tracking Accuracy Template You Can Adapt Today,Template,rank tracking accuracy
13,"SEO Analytics, Reporting and Attribution",seo-analytics,22,1222,"Free Attribution Models Framework: Structure, Fields and Worked Example",Template,attribution models
13,"SEO Analytics, Reporting and Attribution",seo-analytics,23,1223,The Marketing Dashboards Brief Template That Cuts Revision Cycles,Template,marketing dashboards
13,"SEO Analytics, Reporting and Attribution",seo-analytics,24,1224,12 Real Traffic Forecasting Examples Worth Studying,Examples,traffic forecasting
13,"SEO Analytics, Reporting and Attribution",seo-analytics,25,1225,Anomaly Detection Examples That Show What Good Actually Looks Like,Examples,anomaly detection
13,"SEO Analytics, Reporting and Attribution",seo-analytics,26,1226,Annotated Click-Through Rate Analysis Examples: Why Each One Works,Examples,click-through rate analysis
13,"SEO Analytics, Reporting and Attribution",seo-analytics,27,1227,Case Study: How One Education Brand Rebuilt Its Impression Share,Case study,impression share
13,"SEO Analytics, Reporting and Attribution",seo-analytics,28,1228,Inside a Conversion Tracking Turnaround: What Changed and What It Cost,Case study,conversion tracking
13,"SEO Analytics, Reporting and Attribution",seo-analytics,29,1229,"A 90-Day Assisted Conversions Experiment: Method, Results and Lessons",Case study,assisted conversions
13,"SEO Analytics, Reporting and Attribution",seo-analytics,30,1230,Building a Organic Revenue Attribution Strategy That Survives Algorithm Changes,Strategy,organic revenue attribution
13,"SEO Analytics, Reporting and Attribution",seo-analytics,31,1231,A Sustainable Cohort Analysis Strategy for Teams With Limited Resources,Strategy,cohort analysis
13,"SEO Analytics, Reporting and Attribution",seo-analytics,32,1232,How to Prioritise Reporting Cadence When Everything Feels Urgent,Strategy,reporting cadence
13,"SEO Analytics, Reporting and Attribution",seo-analytics,33,1233,The Strategic Case for Investing in Data Blending This Year,Strategy,data blending
13,"SEO Analytics, Reporting and Attribution",seo-analytics,34,1234,Looker Studio Dashboards Best Practices That Hold Up Under Scrutiny,Best practices,looker studio dashboards
13,"SEO Analytics, Reporting and Attribution",seo-analytics,35,1235,Proven Statistical Significance Principles for Consistent Results,Best practices,statistical significance
13,"SEO Analytics, Reporting and Attribution",seo-analytics,36,1236,What Disciplined Seasonality Adjustment Looks Like in Practice,Best practices,seasonality adjustment
13,"SEO Analytics, Reporting and Attribution",seo-analytics,37,1237,The Search Console Analysis Standards High-Performing Teams Enforce,Best practices,Search Console analysis
13,"SEO Analytics, Reporting and Attribution",seo-analytics,38,1238,Common GA4 Configuration Mistakes That Quietly Cost You Revenue,Mistakes to avoid,GA4 configuration
13,"SEO Analytics, Reporting and Attribution",seo-analytics,39,1239,Seven Rank Tracking Accuracy Errors Almost Every Team Makes Early On,Mistakes to avoid,rank tracking accuracy
13,"SEO Analytics, Reporting and Attribution",seo-analytics,40,1240,"Why Most Attribution Models Efforts Stall, and How to Avoid It",Mistakes to avoid,attribution models
13,"SEO Analytics, Reporting and Attribution",seo-analytics,41,1241,Marketing Dashboards Anti-Patterns Worth Unlearning,Mistakes to avoid,marketing dashboards
13,"SEO Analytics, Reporting and Attribution",seo-analytics,42,1242,Traffic Forecasting Not Working? A Diagnostic Guide,Problem/solution,traffic forecasting
13,"SEO Analytics, Reporting and Attribution",seo-analytics,43,1243,"Troubleshooting Anomaly Detection: Symptoms, Causes and Fixes",Problem/solution,anomaly detection
13,"SEO Analytics, Reporting and Attribution",seo-analytics,44,1244,What to Do When Click-Through Rate Analysis Suddenly Drops,Problem/solution,click-through rate analysis
13,"SEO Analytics, Reporting and Attribution",seo-analytics,45,1245,Fixing Broken Impression Share: A Systematic Approach,Problem/solution,impression share
13,"SEO Analytics, Reporting and Attribution",seo-analytics,46,1246,"Conversion Tracking: Frequently Asked Questions, Answered Directly",FAQ,conversion tracking
13,"SEO Analytics, Reporting and Attribution",seo-analytics,47,1247,Is Assisted Conversions Worth the Investment? An Honest Assessment,FAQ,assisted conversions
13,"SEO Analytics, Reporting and Attribution",seo-analytics,48,1248,How Long Does Organic Revenue Attribution Take to Show Results?,FAQ,organic revenue attribution
13,"SEO Analytics, Reporting and Attribution",seo-analytics,49,1249,Do You Actually Need Cohort Analysis? A Decision Guide,FAQ,cohort analysis
13,"SEO Analytics, Reporting and Attribution",seo-analytics,50,1250,Reporting Cadence vs Conversion Tracking: Which Deserves Your Budget?,Comparison,reporting cadence
13,"SEO Analytics, Reporting and Attribution",seo-analytics,51,1251,"Comparing Data Blending and Organic Revenue Attribution: Strengths, Limits and Overlap",Comparison,data blending
13,"SEO Analytics, Reporting and Attribution",seo-analytics,52,1252,Looker Studio Dashboards or Reporting Cadence? A Decision Framework for Marketing Teams,Comparison,looker studio dashboards
13,"SEO Analytics, Reporting and Attribution",seo-analytics,53,1253,When to Choose Statistical Significance Over Looker Studio Dashboards,Comparison,statistical significance
13,"SEO Analytics, Reporting and Attribution",seo-analytics,54,1254,Alternatives to Seasonality Adjustment: When It Is the Wrong Tool for the Job,Alternatives,seasonality adjustment
13,"SEO Analytics, Reporting and Attribution",seo-analytics,55,1255,What to Use Instead of Search Console Analysis for Constrained Teams,Alternatives,Search Console analysis
13,"SEO Analytics, Reporting and Attribution",seo-analytics,56,1256,Rethinking GA4 Configuration: Three Credible Alternatives,Alternatives,GA4 configuration
13,"SEO Analytics, Reporting and Attribution",seo-analytics,57,1257,"The Best Tools for Rank Tracking Accuracy, Compared Honestly",Tools comparison,rank tracking accuracy
13,"SEO Analytics, Reporting and Attribution",seo-analytics,58,1258,"Looker Studio for Attribution Models: Capabilities, Gaps and Fit",Tools comparison,attribution models
13,"SEO Analytics, Reporting and Attribution",seo-analytics,59,1259,Choosing Marketing Dashboards Software: Evaluation Criteria That Matter,Tools comparison,marketing dashboards
13,"SEO Analytics, Reporting and Attribution",seo-analytics,60,1260,How Much Does Traffic Forecasting Really Cost in 2026?,Pricing,traffic forecasting
13,"SEO Analytics, Reporting and Attribution",seo-analytics,61,1261,Anomaly Detection Pricing Explained: What Drives the Bill,Pricing,anomaly detection
13,"SEO Analytics, Reporting and Attribution",seo-analytics,62,1262,Budgeting for Click-Through Rate Analysis: Realistic Numbers by Company Size,Pricing,click-through rate analysis
13,"SEO Analytics, Reporting and Attribution",seo-analytics,63,1263,Measuring the ROI of Impression Share Without Guesswork,ROI,impression share
13,"SEO Analytics, Reporting and Attribution",seo-analytics,64,1264,Does Conversion Tracking Pay for Itself? A Calculation Method,ROI,conversion tracking
13,"SEO Analytics, Reporting and Attribution",seo-analytics,65,1265,Proving the Business Value of Assisted Conversions to Finance,ROI,assisted conversions
13,"SEO Analytics, Reporting and Attribution",seo-analytics,66,1266,Organic Revenue Attribution Statistics That Should Shape Your 2026 Plan,Statistics,organic revenue attribution
13,"SEO Analytics, Reporting and Attribution",seo-analytics,67,1267,What the Data Says About Cohort Analysis Performance,Statistics,cohort analysis
13,"SEO Analytics, Reporting and Attribution",seo-analytics,68,1268,"Reporting Cadence by the Numbers: Adoption, Cost and Outcomes",Statistics,reporting cadence
13,"SEO Analytics, Reporting and Attribution",seo-analytics,69,1269,Data Blending Trends Reshaping Marketing in 2026,Trends,data blending
13,"SEO Analytics, Reporting and Attribution",seo-analytics,70,1270,"What Changed in Looker Studio Dashboards This Year, and Why It Matters",Trends,looker studio dashboards
13,"SEO Analytics, Reporting and Attribution",seo-analytics,71,1271,Emerging Shifts in Statistical Significance Worth Watching,Trends,statistical significance
13,"SEO Analytics, Reporting and Attribution",seo-analytics,72,1272,Where Seasonality Adjustment Is Heading Next: A Considered Forecast,Predictions,seasonality adjustment
13,"SEO Analytics, Reporting and Attribution",seo-analytics,73,1273,"Search Console Analysis in Three Years: Reasonable Predictions, Not Hype",Predictions,Search Console analysis
13,"SEO Analytics, Reporting and Attribution",seo-analytics,74,1274,Preparing GA4 Configuration for the Post-Search Era,Predictions,GA4 configuration
13,"SEO Analytics, Reporting and Attribution",seo-analytics,75,1275,What Is a Good Rank Tracking Accuracy Benchmark? Numbers by Industry,Benchmarks,rank tracking accuracy
13,"SEO Analytics, Reporting and Attribution",seo-analytics,76,1276,Attribution Models Benchmarks: How to Tell Good From Average,Benchmarks,attribution models
13,"SEO Analytics, Reporting and Attribution",seo-analytics,77,1277,Setting Realistic Marketing Dashboards Targets Your Team Can Hit,Benchmarks,marketing dashboards
13,"SEO Analytics, Reporting and Attribution",seo-analytics,78,1278,Traffic Forecasting for Financial Services Companies: What Is Different,Industry-specific,traffic forecasting
13,"SEO Analytics, Reporting and Attribution",seo-analytics,79,1279,Applying Anomaly Detection in Travel: Constraints and Opportunities,Industry-specific,anomaly detection
13,"SEO Analytics, Reporting and Attribution",seo-analytics,80,1280,Fitness Click-Through Rate Analysis: A Sector-Specific Playbook,Industry-specific,click-through rate analysis
13,"SEO Analytics, Reporting and Attribution",seo-analytics,81,1281,Why Standard Impression Share Advice Fails in Professional Services,Industry-specific,impression share
13,"SEO Analytics, Reporting and Attribution",seo-analytics,82,1282,Conversion Tracking for Freelancers on a Tight Budget,Small business,conversion tracking
13,"SEO Analytics, Reporting and Attribution",seo-analytics,83,1283,Practical Assisted Conversions When You Are the Entire Marketing Team,Small business,assisted conversions
13,"SEO Analytics, Reporting and Attribution",seo-analytics,84,1284,"Organic Revenue Attribution for Small Businesses: Start Here, Skip the Rest",Small business,organic revenue attribution
13,"SEO Analytics, Reporting and Attribution",seo-analytics,85,1285,"Cohort Analysis for Multi-Brand Groups: Governance, Scale and Sign-Off",Enterprise,cohort analysis
13,"SEO Analytics, Reporting and Attribution",seo-analytics,86,1286,Rolling Out Reporting Cadence Across Global Teams Without Chaos,Enterprise,reporting cadence
13,"SEO Analytics, Reporting and Attribution",seo-analytics,87,1287,Enterprise Data Blending: Coordination Costs and How to Contain Them,Enterprise,data blending
13,"SEO Analytics, Reporting and Attribution",seo-analytics,88,1288,Looker Studio Dashboards for Local Businesses in Nepal,Local business,looker studio dashboards
13,"SEO Analytics, Reporting and Attribution",seo-analytics,89,1289,"Adapting Statistical Significance for Kathmandu: Language, Payments and Behaviour",Local business,statistical significance
13,"SEO Analytics, Reporting and Attribution",seo-analytics,90,1290,Local-First Seasonality Adjustment: Winning Customers Within Ten Kilometres,Local business,seasonality adjustment
13,"SEO Analytics, Reporting and Attribution",seo-analytics,91,1291,Search Console Analysis for B2B Teams With Long Sales Cycles,B2B,Search Console analysis
13,"SEO Analytics, Reporting and Attribution",seo-analytics,92,1292,How B2B Buying Committees Change Your GA4 Configuration Approach,B2B,GA4 configuration
13,"SEO Analytics, Reporting and Attribution",seo-analytics,93,1293,"Rank Tracking Accuracy That Generates Pipeline, Not Just Traffic",B2B,rank tracking accuracy
13,"SEO Analytics, Reporting and Attribution",seo-analytics,94,1294,Attribution Models for B2C Brands Competing on Attention,B2C,attribution models
13,"SEO Analytics, Reporting and Attribution",seo-analytics,95,1295,High-Volume Marketing Dashboards for Consumer Brands,B2C,marketing dashboards
13,"SEO Analytics, Reporting and Attribution",seo-analytics,96,1296,"Traffic Forecasting That Drives Repeat Purchases, Not One-Off Sales",B2C,traffic forecasting
13,"SEO Analytics, Reporting and Attribution",seo-analytics,97,1297,Using AI to Improve Anomaly Detection Without Losing Quality Control,AI-powered,anomaly detection
13,"SEO Analytics, Reporting and Attribution",seo-analytics,98,1298,AI-Assisted Click-Through Rate Analysis: Where It Helps and Where It Hurts,AI-powered,click-through rate analysis
13,"SEO Analytics, Reporting and Attribution",seo-analytics,99,1299,Can AI Agents Handle Impression Share End to End?,AI-powered,impression share
13,"SEO Analytics, Reporting and Attribution",seo-analytics,100,1300,How AI Search Is Changing Conversion Tracking,AI-powered,conversion tracking
14,Email Marketing Strategy and Campaigns,email-marketing,1,1301,What Is Email Campaign Calendar? A Beginner's Guide for Email Marketing,Beginner guide,email campaign calendar
14,Email Marketing Strategy and Campaigns,email-marketing,2,1302,Newsletter Strategy Explained: A Plain-English Introduction,Beginner guide,newsletter strategy
14,Email Marketing Strategy and Campaigns,email-marketing,3,1303,Getting Started With Promotional Campaigns: What Beginners Need to Know First,Beginner guide,promotional campaigns
14,Email Marketing Strategy and Campaigns,email-marketing,4,1304,Re-Engagement Campaigns for Complete Beginners: Core Concepts and First Steps,Beginner guide,re-engagement campaigns
14,Email Marketing Strategy and Campaigns,email-marketing,5,1305,Advanced Welcome Emails: Techniques Experienced Teams Actually Use,Advanced guide,welcome emails
14,Email Marketing Strategy and Campaigns,email-marketing,6,1306,Abandoned Cart Emails at Scale: What Changes Once You Outgrow the Basics,Advanced guide,abandoned cart emails
14,Email Marketing Strategy and Campaigns,email-marketing,7,1307,Beyond the Basics: Sophisticated Product Launch Emails Tactics That Still Work,Advanced guide,product launch emails
14,Email Marketing Strategy and Campaigns,email-marketing,8,1308,How to Improve Seasonal Campaigns Without Increasing Your Budget,How-to,seasonal campaigns
14,Email Marketing Strategy and Campaigns,email-marketing,9,1309,How to Set Up Email Copywriting Correctly the First Time,How-to,email copywriting
14,Email Marketing Strategy and Campaigns,email-marketing,10,1310,How to Fix Subject Line Testing When It Stops Delivering Results,How-to,subject line testing
14,Email Marketing Strategy and Campaigns,email-marketing,11,1311,How to Audit Your Preheader Text in Under an Hour,How-to,preheader text
14,Email Marketing Strategy and Campaigns,email-marketing,12,1312,Step-by-Step: Building Your First Call-To-Action Design Workflow,Step-by-step tutorial,call-to-action design
14,Email Marketing Strategy and Campaigns,email-marketing,13,1313,"A Practical Walkthrough of Plain Text vs HTML, From Setup to First Result",Step-by-step tutorial,plain text vs HTML
14,Email Marketing Strategy and Campaigns,email-marketing,14,1314,Configuring Email Frequency Capping in Klaviyo: A Step-by-Step Tutorial,Step-by-step tutorial,email frequency capping
14,Email Marketing Strategy and Campaigns,email-marketing,15,1315,The Complete Guide to Send Time Optimisation in 2026,Ultimate guide,send time optimisation
14,Email Marketing Strategy and Campaigns,email-marketing,16,1316,The Definitive Campaign QA Checklist Handbook for Modern Marketing Teams,Ultimate guide,campaign QA checklist
14,Email Marketing Strategy and Campaigns,email-marketing,17,1317,Everything You Need to Know About Email Accessibility,Ultimate guide,email accessibility
14,Email Marketing Strategy and Campaigns,email-marketing,18,1318,The Dark Mode Email Checklist Every Team Should Run Before Launch,Checklist,dark mode email
14,Email Marketing Strategy and Campaigns,email-marketing,19,1319,A Pre-Launch Interactive Email Checklist You Can Finish in One Sitting,Checklist,interactive email
14,Email Marketing Strategy and Campaigns,email-marketing,20,1320,Monthly Email Templates Maintenance Checklist for Busy Marketers,Checklist,email templates
14,Email Marketing Strategy and Campaigns,email-marketing,21,1321,A Reusable Email Campaign Calendar Template You Can Adapt Today,Template,email campaign calendar
14,Email Marketing Strategy and Campaigns,email-marketing,22,1322,"Free Newsletter Strategy Framework: Structure, Fields and Worked Example",Template,newsletter strategy
14,Email Marketing Strategy and Campaigns,email-marketing,23,1323,The Promotional Campaigns Brief Template That Cuts Revision Cycles,Template,promotional campaigns
14,Email Marketing Strategy and Campaigns,email-marketing,24,1324,12 Real Re-Engagement Campaigns Examples Worth Studying,Examples,re-engagement campaigns
14,Email Marketing Strategy and Campaigns,email-marketing,25,1325,Welcome Emails Examples That Show What Good Actually Looks Like,Examples,welcome emails
14,Email Marketing Strategy and Campaigns,email-marketing,26,1326,Annotated Abandoned Cart Emails Examples: Why Each One Works,Examples,abandoned cart emails
14,Email Marketing Strategy and Campaigns,email-marketing,27,1327,Case Study: How One Real Estate Brand Rebuilt Its Product Launch Emails,Case study,product launch emails
14,Email Marketing Strategy and Campaigns,email-marketing,28,1328,Inside a Seasonal Campaigns Turnaround: What Changed and What It Cost,Case study,seasonal campaigns
14,Email Marketing Strategy and Campaigns,email-marketing,29,1329,"A 90-Day Email Copywriting Experiment: Method, Results and Lessons",Case study,email copywriting
14,Email Marketing Strategy and Campaigns,email-marketing,30,1330,Building a Subject Line Testing Strategy That Survives Algorithm Changes,Strategy,subject line testing
14,Email Marketing Strategy and Campaigns,email-marketing,31,1331,A Sustainable Preheader Text Strategy for Teams With Limited Resources,Strategy,preheader text
14,Email Marketing Strategy and Campaigns,email-marketing,32,1332,How to Prioritise Call-To-Action Design When Everything Feels Urgent,Strategy,call-to-action design
14,Email Marketing Strategy and Campaigns,email-marketing,33,1333,The Strategic Case for Investing in Plain Text vs HTML This Year,Strategy,plain text vs HTML
14,Email Marketing Strategy and Campaigns,email-marketing,34,1334,Email Frequency Capping Best Practices That Hold Up Under Scrutiny,Best practices,email frequency capping
14,Email Marketing Strategy and Campaigns,email-marketing,35,1335,Proven Send Time Optimisation Principles for Consistent Results,Best practices,send time optimisation
14,Email Marketing Strategy and Campaigns,email-marketing,36,1336,What Disciplined Campaign QA Checklist Looks Like in Practice,Best practices,campaign QA checklist
14,Email Marketing Strategy and Campaigns,email-marketing,37,1337,The Email Accessibility Standards High-Performing Teams Enforce,Best practices,email accessibility
14,Email Marketing Strategy and Campaigns,email-marketing,38,1338,Common Dark Mode Email Mistakes That Quietly Cost You Revenue,Mistakes to avoid,dark mode email
14,Email Marketing Strategy and Campaigns,email-marketing,39,1339,Seven Interactive Email Errors Almost Every Team Makes Early On,Mistakes to avoid,interactive email
14,Email Marketing Strategy and Campaigns,email-marketing,40,1340,"Why Most Email Templates Efforts Stall, and How to Avoid It",Mistakes to avoid,email templates
14,Email Marketing Strategy and Campaigns,email-marketing,41,1341,Email Campaign Calendar Anti-Patterns Worth Unlearning,Mistakes to avoid,email campaign calendar
14,Email Marketing Strategy and Campaigns,email-marketing,42,1342,Newsletter Strategy Not Working? A Diagnostic Guide,Problem/solution,newsletter strategy
14,Email Marketing Strategy and Campaigns,email-marketing,43,1343,"Troubleshooting Promotional Campaigns: Symptoms, Causes and Fixes",Problem/solution,promotional campaigns
14,Email Marketing Strategy and Campaigns,email-marketing,44,1344,What to Do When Re-Engagement Campaigns Suddenly Drops,Problem/solution,re-engagement campaigns
14,Email Marketing Strategy and Campaigns,email-marketing,45,1345,Fixing Broken Welcome Emails: A Systematic Approach,Problem/solution,welcome emails
14,Email Marketing Strategy and Campaigns,email-marketing,46,1346,"Abandoned Cart Emails: Frequently Asked Questions, Answered Directly",FAQ,abandoned cart emails
14,Email Marketing Strategy and Campaigns,email-marketing,47,1347,Is Product Launch Emails Worth the Investment? An Honest Assessment,FAQ,product launch emails
14,Email Marketing Strategy and Campaigns,email-marketing,48,1348,How Long Does Seasonal Campaigns Take to Show Results?,FAQ,seasonal campaigns
14,Email Marketing Strategy and Campaigns,email-marketing,49,1349,Do You Actually Need Email Copywriting? A Decision Guide,FAQ,email copywriting
14,Email Marketing Strategy and Campaigns,email-marketing,50,1350,Subject Line Testing vs Email Templates: Which Deserves Your Budget?,Comparison,subject line testing
14,Email Marketing Strategy and Campaigns,email-marketing,51,1351,"Comparing Preheader Text and Newsletter Strategy: Strengths, Limits and Overlap",Comparison,preheader text
14,Email Marketing Strategy and Campaigns,email-marketing,52,1352,Call-To-Action Design or Re-Engagement Campaigns? A Decision Framework for Marketing Teams,Comparison,call-to-action design
14,Email Marketing Strategy and Campaigns,email-marketing,53,1353,When to Choose Plain Text vs HTML Over Abandoned Cart Emails,Comparison,plain text vs HTML
14,Email Marketing Strategy and Campaigns,email-marketing,54,1354,Alternatives to Email Frequency Capping: When It Is the Wrong Tool for the Job,Alternatives,email frequency capping
14,Email Marketing Strategy and Campaigns,email-marketing,55,1355,What to Use Instead of Send Time Optimisation for Constrained Teams,Alternatives,send time optimisation
14,Email Marketing Strategy and Campaigns,email-marketing,56,1356,Rethinking Campaign QA Checklist: Three Credible Alternatives,Alternatives,campaign QA checklist
14,Email Marketing Strategy and Campaigns,email-marketing,57,1357,"The Best Tools for Email Accessibility, Compared Honestly",Tools comparison,email accessibility
14,Email Marketing Strategy and Campaigns,email-marketing,58,1358,"SendGrid for Dark Mode Email: Capabilities, Gaps and Fit",Tools comparison,dark mode email
14,Email Marketing Strategy and Campaigns,email-marketing,59,1359,Choosing Interactive Email Software: Evaluation Criteria That Matter,Tools comparison,interactive email
14,Email Marketing Strategy and Campaigns,email-marketing,60,1360,How Much Does Email Templates Really Cost in 2026?,Pricing,email templates
14,Email Marketing Strategy and Campaigns,email-marketing,61,1361,Email Campaign Calendar Pricing Explained: What Drives the Bill,Pricing,email campaign calendar
14,Email Marketing Strategy and Campaigns,email-marketing,62,1362,Budgeting for Newsletter Strategy: Realistic Numbers by Company Size,Pricing,newsletter strategy
14,Email Marketing Strategy and Campaigns,email-marketing,63,1363,Measuring the ROI of Promotional Campaigns Without Guesswork,ROI,promotional campaigns
14,Email Marketing Strategy and Campaigns,email-marketing,64,1364,Does Re-Engagement Campaigns Pay for Itself? A Calculation Method,ROI,re-engagement campaigns
14,Email Marketing Strategy and Campaigns,email-marketing,65,1365,Proving the Business Value of Welcome Emails to Finance,ROI,welcome emails
14,Email Marketing Strategy and Campaigns,email-marketing,66,1366,Abandoned Cart Emails Statistics That Should Shape Your 2026 Plan,Statistics,abandoned cart emails
14,Email Marketing Strategy and Campaigns,email-marketing,67,1367,What the Data Says About Product Launch Emails Performance,Statistics,product launch emails
14,Email Marketing Strategy and Campaigns,email-marketing,68,1368,"Seasonal Campaigns by the Numbers: Adoption, Cost and Outcomes",Statistics,seasonal campaigns
14,Email Marketing Strategy and Campaigns,email-marketing,69,1369,Email Copywriting Trends Reshaping Marketing in 2026,Trends,email copywriting
14,Email Marketing Strategy and Campaigns,email-marketing,70,1370,"What Changed in Subject Line Testing This Year, and Why It Matters",Trends,subject line testing
14,Email Marketing Strategy and Campaigns,email-marketing,71,1371,Emerging Shifts in Preheader Text Worth Watching,Trends,preheader text
14,Email Marketing Strategy and Campaigns,email-marketing,72,1372,Where Call-To-Action Design Is Heading Next: A Considered Forecast,Predictions,call-to-action design
14,Email Marketing Strategy and Campaigns,email-marketing,73,1373,"Plain Text vs HTML in Three Years: Reasonable Predictions, Not Hype",Predictions,plain text vs HTML
14,Email Marketing Strategy and Campaigns,email-marketing,74,1374,Preparing Email Frequency Capping for the Post-Search Era,Predictions,email frequency capping
14,Email Marketing Strategy and Campaigns,email-marketing,75,1375,What Is a Good Send Time Optimisation Benchmark? Numbers by Industry,Benchmarks,send time optimisation
14,Email Marketing Strategy and Campaigns,email-marketing,76,1376,Campaign QA Checklist Benchmarks: How to Tell Good From Average,Benchmarks,campaign QA checklist
14,Email Marketing Strategy and Campaigns,email-marketing,77,1377,Setting Realistic Email Accessibility Targets Your Team Can Hit,Benchmarks,email accessibility
14,Email Marketing Strategy and Campaigns,email-marketing,78,1378,Dark Mode Email for Travel Companies: What Is Different,Industry-specific,dark mode email
14,Email Marketing Strategy and Campaigns,email-marketing,79,1379,Applying Interactive Email in Fitness: Constraints and Opportunities,Industry-specific,interactive email
14,Email Marketing Strategy and Campaigns,email-marketing,80,1380,Professional Services Email Templates: A Sector-Specific Playbook,Industry-specific,email templates
14,Email Marketing Strategy and Campaigns,email-marketing,81,1381,Why Standard Email Campaign Calendar Advice Fails in Logistics,Industry-specific,email campaign calendar
14,Email Marketing Strategy and Campaigns,email-marketing,82,1382,Newsletter Strategy for Family Businesses on a Tight Budget,Small business,newsletter strategy
14,Email Marketing Strategy and Campaigns,email-marketing,83,1383,Practical Promotional Campaigns When You Are the Entire Marketing Team,Small business,promotional campaigns
14,Email Marketing Strategy and Campaigns,email-marketing,84,1384,"Re-Engagement Campaigns for Solo Founders: Start Here, Skip the Rest",Small business,re-engagement campaigns
14,Email Marketing Strategy and Campaigns,email-marketing,85,1385,"Welcome Emails for Global Teams: Governance, Scale and Sign-Off",Enterprise,welcome emails
14,Email Marketing Strategy and Campaigns,email-marketing,86,1386,Rolling Out Abandoned Cart Emails Across Regulated Industries Without Chaos,Enterprise,abandoned cart emails
14,Email Marketing Strategy and Campaigns,email-marketing,87,1387,Enterprise Product Launch Emails: Coordination Costs and How to Contain Them,Enterprise,product launch emails
14,Email Marketing Strategy and Campaigns,email-marketing,88,1388,Seasonal Campaigns for Local Businesses in Kathmandu,Local business,seasonal campaigns
14,Email Marketing Strategy and Campaigns,email-marketing,89,1389,"Adapting Email Copywriting for South Asia: Language, Payments and Behaviour",Local business,email copywriting
14,Email Marketing Strategy and Campaigns,email-marketing,90,1390,Local-First Subject Line Testing: Winning Customers Within Ten Kilometres,Local business,subject line testing
14,Email Marketing Strategy and Campaigns,email-marketing,91,1391,Preheader Text for B2B Teams With Long Sales Cycles,B2B,preheader text
14,Email Marketing Strategy and Campaigns,email-marketing,92,1392,How B2B Buying Committees Change Your Call-To-Action Design Approach,B2B,call-to-action design
14,Email Marketing Strategy and Campaigns,email-marketing,93,1393,"Plain Text vs HTML That Generates Pipeline, Not Just Traffic",B2B,plain text vs HTML
14,Email Marketing Strategy and Campaigns,email-marketing,94,1394,Email Frequency Capping for B2C Brands Competing on Attention,B2C,email frequency capping
14,Email Marketing Strategy and Campaigns,email-marketing,95,1395,High-Volume Send Time Optimisation for Consumer Brands,B2C,send time optimisation
14,Email Marketing Strategy and Campaigns,email-marketing,96,1396,"Campaign QA Checklist That Drives Repeat Purchases, Not One-Off Sales",B2C,campaign QA checklist
14,Email Marketing Strategy and Campaigns,email-marketing,97,1397,Using AI to Improve Email Accessibility Without Losing Quality Control,AI-powered,email accessibility
14,Email Marketing Strategy and Campaigns,email-marketing,98,1398,AI-Assisted Dark Mode Email: Where It Helps and Where It Hurts,AI-powered,dark mode email
14,Email Marketing Strategy and Campaigns,email-marketing,99,1399,Can AI Agents Handle Interactive Email End to End?,AI-powered,interactive email
14,Email Marketing Strategy and Campaigns,email-marketing,100,1400,How AI Search Is Changing Email Templates,AI-powered,email templates
15,"Email Subscribers, Lists and Audience Data",email-subscribers-lists,1,1401,What Is List Building Tactics? A Beginner's Guide for Email List Building,Beginner guide,list building tactics
15,"Email Subscribers, Lists and Audience Data",email-subscribers-lists,2,1402,Lead Magnets Explained: A Plain-English Introduction,Beginner guide,lead magnets
15,"Email Subscribers, Lists and Audience Data",email-subscribers-lists,3,1403,Getting Started With Double Opt-In: What Beginners Need to Know First,Beginner guide,double opt-in
15,"Email Subscribers, Lists and Audience Data",email-subscribers-lists,4,1404,Single Opt-In for Complete Beginners: Core Concepts and First Steps,Beginner guide,single opt-in
15,"Email Subscribers, Lists and Audience Data",email-subscribers-lists,5,1405,Advanced Email Segmentation: Techniques Experienced Teams Actually Use,Advanced guide,email segmentation
15,"Email Subscribers, Lists and Audience Data",email-subscribers-lists,6,1406,Behavioural Segments at Scale: What Changes Once You Outgrow the Basics,Advanced guide,behavioural segments
15,"Email Subscribers, Lists and Audience Data",email-subscribers-lists,7,1407,Beyond the Basics: Sophisticated RFM Segmentation Tactics That Still Work,Advanced guide,RFM segmentation
15,"Email Subscribers, Lists and Audience Data",email-subscribers-lists,8,1408,How to Improve Suppression Lists Without Increasing Your Budget,How-to,suppression lists
15,"Email Subscribers, Lists and Audience Data",email-subscribers-lists,9,1409,How to Set Up List Hygiene Correctly the First Time,How-to,list hygiene
15,"Email Subscribers, Lists and Audience Data",email-subscribers-lists,10,1410,How to Fix Email Validation When It Stops Delivering Results,How-to,email validation
15,"Email Subscribers, Lists and Audience Data",email-subscribers-lists,11,1411,How to Audit Your Bounce Management in Under an Hour,How-to,bounce management
15,"Email Subscribers, Lists and Audience Data",email-subscribers-lists,12,1412,Step-by-Step: Building Your First Custom Subscriber Fields Workflow,Step-by-step tutorial,custom subscriber fields
15,"Email Subscribers, Lists and Audience Data",email-subscribers-lists,13,1413,"A Practical Walkthrough of CSV Import, From Setup to First Result",Step-by-step tutorial,CSV import
15,"Email Subscribers, Lists and Audience Data",email-subscribers-lists,14,1414,Configuring Subscriber Lifecycle Stages in NeverBounce: A Step-by-Step Tutorial,Step-by-step tutorial,subscriber lifecycle stages
15,"Email Subscribers, Lists and Audience Data",email-subscribers-lists,15,1415,The Complete Guide to Preference Centres in 2026,Ultimate guide,preference centres
15,"Email Subscribers, Lists and Audience Data",email-subscribers-lists,16,1416,The Definitive Re-Permission Campaigns Handbook for Modern Marketing Teams,Ultimate guide,re-permission campaigns
15,"Email Subscribers, Lists and Audience Data",email-subscribers-lists,17,1417,Everything You Need to Know About GDPR Consent,Ultimate guide,GDPR consent
15,"Email Subscribers, Lists and Audience Data",email-subscribers-lists,18,1418,The Data Enrichment Checklist Every Team Should Run Before Launch,Checklist,data enrichment
15,"Email Subscribers, Lists and Audience Data",email-subscribers-lists,19,1419,A Pre-Launch Progressive Profiling Checklist You Can Finish in One Sitting,Checklist,progressive profiling
15,"Email Subscribers, Lists and Audience Data",email-subscribers-lists,20,1420,Monthly List Growth Rate Maintenance Checklist for Busy Marketers,Checklist,list growth rate
15,"Email Subscribers, Lists and Audience Data",email-subscribers-lists,21,1421,A Reusable List Building Tactics Template You Can Adapt Today,Template,list building tactics
15,"Email Subscribers, Lists and Audience Data",email-subscribers-lists,22,1422,"Free Lead Magnets Framework: Structure, Fields and Worked Example",Template,lead magnets
15,"Email Subscribers, Lists and Audience Data",email-subscribers-lists,23,1423,The Double Opt-In Brief Template That Cuts Revision Cycles,Template,double opt-in
15,"Email Subscribers, Lists and Audience Data",email-subscribers-lists,24,1424,12 Real Single Opt-In Examples Worth Studying,Examples,single opt-in
15,"Email Subscribers, Lists and Audience Data",email-subscribers-lists,25,1425,Email Segmentation Examples That Show What Good Actually Looks Like,Examples,email segmentation
15,"Email Subscribers, Lists and Audience Data",email-subscribers-lists,26,1426,Annotated Behavioural Segments Examples: Why Each One Works,Examples,behavioural segments
15,"Email Subscribers, Lists and Audience Data",email-subscribers-lists,27,1427,Case Study: How One Hospitality Brand Rebuilt Its RFM Segmentation,Case study,RFM segmentation
15,"Email Subscribers, Lists and Audience Data",email-subscribers-lists,28,1428,Inside a Suppression Lists Turnaround: What Changed and What It Cost,Case study,suppression lists
15,"Email Subscribers, Lists and Audience Data",email-subscribers-lists,29,1429,"A 90-Day List Hygiene Experiment: Method, Results and Lessons",Case study,list hygiene
15,"Email Subscribers, Lists and Audience Data",email-subscribers-lists,30,1430,Building a Email Validation Strategy That Survives Algorithm Changes,Strategy,email validation
15,"Email Subscribers, Lists and Audience Data",email-subscribers-lists,31,1431,A Sustainable Bounce Management Strategy for Teams With Limited Resources,Strategy,bounce management
15,"Email Subscribers, Lists and Audience Data",email-subscribers-lists,32,1432,How to Prioritise Custom Subscriber Fields When Everything Feels Urgent,Strategy,custom subscriber fields
15,"Email Subscribers, Lists and Audience Data",email-subscribers-lists,33,1433,The Strategic Case for Investing in CSV Import This Year,Strategy,CSV import
15,"Email Subscribers, Lists and Audience Data",email-subscribers-lists,34,1434,Subscriber Lifecycle Stages Best Practices That Hold Up Under Scrutiny,Best practices,subscriber lifecycle stages
15,"Email Subscribers, Lists and Audience Data",email-subscribers-lists,35,1435,Proven Preference Centres Principles for Consistent Results,Best practices,preference centres
15,"Email Subscribers, Lists and Audience Data",email-subscribers-lists,36,1436,What Disciplined Re-Permission Campaigns Looks Like in Practice,Best practices,re-permission campaigns
15,"Email Subscribers, Lists and Audience Data",email-subscribers-lists,37,1437,The GDPR Consent Standards High-Performing Teams Enforce,Best practices,GDPR consent
15,"Email Subscribers, Lists and Audience Data",email-subscribers-lists,38,1438,Common Data Enrichment Mistakes That Quietly Cost You Revenue,Mistakes to avoid,data enrichment
15,"Email Subscribers, Lists and Audience Data",email-subscribers-lists,39,1439,Seven Progressive Profiling Errors Almost Every Team Makes Early On,Mistakes to avoid,progressive profiling
15,"Email Subscribers, Lists and Audience Data",email-subscribers-lists,40,1440,"Why Most List Growth Rate Efforts Stall, and How to Avoid It",Mistakes to avoid,list growth rate
15,"Email Subscribers, Lists and Audience Data",email-subscribers-lists,41,1441,List Building Tactics Anti-Patterns Worth Unlearning,Mistakes to avoid,list building tactics
15,"Email Subscribers, Lists and Audience Data",email-subscribers-lists,42,1442,Lead Magnets Not Working? A Diagnostic Guide,Problem/solution,lead magnets
15,"Email Subscribers, Lists and Audience Data",email-subscribers-lists,43,1443,"Troubleshooting Double Opt-In: Symptoms, Causes and Fixes",Problem/solution,double opt-in
15,"Email Subscribers, Lists and Audience Data",email-subscribers-lists,44,1444,What to Do When Single Opt-In Suddenly Drops,Problem/solution,single opt-in
15,"Email Subscribers, Lists and Audience Data",email-subscribers-lists,45,1445,Fixing Broken Email Segmentation: A Systematic Approach,Problem/solution,email segmentation
15,"Email Subscribers, Lists and Audience Data",email-subscribers-lists,46,1446,"Behavioural Segments: Frequently Asked Questions, Answered Directly",FAQ,behavioural segments
15,"Email Subscribers, Lists and Audience Data",email-subscribers-lists,47,1447,Is RFM Segmentation Worth the Investment? An Honest Assessment,FAQ,RFM segmentation
15,"Email Subscribers, Lists and Audience Data",email-subscribers-lists,48,1448,How Long Does Suppression Lists Take to Show Results?,FAQ,suppression lists
15,"Email Subscribers, Lists and Audience Data",email-subscribers-lists,49,1449,Do You Actually Need List Hygiene? A Decision Guide,FAQ,list hygiene
15,"Email Subscribers, Lists and Audience Data",email-subscribers-lists,50,1450,Email Validation vs List Growth Rate: Which Deserves Your Budget?,Comparison,email validation
15,"Email Subscribers, Lists and Audience Data",email-subscribers-lists,51,1451,"Comparing Bounce Management and Lead Magnets: Strengths, Limits and Overlap",Comparison,bounce management
15,"Email Subscribers, Lists and Audience Data",email-subscribers-lists,52,1452,Custom Subscriber Fields or Single Opt-In? A Decision Framework for Marketing Teams,Comparison,custom subscriber fields
15,"Email Subscribers, Lists and Audience Data",email-subscribers-lists,53,1453,When to Choose CSV Import Over Behavioural Segments,Comparison,CSV import
15,"Email Subscribers, Lists and Audience Data",email-subscribers-lists,54,1454,Alternatives to Subscriber Lifecycle Stages: When It Is the Wrong Tool for the Job,Alternatives,subscriber lifecycle stages
15,"Email Subscribers, Lists and Audience Data",email-subscribers-lists,55,1455,What to Use Instead of Preference Centres for Constrained Teams,Alternatives,preference centres
15,"Email Subscribers, Lists and Audience Data",email-subscribers-lists,56,1456,Rethinking Re-Permission Campaigns: Three Credible Alternatives,Alternatives,re-permission campaigns
15,"Email Subscribers, Lists and Audience Data",email-subscribers-lists,57,1457,"The Best Tools for GDPR Consent, Compared Honestly",Tools comparison,GDPR consent
15,"Email Subscribers, Lists and Audience Data",email-subscribers-lists,58,1458,"ZeroBounce for Data Enrichment: Capabilities, Gaps and Fit",Tools comparison,data enrichment
15,"Email Subscribers, Lists and Audience Data",email-subscribers-lists,59,1459,Choosing Progressive Profiling Software: Evaluation Criteria That Matter,Tools comparison,progressive profiling
15,"Email Subscribers, Lists and Audience Data",email-subscribers-lists,60,1460,How Much Does List Growth Rate Really Cost in 2026?,Pricing,list growth rate
15,"Email Subscribers, Lists and Audience Data",email-subscribers-lists,61,1461,List Building Tactics Pricing Explained: What Drives the Bill,Pricing,list building tactics
15,"Email Subscribers, Lists and Audience Data",email-subscribers-lists,62,1462,Budgeting for Lead Magnets: Realistic Numbers by Company Size,Pricing,lead magnets
15,"Email Subscribers, Lists and Audience Data",email-subscribers-lists,63,1463,Measuring the ROI of Double Opt-In Without Guesswork,ROI,double opt-in
15,"Email Subscribers, Lists and Audience Data",email-subscribers-lists,64,1464,Does Single Opt-In Pay for Itself? A Calculation Method,ROI,single opt-in
15,"Email Subscribers, Lists and Audience Data",email-subscribers-lists,65,1465,Proving the Business Value of Email Segmentation to Finance,ROI,email segmentation
15,"Email Subscribers, Lists and Audience Data",email-subscribers-lists,66,1466,Behavioural Segments Statistics That Should Shape Your 2026 Plan,Statistics,behavioural segments
15,"Email Subscribers, Lists and Audience Data",email-subscribers-lists,67,1467,What the Data Says About RFM Segmentation Performance,Statistics,RFM segmentation
15,"Email Subscribers, Lists and Audience Data",email-subscribers-lists,68,1468,"Suppression Lists by the Numbers: Adoption, Cost and Outcomes",Statistics,suppression lists
15,"Email Subscribers, Lists and Audience Data",email-subscribers-lists,69,1469,List Hygiene Trends Reshaping Marketing in 2026,Trends,list hygiene
15,"Email Subscribers, Lists and Audience Data",email-subscribers-lists,70,1470,"What Changed in Email Validation This Year, and Why It Matters",Trends,email validation
15,"Email Subscribers, Lists and Audience Data",email-subscribers-lists,71,1471,Emerging Shifts in Bounce Management Worth Watching,Trends,bounce management
15,"Email Subscribers, Lists and Audience Data",email-subscribers-lists,72,1472,Where Custom Subscriber Fields Is Heading Next: A Considered Forecast,Predictions,custom subscriber fields
15,"Email Subscribers, Lists and Audience Data",email-subscribers-lists,73,1473,"CSV Import in Three Years: Reasonable Predictions, Not Hype",Predictions,CSV import
15,"Email Subscribers, Lists and Audience Data",email-subscribers-lists,74,1474,Preparing Subscriber Lifecycle Stages for the Post-Search Era,Predictions,subscriber lifecycle stages
15,"Email Subscribers, Lists and Audience Data",email-subscribers-lists,75,1475,What Is a Good Preference Centres Benchmark? Numbers by Industry,Benchmarks,preference centres
15,"Email Subscribers, Lists and Audience Data",email-subscribers-lists,76,1476,Re-Permission Campaigns Benchmarks: How to Tell Good From Average,Benchmarks,re-permission campaigns
15,"Email Subscribers, Lists and Audience Data",email-subscribers-lists,77,1477,Setting Realistic GDPR Consent Targets Your Team Can Hit,Benchmarks,GDPR consent
15,"Email Subscribers, Lists and Audience Data",email-subscribers-lists,78,1478,Data Enrichment for Fitness Companies: What Is Different,Industry-specific,data enrichment
15,"Email Subscribers, Lists and Audience Data",email-subscribers-lists,79,1479,Applying Progressive Profiling in Professional Services: Constraints and Opportunities,Industry-specific,progressive profiling
15,"Email Subscribers, Lists and Audience Data",email-subscribers-lists,80,1480,Logistics List Growth Rate: A Sector-Specific Playbook,Industry-specific,list growth rate
15,"Email Subscribers, Lists and Audience Data",email-subscribers-lists,81,1481,Why Standard List Building Tactics Advice Fails in Retail,Industry-specific,list building tactics
15,"Email Subscribers, Lists and Audience Data",email-subscribers-lists,82,1482,Lead Magnets for Small Businesses on a Tight Budget,Small business,lead magnets
15,"Email Subscribers, Lists and Audience Data",email-subscribers-lists,83,1483,Practical Double Opt-In When You Are the Entire Marketing Team,Small business,double opt-in
15,"Email Subscribers, Lists and Audience Data",email-subscribers-lists,84,1484,"Single Opt-In for Local Shops: Start Here, Skip the Rest",Small business,single opt-in
15,"Email Subscribers, Lists and Audience Data",email-subscribers-lists,85,1485,"Email Segmentation for Regulated Industries: Governance, Scale and Sign-Off",Enterprise,email segmentation
15,"Email Subscribers, Lists and Audience Data",email-subscribers-lists,86,1486,Rolling Out Behavioural Segments Across Enterprise Teams Without Chaos,Enterprise,behavioural segments
15,"Email Subscribers, Lists and Audience Data",email-subscribers-lists,87,1487,Enterprise RFM Segmentation: Coordination Costs and How to Contain Them,Enterprise,RFM segmentation
15,"Email Subscribers, Lists and Audience Data",email-subscribers-lists,88,1488,Suppression Lists for Local Businesses in South Asia,Local business,suppression lists
15,"Email Subscribers, Lists and Audience Data",email-subscribers-lists,89,1489,"Adapting List Hygiene for Emerging Markets: Language, Payments and Behaviour",Local business,list hygiene
15,"Email Subscribers, Lists and Audience Data",email-subscribers-lists,90,1490,Local-First Email Validation: Winning Customers Within Ten Kilometres,Local business,email validation
15,"Email Subscribers, Lists and Audience Data",email-subscribers-lists,91,1491,Bounce Management for B2B Teams With Long Sales Cycles,B2B,bounce management
15,"Email Subscribers, Lists and Audience Data",email-subscribers-lists,92,1492,How B2B Buying Committees Change Your Custom Subscriber Fields Approach,B2B,custom subscriber fields
15,"Email Subscribers, Lists and Audience Data",email-subscribers-lists,93,1493,"CSV Import That Generates Pipeline, Not Just Traffic",B2B,CSV import
15,"Email Subscribers, Lists and Audience Data",email-subscribers-lists,94,1494,Subscriber Lifecycle Stages for B2C Brands Competing on Attention,B2C,subscriber lifecycle stages
15,"Email Subscribers, Lists and Audience Data",email-subscribers-lists,95,1495,High-Volume Preference Centres for Consumer Brands,B2C,preference centres
15,"Email Subscribers, Lists and Audience Data",email-subscribers-lists,96,1496,"Re-Permission Campaigns That Drives Repeat Purchases, Not One-Off Sales",B2C,re-permission campaigns
15,"Email Subscribers, Lists and Audience Data",email-subscribers-lists,97,1497,Using AI to Improve GDPR Consent Without Losing Quality Control,AI-powered,GDPR consent
15,"Email Subscribers, Lists and Audience Data",email-subscribers-lists,98,1498,AI-Assisted Data Enrichment: Where It Helps and Where It Hurts,AI-powered,data enrichment
15,"Email Subscribers, Lists and Audience Data",email-subscribers-lists,99,1499,Can AI Agents Handle Progressive Profiling End to End?,AI-powered,progressive profiling
15,"Email Subscribers, Lists and Audience Data",email-subscribers-lists,100,1500,How AI Search Is Changing List Growth Rate,AI-powered,list growth rate
16,Email Automation and Lifecycle Workflows,email-automation,1,1501,What Is Welcome Email Series? A Beginner's Guide for Email Automation,Beginner guide,welcome email series
16,Email Automation and Lifecycle Workflows,email-automation,2,1502,Drip Campaigns Explained: A Plain-English Introduction,Beginner guide,drip campaigns
16,Email Automation and Lifecycle Workflows,email-automation,3,1503,Getting Started With Behavioural Triggers: What Beginners Need to Know First,Beginner guide,behavioural triggers
16,Email Automation and Lifecycle Workflows,email-automation,4,1504,Onboarding Sequences for Complete Beginners: Core Concepts and First Steps,Beginner guide,onboarding sequences
16,Email Automation and Lifecycle Workflows,email-automation,5,1505,Advanced Win-Back Journeys: Techniques Experienced Teams Actually Use,Advanced guide,win-back journeys
16,Email Automation and Lifecycle Workflows,email-automation,6,1506,Cart Abandonment Flows at Scale: What Changes Once You Outgrow the Basics,Advanced guide,cart abandonment flows
16,Email Automation and Lifecycle Workflows,email-automation,7,1507,Beyond the Basics: Sophisticated Browse Abandonment Tactics That Still Work,Advanced guide,browse abandonment
16,Email Automation and Lifecycle Workflows,email-automation,8,1508,How to Improve Post-Purchase Sequences Without Increasing Your Budget,How-to,post-purchase sequences
16,Email Automation and Lifecycle Workflows,email-automation,9,1509,How to Set Up Lead Nurturing Tracks Correctly the First Time,How-to,lead nurturing tracks
16,Email Automation and Lifecycle Workflows,email-automation,10,1510,How to Fix Conditional Branching When It Stops Delivering Results,How-to,conditional branching
16,Email Automation and Lifecycle Workflows,email-automation,11,1511,How to Audit Your Wait Steps and Delays in Under an Hour,How-to,wait steps and delays
16,Email Automation and Lifecycle Workflows,email-automation,12,1512,Step-by-Step: Building Your First Goal Exits Workflow,Step-by-step tutorial,goal exits
16,Email Automation and Lifecycle Workflows,email-automation,13,1513,"A Practical Walkthrough of Automation Testing, From Setup to First Result",Step-by-step tutorial,automation testing
16,Email Automation and Lifecycle Workflows,email-automation,14,1514,Configuring Workflow Documentation in Braze: A Step-by-Step Tutorial,Step-by-step tutorial,workflow documentation
16,Email Automation and Lifecycle Workflows,email-automation,15,1515,The Complete Guide to Trigger Events in 2026,Ultimate guide,trigger events
16,Email Automation and Lifecycle Workflows,email-automation,16,1516,The Definitive Re-Entry Rules Handbook for Modern Marketing Teams,Ultimate guide,re-entry rules
16,Email Automation and Lifecycle Workflows,email-automation,17,1517,Everything You Need to Know About Cross-Channel Triggers,Ultimate guide,cross-channel triggers
16,Email Automation and Lifecycle Workflows,email-automation,18,1518,The Automation Audits Checklist Every Team Should Run Before Launch,Checklist,automation audits
16,Email Automation and Lifecycle Workflows,email-automation,19,1519,A Pre-Launch Journey Mapping Checklist You Can Finish in One Sitting,Checklist,journey mapping
16,Email Automation and Lifecycle Workflows,email-automation,20,1520,Monthly Event-Based Marketing Maintenance Checklist for Busy Marketers,Checklist,event-based marketing
16,Email Automation and Lifecycle Workflows,email-automation,21,1521,A Reusable Welcome Email Series Template You Can Adapt Today,Template,welcome email series
16,Email Automation and Lifecycle Workflows,email-automation,22,1522,"Free Drip Campaigns Framework: Structure, Fields and Worked Example",Template,drip campaigns
16,Email Automation and Lifecycle Workflows,email-automation,23,1523,The Behavioural Triggers Brief Template That Cuts Revision Cycles,Template,behavioural triggers
16,Email Automation and Lifecycle Workflows,email-automation,24,1524,12 Real Onboarding Sequences Examples Worth Studying,Examples,onboarding sequences
16,Email Automation and Lifecycle Workflows,email-automation,25,1525,Win-Back Journeys Examples That Show What Good Actually Looks Like,Examples,win-back journeys
16,Email Automation and Lifecycle Workflows,email-automation,26,1526,Annotated Cart Abandonment Flows Examples: Why Each One Works,Examples,cart abandonment flows
16,Email Automation and Lifecycle Workflows,email-automation,27,1527,Case Study: How One Financial Services Brand Rebuilt Its Browse Abandonment,Case study,browse abandonment
16,Email Automation and Lifecycle Workflows,email-automation,28,1528,Inside a Post-Purchase Sequences Turnaround: What Changed and What It Cost,Case study,post-purchase sequences
16,Email Automation and Lifecycle Workflows,email-automation,29,1529,"A 90-Day Lead Nurturing Tracks Experiment: Method, Results and Lessons",Case study,lead nurturing tracks
16,Email Automation and Lifecycle Workflows,email-automation,30,1530,Building a Conditional Branching Strategy That Survives Algorithm Changes,Strategy,conditional branching
16,Email Automation and Lifecycle Workflows,email-automation,31,1531,A Sustainable Wait Steps and Delays Strategy for Teams With Limited Resources,Strategy,wait steps and delays
16,Email Automation and Lifecycle Workflows,email-automation,32,1532,How to Prioritise Goal Exits When Everything Feels Urgent,Strategy,goal exits
16,Email Automation and Lifecycle Workflows,email-automation,33,1533,The Strategic Case for Investing in Automation Testing This Year,Strategy,automation testing
16,Email Automation and Lifecycle Workflows,email-automation,34,1534,Workflow Documentation Best Practices That Hold Up Under Scrutiny,Best practices,workflow documentation
16,Email Automation and Lifecycle Workflows,email-automation,35,1535,Proven Trigger Events Principles for Consistent Results,Best practices,trigger events
16,Email Automation and Lifecycle Workflows,email-automation,36,1536,What Disciplined Re-Entry Rules Looks Like in Practice,Best practices,re-entry rules
16,Email Automation and Lifecycle Workflows,email-automation,37,1537,The Cross-Channel Triggers Standards High-Performing Teams Enforce,Best practices,cross-channel triggers
16,Email Automation and Lifecycle Workflows,email-automation,38,1538,Common Automation Audits Mistakes That Quietly Cost You Revenue,Mistakes to avoid,automation audits
16,Email Automation and Lifecycle Workflows,email-automation,39,1539,Seven Journey Mapping Errors Almost Every Team Makes Early On,Mistakes to avoid,journey mapping
16,Email Automation and Lifecycle Workflows,email-automation,40,1540,"Why Most Event-Based Marketing Efforts Stall, and How to Avoid It",Mistakes to avoid,event-based marketing
16,Email Automation and Lifecycle Workflows,email-automation,41,1541,Welcome Email Series Anti-Patterns Worth Unlearning,Mistakes to avoid,welcome email series
16,Email Automation and Lifecycle Workflows,email-automation,42,1542,Drip Campaigns Not Working? A Diagnostic Guide,Problem/solution,drip campaigns
16,Email Automation and Lifecycle Workflows,email-automation,43,1543,"Troubleshooting Behavioural Triggers: Symptoms, Causes and Fixes",Problem/solution,behavioural triggers
16,Email Automation and Lifecycle Workflows,email-automation,44,1544,What to Do When Onboarding Sequences Suddenly Drops,Problem/solution,onboarding sequences
16,Email Automation and Lifecycle Workflows,email-automation,45,1545,Fixing Broken Win-Back Journeys: A Systematic Approach,Problem/solution,win-back journeys
16,Email Automation and Lifecycle Workflows,email-automation,46,1546,"Cart Abandonment Flows: Frequently Asked Questions, Answered Directly",FAQ,cart abandonment flows
16,Email Automation and Lifecycle Workflows,email-automation,47,1547,Is Browse Abandonment Worth the Investment? An Honest Assessment,FAQ,browse abandonment
16,Email Automation and Lifecycle Workflows,email-automation,48,1548,How Long Does Post-Purchase Sequences Take to Show Results?,FAQ,post-purchase sequences
16,Email Automation and Lifecycle Workflows,email-automation,49,1549,Do You Actually Need Lead Nurturing Tracks? A Decision Guide,FAQ,lead nurturing tracks
16,Email Automation and Lifecycle Workflows,email-automation,50,1550,Conditional Branching vs Event-Based Marketing: Which Deserves Your Budget?,Comparison,conditional branching
16,Email Automation and Lifecycle Workflows,email-automation,51,1551,"Comparing Wait Steps and Delays and Drip Campaigns: Strengths, Limits and Overlap",Comparison,wait steps and delays
16,Email Automation and Lifecycle Workflows,email-automation,52,1552,Goal Exits or Onboarding Sequences? A Decision Framework for Marketing Teams,Comparison,goal exits
16,Email Automation and Lifecycle Workflows,email-automation,53,1553,When to Choose Automation Testing Over Cart Abandonment Flows,Comparison,automation testing
16,Email Automation and Lifecycle Workflows,email-automation,54,1554,Alternatives to Workflow Documentation: When It Is the Wrong Tool for the Job,Alternatives,workflow documentation
16,Email Automation and Lifecycle Workflows,email-automation,55,1555,What to Use Instead of Trigger Events for Constrained Teams,Alternatives,trigger events
16,Email Automation and Lifecycle Workflows,email-automation,56,1556,Rethinking Re-Entry Rules: Three Credible Alternatives,Alternatives,re-entry rules
16,Email Automation and Lifecycle Workflows,email-automation,57,1557,"The Best Tools for Cross-Channel Triggers, Compared Honestly",Tools comparison,cross-channel triggers
16,Email Automation and Lifecycle Workflows,email-automation,58,1558,"Customer.io for Automation Audits: Capabilities, Gaps and Fit",Tools comparison,automation audits
16,Email Automation and Lifecycle Workflows,email-automation,59,1559,Choosing Journey Mapping Software: Evaluation Criteria That Matter,Tools comparison,journey mapping
16,Email Automation and Lifecycle Workflows,email-automation,60,1560,How Much Does Event-Based Marketing Really Cost in 2026?,Pricing,event-based marketing
16,Email Automation and Lifecycle Workflows,email-automation,61,1561,Welcome Email Series Pricing Explained: What Drives the Bill,Pricing,welcome email series
16,Email Automation and Lifecycle Workflows,email-automation,62,1562,Budgeting for Drip Campaigns: Realistic Numbers by Company Size,Pricing,drip campaigns
16,Email Automation and Lifecycle Workflows,email-automation,63,1563,Measuring the ROI of Behavioural Triggers Without Guesswork,ROI,behavioural triggers
16,Email Automation and Lifecycle Workflows,email-automation,64,1564,Does Onboarding Sequences Pay for Itself? A Calculation Method,ROI,onboarding sequences
16,Email Automation and Lifecycle Workflows,email-automation,65,1565,Proving the Business Value of Win-Back Journeys to Finance,ROI,win-back journeys
16,Email Automation and Lifecycle Workflows,email-automation,66,1566,Cart Abandonment Flows Statistics That Should Shape Your 2026 Plan,Statistics,cart abandonment flows
16,Email Automation and Lifecycle Workflows,email-automation,67,1567,What the Data Says About Browse Abandonment Performance,Statistics,browse abandonment
16,Email Automation and Lifecycle Workflows,email-automation,68,1568,"Post-Purchase Sequences by the Numbers: Adoption, Cost and Outcomes",Statistics,post-purchase sequences
16,Email Automation and Lifecycle Workflows,email-automation,69,1569,Lead Nurturing Tracks Trends Reshaping Marketing in 2026,Trends,lead nurturing tracks
16,Email Automation and Lifecycle Workflows,email-automation,70,1570,"What Changed in Conditional Branching This Year, and Why It Matters",Trends,conditional branching
16,Email Automation and Lifecycle Workflows,email-automation,71,1571,Emerging Shifts in Wait Steps and Delays Worth Watching,Trends,wait steps and delays
16,Email Automation and Lifecycle Workflows,email-automation,72,1572,Where Goal Exits Is Heading Next: A Considered Forecast,Predictions,goal exits
16,Email Automation and Lifecycle Workflows,email-automation,73,1573,"Automation Testing in Three Years: Reasonable Predictions, Not Hype",Predictions,automation testing
16,Email Automation and Lifecycle Workflows,email-automation,74,1574,Preparing Workflow Documentation for the Post-Search Era,Predictions,workflow documentation
16,Email Automation and Lifecycle Workflows,email-automation,75,1575,What Is a Good Trigger Events Benchmark? Numbers by Industry,Benchmarks,trigger events
16,Email Automation and Lifecycle Workflows,email-automation,76,1576,Re-Entry Rules Benchmarks: How to Tell Good From Average,Benchmarks,re-entry rules
16,Email Automation and Lifecycle Workflows,email-automation,77,1577,Setting Realistic Cross-Channel Triggers Targets Your Team Can Hit,Benchmarks,cross-channel triggers
16,Email Automation and Lifecycle Workflows,email-automation,78,1578,Automation Audits for Professional Services Companies: What Is Different,Industry-specific,automation audits
16,Email Automation and Lifecycle Workflows,email-automation,79,1579,Applying Journey Mapping in Logistics: Constraints and Opportunities,Industry-specific,journey mapping
16,Email Automation and Lifecycle Workflows,email-automation,80,1580,Retail Event-Based Marketing: A Sector-Specific Playbook,Industry-specific,event-based marketing
16,Email Automation and Lifecycle Workflows,email-automation,81,1581,Why Standard Welcome Email Series Advice Fails in SaaS,Industry-specific,welcome email series
16,Email Automation and Lifecycle Workflows,email-automation,82,1582,Drip Campaigns for Solo Founders on a Tight Budget,Small business,drip campaigns
16,Email Automation and Lifecycle Workflows,email-automation,83,1583,Practical Behavioural Triggers When You Are the Entire Marketing Team,Small business,behavioural triggers
16,Email Automation and Lifecycle Workflows,email-automation,84,1584,"Onboarding Sequences for Startups: Start Here, Skip the Rest",Small business,onboarding sequences
16,Email Automation and Lifecycle Workflows,email-automation,85,1585,"Win-Back Journeys for Enterprise Teams: Governance, Scale and Sign-Off",Enterprise,win-back journeys
16,Email Automation and Lifecycle Workflows,email-automation,86,1586,Rolling Out Cart Abandonment Flows Across Large Organisations Without Chaos,Enterprise,cart abandonment flows
16,Email Automation and Lifecycle Workflows,email-automation,87,1587,Enterprise Browse Abandonment: Coordination Costs and How to Contain Them,Enterprise,browse abandonment
16,Email Automation and Lifecycle Workflows,email-automation,88,1588,Post-Purchase Sequences for Local Businesses in Emerging Markets,Local business,post-purchase sequences
16,Email Automation and Lifecycle Workflows,email-automation,89,1589,"Adapting Lead Nurturing Tracks for Multilingual Markets: Language, Payments and Behaviour",Local business,lead nurturing tracks
16,Email Automation and Lifecycle Workflows,email-automation,90,1590,Local-First Conditional Branching: Winning Customers Within Ten Kilometres,Local business,conditional branching
16,Email Automation and Lifecycle Workflows,email-automation,91,1591,Wait Steps and Delays for B2B Teams With Long Sales Cycles,B2B,wait steps and delays
16,Email Automation and Lifecycle Workflows,email-automation,92,1592,How B2B Buying Committees Change Your Goal Exits Approach,B2B,goal exits
16,Email Automation and Lifecycle Workflows,email-automation,93,1593,"Automation Testing That Generates Pipeline, Not Just Traffic",B2B,automation testing
16,Email Automation and Lifecycle Workflows,email-automation,94,1594,Workflow Documentation for B2C Brands Competing on Attention,B2C,workflow documentation
16,Email Automation and Lifecycle Workflows,email-automation,95,1595,High-Volume Trigger Events for Consumer Brands,B2C,trigger events
16,Email Automation and Lifecycle Workflows,email-automation,96,1596,"Re-Entry Rules That Drives Repeat Purchases, Not One-Off Sales",B2C,re-entry rules
16,Email Automation and Lifecycle Workflows,email-automation,97,1597,Using AI to Improve Cross-Channel Triggers Without Losing Quality Control,AI-powered,cross-channel triggers
16,Email Automation and Lifecycle Workflows,email-automation,98,1598,AI-Assisted Automation Audits: Where It Helps and Where It Hurts,AI-powered,automation audits
16,Email Automation and Lifecycle Workflows,email-automation,99,1599,Can AI Agents Handle Journey Mapping End to End?,AI-powered,journey mapping
16,Email Automation and Lifecycle Workflows,email-automation,100,1600,How AI Search Is Changing Event-Based Marketing,AI-powered,event-based marketing
17,"Email Deliverability, Authentication and Compliance",email-deliverability,1,1601,What Is SPF Records? A Beginner's Guide for Email Deliverability,Beginner guide,SPF records
17,"Email Deliverability, Authentication and Compliance",email-deliverability,2,1602,DKIM Signing Explained: A Plain-English Introduction,Beginner guide,DKIM signing
17,"Email Deliverability, Authentication and Compliance",email-deliverability,3,1603,Getting Started With DMARC Policy: What Beginners Need to Know First,Beginner guide,DMARC policy
17,"Email Deliverability, Authentication and Compliance",email-deliverability,4,1604,BIMI for Complete Beginners: Core Concepts and First Steps,Beginner guide,BIMI
17,"Email Deliverability, Authentication and Compliance",email-deliverability,5,1605,Advanced Sender Reputation: Techniques Experienced Teams Actually Use,Advanced guide,sender reputation
17,"Email Deliverability, Authentication and Compliance",email-deliverability,6,1606,IP Warming at Scale: What Changes Once You Outgrow the Basics,Advanced guide,IP warming
17,"Email Deliverability, Authentication and Compliance",email-deliverability,7,1607,Beyond the Basics: Sophisticated Domain Warming Tactics That Still Work,Advanced guide,domain warming
17,"Email Deliverability, Authentication and Compliance",email-deliverability,8,1608,How to Improve Shared vs Dedicated IP Without Increasing Your Budget,How-to,shared vs dedicated IP
17,"Email Deliverability, Authentication and Compliance",email-deliverability,9,1609,How to Set Up Spam Filters Correctly the First Time,How-to,spam filters
17,"Email Deliverability, Authentication and Compliance",email-deliverability,10,1610,How to Fix Spam Trigger Words When It Stops Delivering Results,How-to,spam trigger words
17,"Email Deliverability, Authentication and Compliance",email-deliverability,11,1611,How to Audit Your Blocklist Removal in Under an Hour,How-to,blocklist removal
17,"Email Deliverability, Authentication and Compliance",email-deliverability,12,1612,Step-by-Step: Building Your First Hard vs Soft Bounces Workflow,Step-by-step tutorial,hard vs soft bounces
17,"Email Deliverability, Authentication and Compliance",email-deliverability,13,1613,"A Practical Walkthrough of Feedback Loops, From Setup to First Result",Step-by-step tutorial,feedback loops
17,"Email Deliverability, Authentication and Compliance",email-deliverability,14,1614,Configuring Inbox Placement Testing in SendGrid: A Step-by-Step Tutorial,Step-by-step tutorial,inbox placement testing
17,"Email Deliverability, Authentication and Compliance",email-deliverability,15,1615,The Complete Guide to Seed Lists in 2026,Ultimate guide,seed lists
17,"Email Deliverability, Authentication and Compliance",email-deliverability,16,1616,The Definitive List-Unsubscribe Header Handbook for Modern Marketing Teams,Ultimate guide,list-unsubscribe header
17,"Email Deliverability, Authentication and Compliance",email-deliverability,17,1617,Everything You Need to Know About CAN-SPAM Compliance,Ultimate guide,CAN-SPAM compliance
17,"Email Deliverability, Authentication and Compliance",email-deliverability,18,1618,The GDPR for Email Checklist Every Team Should Run Before Launch,Checklist,GDPR for email
17,"Email Deliverability, Authentication and Compliance",email-deliverability,19,1619,A Pre-Launch CASL Checklist You Can Finish in One Sitting,Checklist,CASL
17,"Email Deliverability, Authentication and Compliance",email-deliverability,20,1620,Monthly One-Click Unsubscribe Maintenance Checklist for Busy Marketers,Checklist,one-click unsubscribe
17,"Email Deliverability, Authentication and Compliance",email-deliverability,21,1621,A Reusable SPF Records Template You Can Adapt Today,Template,SPF records
17,"Email Deliverability, Authentication and Compliance",email-deliverability,22,1622,"Free DKIM Signing Framework: Structure, Fields and Worked Example",Template,DKIM signing
17,"Email Deliverability, Authentication and Compliance",email-deliverability,23,1623,The DMARC Policy Brief Template That Cuts Revision Cycles,Template,DMARC policy
17,"Email Deliverability, Authentication and Compliance",email-deliverability,24,1624,12 Real BIMI Examples Worth Studying,Examples,BIMI
17,"Email Deliverability, Authentication and Compliance",email-deliverability,25,1625,Sender Reputation Examples That Show What Good Actually Looks Like,Examples,sender reputation
17,"Email Deliverability, Authentication and Compliance",email-deliverability,26,1626,Annotated IP Warming Examples: Why Each One Works,Examples,IP warming
17,"Email Deliverability, Authentication and Compliance",email-deliverability,27,1627,Case Study: How One Travel Brand Rebuilt Its Domain Warming,Case study,domain warming
17,"Email Deliverability, Authentication and Compliance",email-deliverability,28,1628,Inside a Shared vs Dedicated IP Turnaround: What Changed and What It Cost,Case study,shared vs dedicated IP
17,"Email Deliverability, Authentication and Compliance",email-deliverability,29,1629,"A 90-Day Spam Filters Experiment: Method, Results and Lessons",Case study,spam filters
17,"Email Deliverability, Authentication and Compliance",email-deliverability,30,1630,Building a Spam Trigger Words Strategy That Survives Algorithm Changes,Strategy,spam trigger words
17,"Email Deliverability, Authentication and Compliance",email-deliverability,31,1631,A Sustainable Blocklist Removal Strategy for Teams With Limited Resources,Strategy,blocklist removal
17,"Email Deliverability, Authentication and Compliance",email-deliverability,32,1632,How to Prioritise Hard vs Soft Bounces When Everything Feels Urgent,Strategy,hard vs soft bounces
17,"Email Deliverability, Authentication and Compliance",email-deliverability,33,1633,The Strategic Case for Investing in Feedback Loops This Year,Strategy,feedback loops
17,"Email Deliverability, Authentication and Compliance",email-deliverability,34,1634,Inbox Placement Testing Best Practices That Hold Up Under Scrutiny,Best practices,inbox placement testing
17,"Email Deliverability, Authentication and Compliance",email-deliverability,35,1635,Proven Seed Lists Principles for Consistent Results,Best practices,seed lists
17,"Email Deliverability, Authentication and Compliance",email-deliverability,36,1636,What Disciplined List-Unsubscribe Header Looks Like in Practice,Best practices,list-unsubscribe header
17,"Email Deliverability, Authentication and Compliance",email-deliverability,37,1637,The CAN-SPAM Compliance Standards High-Performing Teams Enforce,Best practices,CAN-SPAM compliance
17,"Email Deliverability, Authentication and Compliance",email-deliverability,38,1638,Common GDPR for Email Mistakes That Quietly Cost You Revenue,Mistakes to avoid,GDPR for email
17,"Email Deliverability, Authentication and Compliance",email-deliverability,39,1639,Seven CASL Errors Almost Every Team Makes Early On,Mistakes to avoid,CASL
17,"Email Deliverability, Authentication and Compliance",email-deliverability,40,1640,"Why Most One-Click Unsubscribe Efforts Stall, and How to Avoid It",Mistakes to avoid,one-click unsubscribe
17,"Email Deliverability, Authentication and Compliance",email-deliverability,41,1641,SPF Records Anti-Patterns Worth Unlearning,Mistakes to avoid,SPF records
17,"Email Deliverability, Authentication and Compliance",email-deliverability,42,1642,DKIM Signing Not Working? A Diagnostic Guide,Problem/solution,DKIM signing
17,"Email Deliverability, Authentication and Compliance",email-deliverability,43,1643,"Troubleshooting DMARC Policy: Symptoms, Causes and Fixes",Problem/solution,DMARC policy
17,"Email Deliverability, Authentication and Compliance",email-deliverability,44,1644,What to Do When BIMI Suddenly Drops,Problem/solution,BIMI
17,"Email Deliverability, Authentication and Compliance",email-deliverability,45,1645,Fixing Broken Sender Reputation: A Systematic Approach,Problem/solution,sender reputation
17,"Email Deliverability, Authentication and Compliance",email-deliverability,46,1646,"IP Warming: Frequently Asked Questions, Answered Directly",FAQ,IP warming
17,"Email Deliverability, Authentication and Compliance",email-deliverability,47,1647,Is Domain Warming Worth the Investment? An Honest Assessment,FAQ,domain warming
17,"Email Deliverability, Authentication and Compliance",email-deliverability,48,1648,How Long Does Shared vs Dedicated IP Take to Show Results?,FAQ,shared vs dedicated IP
17,"Email Deliverability, Authentication and Compliance",email-deliverability,49,1649,Do You Actually Need Spam Filters? A Decision Guide,FAQ,spam filters
17,"Email Deliverability, Authentication and Compliance",email-deliverability,50,1650,Spam Trigger Words vs One-Click Unsubscribe: Which Deserves Your Budget?,Comparison,spam trigger words
17,"Email Deliverability, Authentication and Compliance",email-deliverability,51,1651,"Comparing Blocklist Removal and DKIM Signing: Strengths, Limits and Overlap",Comparison,blocklist removal
17,"Email Deliverability, Authentication and Compliance",email-deliverability,52,1652,Hard vs Soft Bounces or BIMI? A Decision Framework for Marketing Teams,Comparison,hard vs soft bounces
17,"Email Deliverability, Authentication and Compliance",email-deliverability,53,1653,When to Choose Feedback Loops Over IP Warming,Comparison,feedback loops
17,"Email Deliverability, Authentication and Compliance",email-deliverability,54,1654,Alternatives to Inbox Placement Testing: When It Is the Wrong Tool for the Job,Alternatives,inbox placement testing
17,"Email Deliverability, Authentication and Compliance",email-deliverability,55,1655,What to Use Instead of Seed Lists for Constrained Teams,Alternatives,seed lists
17,"Email Deliverability, Authentication and Compliance",email-deliverability,56,1656,Rethinking List-Unsubscribe Header: Three Credible Alternatives,Alternatives,list-unsubscribe header
17,"Email Deliverability, Authentication and Compliance",email-deliverability,57,1657,"The Best Tools for CAN-SPAM Compliance, Compared Honestly",Tools comparison,CAN-SPAM compliance
17,"Email Deliverability, Authentication and Compliance",email-deliverability,58,1658,"Postmark for GDPR for Email: Capabilities, Gaps and Fit",Tools comparison,GDPR for email
17,"Email Deliverability, Authentication and Compliance",email-deliverability,59,1659,Choosing CASL Software: Evaluation Criteria That Matter,Tools comparison,CASL
17,"Email Deliverability, Authentication and Compliance",email-deliverability,60,1660,How Much Does One-Click Unsubscribe Really Cost in 2026?,Pricing,one-click unsubscribe
17,"Email Deliverability, Authentication and Compliance",email-deliverability,61,1661,SPF Records Pricing Explained: What Drives the Bill,Pricing,SPF records
17,"Email Deliverability, Authentication and Compliance",email-deliverability,62,1662,Budgeting for DKIM Signing: Realistic Numbers by Company Size,Pricing,DKIM signing
17,"Email Deliverability, Authentication and Compliance",email-deliverability,63,1663,Measuring the ROI of DMARC Policy Without Guesswork,ROI,DMARC policy
17,"Email Deliverability, Authentication and Compliance",email-deliverability,64,1664,Does BIMI Pay for Itself? A Calculation Method,ROI,BIMI
17,"Email Deliverability, Authentication and Compliance",email-deliverability,65,1665,Proving the Business Value of Sender Reputation to Finance,ROI,sender reputation
17,"Email Deliverability, Authentication and Compliance",email-deliverability,66,1666,IP Warming Statistics That Should Shape Your 2026 Plan,Statistics,IP warming
17,"Email Deliverability, Authentication and Compliance",email-deliverability,67,1667,What the Data Says About Domain Warming Performance,Statistics,domain warming
17,"Email Deliverability, Authentication and Compliance",email-deliverability,68,1668,"Shared vs Dedicated IP by the Numbers: Adoption, Cost and Outcomes",Statistics,shared vs dedicated IP
17,"Email Deliverability, Authentication and Compliance",email-deliverability,69,1669,Spam Filters Trends Reshaping Marketing in 2026,Trends,spam filters
17,"Email Deliverability, Authentication and Compliance",email-deliverability,70,1670,"What Changed in Spam Trigger Words This Year, and Why It Matters",Trends,spam trigger words
17,"Email Deliverability, Authentication and Compliance",email-deliverability,71,1671,Emerging Shifts in Blocklist Removal Worth Watching,Trends,blocklist removal
17,"Email Deliverability, Authentication and Compliance",email-deliverability,72,1672,Where Hard vs Soft Bounces Is Heading Next: A Considered Forecast,Predictions,hard vs soft bounces
17,"Email Deliverability, Authentication and Compliance",email-deliverability,73,1673,"Feedback Loops in Three Years: Reasonable Predictions, Not Hype",Predictions,feedback loops
17,"Email Deliverability, Authentication and Compliance",email-deliverability,74,1674,Preparing Inbox Placement Testing for the Post-Search Era,Predictions,inbox placement testing
17,"Email Deliverability, Authentication and Compliance",email-deliverability,75,1675,What Is a Good Seed Lists Benchmark? Numbers by Industry,Benchmarks,seed lists
17,"Email Deliverability, Authentication and Compliance",email-deliverability,76,1676,List-Unsubscribe Header Benchmarks: How to Tell Good From Average,Benchmarks,list-unsubscribe header
17,"Email Deliverability, Authentication and Compliance",email-deliverability,77,1677,Setting Realistic CAN-SPAM Compliance Targets Your Team Can Hit,Benchmarks,CAN-SPAM compliance
17,"Email Deliverability, Authentication and Compliance",email-deliverability,78,1678,GDPR for Email for Logistics Companies: What Is Different,Industry-specific,GDPR for email
17,"Email Deliverability, Authentication and Compliance",email-deliverability,79,1679,Applying CASL in Retail: Constraints and Opportunities,Industry-specific,CASL
17,"Email Deliverability, Authentication and Compliance",email-deliverability,80,1680,SaaS One-Click Unsubscribe: A Sector-Specific Playbook,Industry-specific,one-click unsubscribe
17,"Email Deliverability, Authentication and Compliance",email-deliverability,81,1681,Why Standard SPF Records Advice Fails in E-Commerce,Industry-specific,SPF records
17,"Email Deliverability, Authentication and Compliance",email-deliverability,82,1682,DKIM Signing for Local Shops on a Tight Budget,Small business,DKIM signing
17,"Email Deliverability, Authentication and Compliance",email-deliverability,83,1683,Practical DMARC Policy When You Are the Entire Marketing Team,Small business,DMARC policy
17,"Email Deliverability, Authentication and Compliance",email-deliverability,84,1684,"BIMI for Freelancers: Start Here, Skip the Rest",Small business,BIMI
17,"Email Deliverability, Authentication and Compliance",email-deliverability,85,1685,"Sender Reputation for Large Organisations: Governance, Scale and Sign-Off",Enterprise,sender reputation
17,"Email Deliverability, Authentication and Compliance",email-deliverability,86,1686,Rolling Out IP Warming Across Multi-Brand Groups Without Chaos,Enterprise,IP warming
17,"Email Deliverability, Authentication and Compliance",email-deliverability,87,1687,Enterprise Domain Warming: Coordination Costs and How to Contain Them,Enterprise,domain warming
17,"Email Deliverability, Authentication and Compliance",email-deliverability,88,1688,Shared vs Dedicated IP for Local Businesses in Multilingual Markets,Local business,shared vs dedicated IP
17,"Email Deliverability, Authentication and Compliance",email-deliverability,89,1689,"Adapting Spam Filters for Nepal: Language, Payments and Behaviour",Local business,spam filters
17,"Email Deliverability, Authentication and Compliance",email-deliverability,90,1690,Local-First Spam Trigger Words: Winning Customers Within Ten Kilometres,Local business,spam trigger words
17,"Email Deliverability, Authentication and Compliance",email-deliverability,91,1691,Blocklist Removal for B2B Teams With Long Sales Cycles,B2B,blocklist removal
17,"Email Deliverability, Authentication and Compliance",email-deliverability,92,1692,How B2B Buying Committees Change Your Hard vs Soft Bounces Approach,B2B,hard vs soft bounces
17,"Email Deliverability, Authentication and Compliance",email-deliverability,93,1693,"Feedback Loops That Generates Pipeline, Not Just Traffic",B2B,feedback loops
17,"Email Deliverability, Authentication and Compliance",email-deliverability,94,1694,Inbox Placement Testing for B2C Brands Competing on Attention,B2C,inbox placement testing
17,"Email Deliverability, Authentication and Compliance",email-deliverability,95,1695,High-Volume Seed Lists for Consumer Brands,B2C,seed lists
17,"Email Deliverability, Authentication and Compliance",email-deliverability,96,1696,"List-Unsubscribe Header That Drives Repeat Purchases, Not One-Off Sales",B2C,list-unsubscribe header
17,"Email Deliverability, Authentication and Compliance",email-deliverability,97,1697,Using AI to Improve CAN-SPAM Compliance Without Losing Quality Control,AI-powered,CAN-SPAM compliance
17,"Email Deliverability, Authentication and Compliance",email-deliverability,98,1698,AI-Assisted GDPR for Email: Where It Helps and Where It Hurts,AI-powered,GDPR for email
17,"Email Deliverability, Authentication and Compliance",email-deliverability,99,1699,Can AI Agents Handle CASL End to End?,AI-powered,CASL
17,"Email Deliverability, Authentication and Compliance",email-deliverability,100,1700,How AI Search Is Changing One-Click Unsubscribe,AI-powered,one-click unsubscribe
18,"Email Analytics, Testing and Revenue Attribution",email-analytics,1,1701,What Is Open Rate? A Beginner's Guide for Email Marketing Metrics,Beginner guide,open rate
18,"Email Analytics, Testing and Revenue Attribution",email-analytics,2,1702,Click-Through Rate Explained: A Plain-English Introduction,Beginner guide,click-through rate
18,"Email Analytics, Testing and Revenue Attribution",email-analytics,3,1703,Getting Started With Click-To-Open Rate: What Beginners Need to Know First,Beginner guide,click-to-open rate
18,"Email Analytics, Testing and Revenue Attribution",email-analytics,4,1704,Conversion Rate for Complete Beginners: Core Concepts and First Steps,Beginner guide,conversion rate
18,"Email Analytics, Testing and Revenue Attribution",email-analytics,5,1705,Advanced Revenue per Email: Techniques Experienced Teams Actually Use,Advanced guide,revenue per email
18,"Email Analytics, Testing and Revenue Attribution",email-analytics,6,1706,Unsubscribe Rate at Scale: What Changes Once You Outgrow the Basics,Advanced guide,unsubscribe rate
18,"Email Analytics, Testing and Revenue Attribution",email-analytics,7,1707,Beyond the Basics: Sophisticated Spam Complaint Rate Tactics That Still Work,Advanced guide,spam complaint rate
18,"Email Analytics, Testing and Revenue Attribution",email-analytics,8,1708,How to Improve List Growth Rate Without Increasing Your Budget,How-to,list growth rate
18,"Email Analytics, Testing and Revenue Attribution",email-analytics,9,1709,How to Set Up A/B Testing Correctly the First Time,How-to,A/B testing
18,"Email Analytics, Testing and Revenue Attribution",email-analytics,10,1710,How to Fix Multivariate Testing When It Stops Delivering Results,How-to,multivariate testing
18,"Email Analytics, Testing and Revenue Attribution",email-analytics,11,1711,How to Audit Your Statistical Significance in Under an Hour,How-to,statistical significance
18,"Email Analytics, Testing and Revenue Attribution",email-analytics,12,1712,Step-by-Step: Building Your First Apple Mail Privacy Protection Workflow,Step-by-step tutorial,Apple Mail Privacy Protection
18,"Email Analytics, Testing and Revenue Attribution",email-analytics,13,1713,"A Practical Walkthrough of Engagement Scoring, From Setup to First Result",Step-by-step tutorial,engagement scoring
18,"Email Analytics, Testing and Revenue Attribution",email-analytics,14,1714,Configuring Email Attribution in Litmus: A Step-by-Step Tutorial,Step-by-step tutorial,email attribution
18,"Email Analytics, Testing and Revenue Attribution",email-analytics,15,1715,The Complete Guide to Holdout Testing in 2026,Ultimate guide,holdout testing
18,"Email Analytics, Testing and Revenue Attribution",email-analytics,16,1716,The Definitive Deliverability Metrics Handbook for Modern Marketing Teams,Ultimate guide,deliverability metrics
18,"Email Analytics, Testing and Revenue Attribution",email-analytics,17,1717,Everything You Need to Know About Industry Benchmarks,Ultimate guide,industry benchmarks
18,"Email Analytics, Testing and Revenue Attribution",email-analytics,18,1718,The Dashboard Design Checklist Every Team Should Run Before Launch,Checklist,dashboard design
18,"Email Analytics, Testing and Revenue Attribution",email-analytics,19,1719,A Pre-Launch Incrementality Checklist You Can Finish in One Sitting,Checklist,incrementality
18,"Email Analytics, Testing and Revenue Attribution",email-analytics,20,1720,Monthly Open Rate Maintenance Checklist for Busy Marketers,Checklist,open rate
18,"Email Analytics, Testing and Revenue Attribution",email-analytics,21,1721,A Reusable Click-Through Rate Template You Can Adapt Today,Template,click-through rate
18,"Email Analytics, Testing and Revenue Attribution",email-analytics,22,1722,"Free Click-To-Open Rate Framework: Structure, Fields and Worked Example",Template,click-to-open rate
18,"Email Analytics, Testing and Revenue Attribution",email-analytics,23,1723,The Conversion Rate Brief Template That Cuts Revision Cycles,Template,conversion rate
18,"Email Analytics, Testing and Revenue Attribution",email-analytics,24,1724,12 Real Revenue per Email Examples Worth Studying,Examples,revenue per email
18,"Email Analytics, Testing and Revenue Attribution",email-analytics,25,1725,Unsubscribe Rate Examples That Show What Good Actually Looks Like,Examples,unsubscribe rate
18,"Email Analytics, Testing and Revenue Attribution",email-analytics,26,1726,Annotated Spam Complaint Rate Examples: Why Each One Works,Examples,spam complaint rate
18,"Email Analytics, Testing and Revenue Attribution",email-analytics,27,1727,Case Study: How One Fitness Brand Rebuilt Its List Growth Rate,Case study,list growth rate
18,"Email Analytics, Testing and Revenue Attribution",email-analytics,28,1728,Inside a A/B Testing Turnaround: What Changed and What It Cost,Case study,A/B testing
18,"Email Analytics, Testing and Revenue Attribution",email-analytics,29,1729,"A 90-Day Multivariate Testing Experiment: Method, Results and Lessons",Case study,multivariate testing
18,"Email Analytics, Testing and Revenue Attribution",email-analytics,30,1730,Building a Statistical Significance Strategy That Survives Algorithm Changes,Strategy,statistical significance
18,"Email Analytics, Testing and Revenue Attribution",email-analytics,31,1731,A Sustainable Apple Mail Privacy Protection Strategy for Teams With Limited Resources,Strategy,Apple Mail Privacy Protection
18,"Email Analytics, Testing and Revenue Attribution",email-analytics,32,1732,How to Prioritise Cohort Analysis When Everything Feels Urgent,Strategy,cohort analysis
18,"Email Analytics, Testing and Revenue Attribution",email-analytics,33,1733,The Strategic Case for Investing in Engagement Scoring This Year,Strategy,engagement scoring
18,"Email Analytics, Testing and Revenue Attribution",email-analytics,34,1734,Email Attribution Best Practices That Hold Up Under Scrutiny,Best practices,email attribution
18,"Email Analytics, Testing and Revenue Attribution",email-analytics,35,1735,Proven Holdout Testing Principles for Consistent Results,Best practices,holdout testing
18,"Email Analytics, Testing and Revenue Attribution",email-analytics,36,1736,What Disciplined Deliverability Metrics Looks Like in Practice,Best practices,deliverability metrics
18,"Email Analytics, Testing and Revenue Attribution",email-analytics,37,1737,The Industry Benchmarks Standards High-Performing Teams Enforce,Best practices,industry benchmarks
18,"Email Analytics, Testing and Revenue Attribution",email-analytics,38,1738,Common Dashboard Design Mistakes That Quietly Cost You Revenue,Mistakes to avoid,dashboard design
18,"Email Analytics, Testing and Revenue Attribution",email-analytics,39,1739,Seven Incrementality Errors Almost Every Team Makes Early On,Mistakes to avoid,incrementality
18,"Email Analytics, Testing and Revenue Attribution",email-analytics,40,1740,"Why Most Open Rate Efforts Stall, and How to Avoid It",Mistakes to avoid,open rate
18,"Email Analytics, Testing and Revenue Attribution",email-analytics,41,1741,Click-Through Rate Anti-Patterns Worth Unlearning,Mistakes to avoid,click-through rate
18,"Email Analytics, Testing and Revenue Attribution",email-analytics,42,1742,Click-To-Open Rate Not Working? A Diagnostic Guide,Problem/solution,click-to-open rate
18,"Email Analytics, Testing and Revenue Attribution",email-analytics,43,1743,"Troubleshooting Conversion Rate: Symptoms, Causes and Fixes",Problem/solution,conversion rate
18,"Email Analytics, Testing and Revenue Attribution",email-analytics,44,1744,What to Do When Revenue per Email Suddenly Drops,Problem/solution,revenue per email
18,"Email Analytics, Testing and Revenue Attribution",email-analytics,45,1745,Fixing Broken Unsubscribe Rate: A Systematic Approach,Problem/solution,unsubscribe rate
18,"Email Analytics, Testing and Revenue Attribution",email-analytics,46,1746,"Spam Complaint Rate: Frequently Asked Questions, Answered Directly",FAQ,spam complaint rate
18,"Email Analytics, Testing and Revenue Attribution",email-analytics,47,1747,Is List Growth Rate Worth the Investment? An Honest Assessment,FAQ,list growth rate
18,"Email Analytics, Testing and Revenue Attribution",email-analytics,48,1748,How Long Does A/B Testing Take to Show Results?,FAQ,A/B testing
18,"Email Analytics, Testing and Revenue Attribution",email-analytics,49,1749,Do You Actually Need Multivariate Testing? A Decision Guide,FAQ,multivariate testing
18,"Email Analytics, Testing and Revenue Attribution",email-analytics,50,1750,Statistical Significance vs Open Rate: Which Deserves Your Budget?,Comparison,statistical significance
18,"Email Analytics, Testing and Revenue Attribution",email-analytics,51,1751,"Comparing Apple Mail Privacy Protection and Click-To-Open Rate: Strengths, Limits and Overlap",Comparison,Apple Mail Privacy Protection
18,"Email Analytics, Testing and Revenue Attribution",email-analytics,52,1752,Cohort Analysis or Revenue per Email? A Decision Framework for Marketing Teams,Comparison,cohort analysis
18,"Email Analytics, Testing and Revenue Attribution",email-analytics,53,1753,When to Choose Engagement Scoring Over Spam Complaint Rate,Comparison,engagement scoring
18,"Email Analytics, Testing and Revenue Attribution",email-analytics,54,1754,Alternatives to Email Attribution: When It Is the Wrong Tool for the Job,Alternatives,email attribution
18,"Email Analytics, Testing and Revenue Attribution",email-analytics,55,1755,What to Use Instead of Holdout Testing for Constrained Teams,Alternatives,holdout testing
18,"Email Analytics, Testing and Revenue Attribution",email-analytics,56,1756,Rethinking Deliverability Metrics: Three Credible Alternatives,Alternatives,deliverability metrics
18,"Email Analytics, Testing and Revenue Attribution",email-analytics,57,1757,"The Best Tools for Industry Benchmarks, Compared Honestly",Tools comparison,industry benchmarks
18,"Email Analytics, Testing and Revenue Attribution",email-analytics,58,1758,"Looker Studio for Dashboard Design: Capabilities, Gaps and Fit",Tools comparison,dashboard design
18,"Email Analytics, Testing and Revenue Attribution",email-analytics,59,1759,Choosing Incrementality Software: Evaluation Criteria That Matter,Tools comparison,incrementality
18,"Email Analytics, Testing and Revenue Attribution",email-analytics,60,1760,How Much Does Open Rate Really Cost in 2026?,Pricing,open rate
18,"Email Analytics, Testing and Revenue Attribution",email-analytics,61,1761,Click-Through Rate Pricing Explained: What Drives the Bill,Pricing,click-through rate
18,"Email Analytics, Testing and Revenue Attribution",email-analytics,62,1762,Budgeting for Click-To-Open Rate: Realistic Numbers by Company Size,Pricing,click-to-open rate
18,"Email Analytics, Testing and Revenue Attribution",email-analytics,63,1763,Measuring the ROI of Conversion Rate Without Guesswork,ROI,conversion rate
18,"Email Analytics, Testing and Revenue Attribution",email-analytics,64,1764,Does Revenue per Email Pay for Itself? A Calculation Method,ROI,revenue per email
18,"Email Analytics, Testing and Revenue Attribution",email-analytics,65,1765,Proving the Business Value of Unsubscribe Rate to Finance,ROI,unsubscribe rate
18,"Email Analytics, Testing and Revenue Attribution",email-analytics,66,1766,Spam Complaint Rate Statistics That Should Shape Your 2026 Plan,Statistics,spam complaint rate
18,"Email Analytics, Testing and Revenue Attribution",email-analytics,67,1767,What the Data Says About List Growth Rate Performance,Statistics,list growth rate
18,"Email Analytics, Testing and Revenue Attribution",email-analytics,68,1768,"A/B Testing by the Numbers: Adoption, Cost and Outcomes",Statistics,A/B testing
18,"Email Analytics, Testing and Revenue Attribution",email-analytics,69,1769,Multivariate Testing Trends Reshaping Marketing in 2026,Trends,multivariate testing
18,"Email Analytics, Testing and Revenue Attribution",email-analytics,70,1770,"What Changed in Statistical Significance This Year, and Why It Matters",Trends,statistical significance
18,"Email Analytics, Testing and Revenue Attribution",email-analytics,71,1771,Emerging Shifts in Apple Mail Privacy Protection Worth Watching,Trends,Apple Mail Privacy Protection
18,"Email Analytics, Testing and Revenue Attribution",email-analytics,72,1772,Where Cohort Analysis Is Heading Next: A Considered Forecast,Predictions,cohort analysis
18,"Email Analytics, Testing and Revenue Attribution",email-analytics,73,1773,"Engagement Scoring in Three Years: Reasonable Predictions, Not Hype",Predictions,engagement scoring
18,"Email Analytics, Testing and Revenue Attribution",email-analytics,74,1774,Preparing Email Attribution for the Post-Search Era,Predictions,email attribution
18,"Email Analytics, Testing and Revenue Attribution",email-analytics,75,1775,What Is a Good Holdout Testing Benchmark? Numbers by Industry,Benchmarks,holdout testing
18,"Email Analytics, Testing and Revenue Attribution",email-analytics,76,1776,Deliverability Metrics Benchmarks: How to Tell Good From Average,Benchmarks,deliverability metrics
18,"Email Analytics, Testing and Revenue Attribution",email-analytics,77,1777,Setting Realistic Industry Benchmarks Targets Your Team Can Hit,Benchmarks,industry benchmarks
18,"Email Analytics, Testing and Revenue Attribution",email-analytics,78,1778,Dashboard Design for Retail Companies: What Is Different,Industry-specific,dashboard design
18,"Email Analytics, Testing and Revenue Attribution",email-analytics,79,1779,Applying Incrementality in SaaS: Constraints and Opportunities,Industry-specific,incrementality
18,"Email Analytics, Testing and Revenue Attribution",email-analytics,80,1780,E-Commerce Open Rate: A Sector-Specific Playbook,Industry-specific,open rate
18,"Email Analytics, Testing and Revenue Attribution",email-analytics,81,1781,Why Standard Click-Through Rate Advice Fails in Healthcare,Industry-specific,click-through rate
18,"Email Analytics, Testing and Revenue Attribution",email-analytics,82,1782,Click-To-Open Rate for Startups on a Tight Budget,Small business,click-to-open rate
18,"Email Analytics, Testing and Revenue Attribution",email-analytics,83,1783,Practical Conversion Rate When You Are the Entire Marketing Team,Small business,conversion rate
18,"Email Analytics, Testing and Revenue Attribution",email-analytics,84,1784,"Revenue per Email for Family Businesses: Start Here, Skip the Rest",Small business,revenue per email
18,"Email Analytics, Testing and Revenue Attribution",email-analytics,85,1785,"Unsubscribe Rate for Multi-Brand Groups: Governance, Scale and Sign-Off",Enterprise,unsubscribe rate
18,"Email Analytics, Testing and Revenue Attribution",email-analytics,86,1786,Rolling Out Spam Complaint Rate Across Global Teams Without Chaos,Enterprise,spam complaint rate
18,"Email Analytics, Testing and Revenue Attribution",email-analytics,87,1787,Enterprise List Growth Rate: Coordination Costs and How to Contain Them,Enterprise,list growth rate
18,"Email Analytics, Testing and Revenue Attribution",email-analytics,88,1788,A/B Testing for Local Businesses in Nepal,Local business,A/B testing
18,"Email Analytics, Testing and Revenue Attribution",email-analytics,89,1789,"Adapting Multivariate Testing for Kathmandu: Language, Payments and Behaviour",Local business,multivariate testing
18,"Email Analytics, Testing and Revenue Attribution",email-analytics,90,1790,Local-First Statistical Significance: Winning Customers Within Ten Kilometres,Local business,statistical significance
18,"Email Analytics, Testing and Revenue Attribution",email-analytics,91,1791,Apple Mail Privacy Protection for B2B Teams With Long Sales Cycles,B2B,Apple Mail Privacy Protection
18,"Email Analytics, Testing and Revenue Attribution",email-analytics,92,1792,How B2B Buying Committees Change Your Cohort Analysis Approach,B2B,cohort analysis
18,"Email Analytics, Testing and Revenue Attribution",email-analytics,93,1793,"Engagement Scoring That Generates Pipeline, Not Just Traffic",B2B,engagement scoring
18,"Email Analytics, Testing and Revenue Attribution",email-analytics,94,1794,Email Attribution for B2C Brands Competing on Attention,B2C,email attribution
18,"Email Analytics, Testing and Revenue Attribution",email-analytics,95,1795,High-Volume Holdout Testing for Consumer Brands,B2C,holdout testing
18,"Email Analytics, Testing and Revenue Attribution",email-analytics,96,1796,"Deliverability Metrics That Drives Repeat Purchases, Not One-Off Sales",B2C,deliverability metrics
18,"Email Analytics, Testing and Revenue Attribution",email-analytics,97,1797,Using AI to Improve Industry Benchmarks Without Losing Quality Control,AI-powered,industry benchmarks
18,"Email Analytics, Testing and Revenue Attribution",email-analytics,98,1798,AI-Assisted Dashboard Design: Where It Helps and Where It Hurts,AI-powered,dashboard design
18,"Email Analytics, Testing and Revenue Attribution",email-analytics,99,1799,Can AI Agents Handle Incrementality End to End?,AI-powered,incrementality
18,"Email Analytics, Testing and Revenue Attribution",email-analytics,100,1800,How AI Search Is Changing Open Rate,AI-powered,open rate
19,WhatsApp Marketing Strategy and Campaigns,whatsapp-marketing,1,1801,What Is WhatsApp Business API? A Beginner's Guide for WhatsApp Marketing,Beginner guide,WhatsApp Business API
19,WhatsApp Marketing Strategy and Campaigns,whatsapp-marketing,2,1802,WhatsApp Business App Explained: A Plain-English Introduction,Beginner guide,WhatsApp Business App
19,WhatsApp Marketing Strategy and Campaigns,whatsapp-marketing,3,1803,Getting Started With Broadcast Campaigns: What Beginners Need to Know First,Beginner guide,broadcast campaigns
19,WhatsApp Marketing Strategy and Campaigns,whatsapp-marketing,4,1804,Opt-In Collection for Complete Beginners: Core Concepts and First Steps,Beginner guide,opt-in collection
19,WhatsApp Marketing Strategy and Campaigns,whatsapp-marketing,5,1805,Advanced 24-Hour Session Window: Techniques Experienced Teams Actually Use,Advanced guide,24-hour session window
19,WhatsApp Marketing Strategy and Campaigns,whatsapp-marketing,6,1806,Conversational Commerce at Scale: What Changes Once You Outgrow the Basics,Advanced guide,conversational commerce
19,WhatsApp Marketing Strategy and Campaigns,whatsapp-marketing,7,1807,Beyond the Basics: Sophisticated Product Catalogues Tactics That Still Work,Advanced guide,product catalogues
19,WhatsApp Marketing Strategy and Campaigns,whatsapp-marketing,8,1808,How to Improve click-to-WhatsApp Ads Without Increasing Your Budget,How-to,click-to-WhatsApp ads
19,WhatsApp Marketing Strategy and Campaigns,whatsapp-marketing,9,1809,How to Set Up QR Code Entry Points Correctly the First Time,How-to,QR code entry points
19,WhatsApp Marketing Strategy and Campaigns,whatsapp-marketing,10,1810,How to Fix WhatsApp Flows When It Stops Delivering Results,How-to,WhatsApp Flows
19,WhatsApp Marketing Strategy and Campaigns,whatsapp-marketing,11,1811,How to Audit Your Payment Integration in Under an Hour,How-to,payment integration
19,WhatsApp Marketing Strategy and Campaigns,whatsapp-marketing,12,1812,Step-by-Step: Building Your First Customer Support Handover Workflow,Step-by-step tutorial,customer support handover
19,WhatsApp Marketing Strategy and Campaigns,whatsapp-marketing,13,1813,"A Practical Walkthrough of Message Policy Compliance, From Setup to First Result",Step-by-step tutorial,message policy compliance
19,WhatsApp Marketing Strategy and Campaigns,whatsapp-marketing,14,1814,Configuring Green Tick Verification in 360dialog: A Step-by-Step Tutorial,Step-by-step tutorial,green tick verification
19,WhatsApp Marketing Strategy and Campaigns,whatsapp-marketing,15,1815,The Complete Guide to Conversation Pricing in 2026,Ultimate guide,conversation pricing
19,WhatsApp Marketing Strategy and Campaigns,whatsapp-marketing,16,1816,The Definitive WhatsApp for Retail Handbook for Modern Marketing Teams,Ultimate guide,WhatsApp for retail
19,WhatsApp Marketing Strategy and Campaigns,whatsapp-marketing,17,1817,Everything You Need to Know About Abandoned Cart on WhatsApp,Ultimate guide,abandoned cart on WhatsApp
19,WhatsApp Marketing Strategy and Campaigns,whatsapp-marketing,18,1818,The Order Notifications Checklist Every Team Should Run Before Launch,Checklist,order notifications
19,WhatsApp Marketing Strategy and Campaigns,whatsapp-marketing,19,1819,A Pre-Launch Appointment Reminders Checklist You Can Finish in One Sitting,Checklist,appointment reminders
19,WhatsApp Marketing Strategy and Campaigns,whatsapp-marketing,20,1820,Monthly Two-Way Conversations Maintenance Checklist for Busy Marketers,Checklist,two-way conversations
19,WhatsApp Marketing Strategy and Campaigns,whatsapp-marketing,21,1821,A Reusable WhatsApp Business API Template You Can Adapt Today,Template,WhatsApp Business API
19,WhatsApp Marketing Strategy and Campaigns,whatsapp-marketing,22,1822,"Free WhatsApp Business App Framework: Structure, Fields and Worked Example",Template,WhatsApp Business App
19,WhatsApp Marketing Strategy and Campaigns,whatsapp-marketing,23,1823,The Broadcast Campaigns Brief Template That Cuts Revision Cycles,Template,broadcast campaigns
19,WhatsApp Marketing Strategy and Campaigns,whatsapp-marketing,24,1824,12 Real Opt-In Collection Examples Worth Studying,Examples,opt-in collection
19,WhatsApp Marketing Strategy and Campaigns,whatsapp-marketing,25,1825,24-Hour Session Window Examples That Show What Good Actually Looks Like,Examples,24-hour session window
19,WhatsApp Marketing Strategy and Campaigns,whatsapp-marketing,26,1826,Annotated Conversational Commerce Examples: Why Each One Works,Examples,conversational commerce
19,WhatsApp Marketing Strategy and Campaigns,whatsapp-marketing,27,1827,Case Study: How One Professional Services Brand Rebuilt Its Product Catalogues,Case study,product catalogues
19,WhatsApp Marketing Strategy and Campaigns,whatsapp-marketing,28,1828,Inside a click-to-WhatsApp Ads Turnaround: What Changed and What It Cost,Case study,click-to-WhatsApp ads
19,WhatsApp Marketing Strategy and Campaigns,whatsapp-marketing,29,1829,"A 90-Day QR Code Entry Points Experiment: Method, Results and Lessons",Case study,QR code entry points
19,WhatsApp Marketing Strategy and Campaigns,whatsapp-marketing,30,1830,Building a WhatsApp Flows Strategy That Survives Algorithm Changes,Strategy,WhatsApp Flows
19,WhatsApp Marketing Strategy and Campaigns,whatsapp-marketing,31,1831,A Sustainable Payment Integration Strategy for Teams With Limited Resources,Strategy,payment integration
19,WhatsApp Marketing Strategy and Campaigns,whatsapp-marketing,32,1832,How to Prioritise Customer Support Handover When Everything Feels Urgent,Strategy,customer support handover
19,WhatsApp Marketing Strategy and Campaigns,whatsapp-marketing,33,1833,The Strategic Case for Investing in Message Policy Compliance This Year,Strategy,message policy compliance
19,WhatsApp Marketing Strategy and Campaigns,whatsapp-marketing,34,1834,Green Tick Verification Best Practices That Hold Up Under Scrutiny,Best practices,green tick verification
19,WhatsApp Marketing Strategy and Campaigns,whatsapp-marketing,35,1835,Proven Conversation Pricing Principles for Consistent Results,Best practices,conversation pricing
19,WhatsApp Marketing Strategy and Campaigns,whatsapp-marketing,36,1836,What Disciplined WhatsApp for Retail Looks Like in Practice,Best practices,WhatsApp for retail
19,WhatsApp Marketing Strategy and Campaigns,whatsapp-marketing,37,1837,The Abandoned Cart on WhatsApp Standards High-Performing Teams Enforce,Best practices,abandoned cart on WhatsApp
19,WhatsApp Marketing Strategy and Campaigns,whatsapp-marketing,38,1838,Common Order Notifications Mistakes That Quietly Cost You Revenue,Mistakes to avoid,order notifications
19,WhatsApp Marketing Strategy and Campaigns,whatsapp-marketing,39,1839,Seven Appointment Reminders Errors Almost Every Team Makes Early On,Mistakes to avoid,appointment reminders
19,WhatsApp Marketing Strategy and Campaigns,whatsapp-marketing,40,1840,"Why Most Two-Way Conversations Efforts Stall, and How to Avoid It",Mistakes to avoid,two-way conversations
19,WhatsApp Marketing Strategy and Campaigns,whatsapp-marketing,41,1841,WhatsApp Business API Anti-Patterns Worth Unlearning,Mistakes to avoid,WhatsApp Business API
19,WhatsApp Marketing Strategy and Campaigns,whatsapp-marketing,42,1842,WhatsApp Business App Not Working? A Diagnostic Guide,Problem/solution,WhatsApp Business App
19,WhatsApp Marketing Strategy and Campaigns,whatsapp-marketing,43,1843,"Troubleshooting Broadcast Campaigns: Symptoms, Causes and Fixes",Problem/solution,broadcast campaigns
19,WhatsApp Marketing Strategy and Campaigns,whatsapp-marketing,44,1844,What to Do When Opt-In Collection Suddenly Drops,Problem/solution,opt-in collection
19,WhatsApp Marketing Strategy and Campaigns,whatsapp-marketing,45,1845,Fixing Broken 24-Hour Session Window: A Systematic Approach,Problem/solution,24-hour session window
19,WhatsApp Marketing Strategy and Campaigns,whatsapp-marketing,46,1846,"Conversational Commerce: Frequently Asked Questions, Answered Directly",FAQ,conversational commerce
19,WhatsApp Marketing Strategy and Campaigns,whatsapp-marketing,47,1847,Is Product Catalogues Worth the Investment? An Honest Assessment,FAQ,product catalogues
19,WhatsApp Marketing Strategy and Campaigns,whatsapp-marketing,48,1848,How Long Does click-to-WhatsApp Ads Take to Show Results?,FAQ,click-to-WhatsApp ads
19,WhatsApp Marketing Strategy and Campaigns,whatsapp-marketing,49,1849,Do You Actually Need QR Code Entry Points? A Decision Guide,FAQ,QR code entry points
19,WhatsApp Marketing Strategy and Campaigns,whatsapp-marketing,50,1850,WhatsApp Flows vs Two-Way Conversations: Which Deserves Your Budget?,Comparison,WhatsApp Flows
19,WhatsApp Marketing Strategy and Campaigns,whatsapp-marketing,51,1851,"Comparing Payment Integration and WhatsApp Business App: Strengths, Limits and Overlap",Comparison,payment integration
19,WhatsApp Marketing Strategy and Campaigns,whatsapp-marketing,52,1852,Customer Support Handover or Opt-In Collection? A Decision Framework for Marketing Teams,Comparison,customer support handover
19,WhatsApp Marketing Strategy and Campaigns,whatsapp-marketing,53,1853,When to Choose Message Policy Compliance Over Conversational Commerce,Comparison,message policy compliance
19,WhatsApp Marketing Strategy and Campaigns,whatsapp-marketing,54,1854,Alternatives to Green Tick Verification: When It Is the Wrong Tool for the Job,Alternatives,green tick verification
19,WhatsApp Marketing Strategy and Campaigns,whatsapp-marketing,55,1855,What to Use Instead of Conversation Pricing for Constrained Teams,Alternatives,conversation pricing
19,WhatsApp Marketing Strategy and Campaigns,whatsapp-marketing,56,1856,Rethinking WhatsApp for Retail: Three Credible Alternatives,Alternatives,WhatsApp for retail
19,WhatsApp Marketing Strategy and Campaigns,whatsapp-marketing,57,1857,"The Best Tools for Abandoned Cart on WhatsApp, Compared Honestly",Tools comparison,abandoned cart on WhatsApp
19,WhatsApp Marketing Strategy and Campaigns,whatsapp-marketing,58,1858,"Twilio for Order Notifications: Capabilities, Gaps and Fit",Tools comparison,order notifications
19,WhatsApp Marketing Strategy and Campaigns,whatsapp-marketing,59,1859,Choosing Appointment Reminders Software: Evaluation Criteria That Matter,Tools comparison,appointment reminders
19,WhatsApp Marketing Strategy and Campaigns,whatsapp-marketing,60,1860,How Much Does Two-Way Conversations Really Cost in 2026?,Pricing,two-way conversations
19,WhatsApp Marketing Strategy and Campaigns,whatsapp-marketing,61,1861,WhatsApp Business API Pricing Explained: What Drives the Bill,Pricing,WhatsApp Business API
19,WhatsApp Marketing Strategy and Campaigns,whatsapp-marketing,62,1862,Budgeting for WhatsApp Business App: Realistic Numbers by Company Size,Pricing,WhatsApp Business App
19,WhatsApp Marketing Strategy and Campaigns,whatsapp-marketing,63,1863,Measuring the ROI of Broadcast Campaigns Without Guesswork,ROI,broadcast campaigns
19,WhatsApp Marketing Strategy and Campaigns,whatsapp-marketing,64,1864,Does Opt-In Collection Pay for Itself? A Calculation Method,ROI,opt-in collection
19,WhatsApp Marketing Strategy and Campaigns,whatsapp-marketing,65,1865,Proving the Business Value of 24-Hour Session Window to Finance,ROI,24-hour session window
19,WhatsApp Marketing Strategy and Campaigns,whatsapp-marketing,66,1866,Conversational Commerce Statistics That Should Shape Your 2026 Plan,Statistics,conversational commerce
19,WhatsApp Marketing Strategy and Campaigns,whatsapp-marketing,67,1867,What the Data Says About Product Catalogues Performance,Statistics,product catalogues
19,WhatsApp Marketing Strategy and Campaigns,whatsapp-marketing,68,1868,"click-to-WhatsApp Ads by the Numbers: Adoption, Cost and Outcomes",Statistics,click-to-WhatsApp ads
19,WhatsApp Marketing Strategy and Campaigns,whatsapp-marketing,69,1869,QR Code Entry Points Trends Reshaping Marketing in 2026,Trends,QR code entry points
19,WhatsApp Marketing Strategy and Campaigns,whatsapp-marketing,70,1870,"What Changed in WhatsApp Flows This Year, and Why It Matters",Trends,WhatsApp Flows
19,WhatsApp Marketing Strategy and Campaigns,whatsapp-marketing,71,1871,Emerging Shifts in Payment Integration Worth Watching,Trends,payment integration
19,WhatsApp Marketing Strategy and Campaigns,whatsapp-marketing,72,1872,Where Customer Support Handover Is Heading Next: A Considered Forecast,Predictions,customer support handover
19,WhatsApp Marketing Strategy and Campaigns,whatsapp-marketing,73,1873,"Message Policy Compliance in Three Years: Reasonable Predictions, Not Hype",Predictions,message policy compliance
19,WhatsApp Marketing Strategy and Campaigns,whatsapp-marketing,74,1874,Preparing Green Tick Verification for the Post-Search Era,Predictions,green tick verification
19,WhatsApp Marketing Strategy and Campaigns,whatsapp-marketing,75,1875,What Is a Good Conversation Pricing Benchmark? Numbers by Industry,Benchmarks,conversation pricing
19,WhatsApp Marketing Strategy and Campaigns,whatsapp-marketing,76,1876,WhatsApp for Retail Benchmarks: How to Tell Good From Average,Benchmarks,WhatsApp for retail
19,WhatsApp Marketing Strategy and Campaigns,whatsapp-marketing,77,1877,Setting Realistic Abandoned Cart on WhatsApp Targets Your Team Can Hit,Benchmarks,abandoned cart on WhatsApp
19,WhatsApp Marketing Strategy and Campaigns,whatsapp-marketing,78,1878,Order Notifications for SaaS Companies: What Is Different,Industry-specific,order notifications
19,WhatsApp Marketing Strategy and Campaigns,whatsapp-marketing,79,1879,Applying Appointment Reminders in E-Commerce: Constraints and Opportunities,Industry-specific,appointment reminders
19,WhatsApp Marketing Strategy and Campaigns,whatsapp-marketing,80,1880,Healthcare Two-Way Conversations: A Sector-Specific Playbook,Industry-specific,two-way conversations
19,WhatsApp Marketing Strategy and Campaigns,whatsapp-marketing,81,1881,Why Standard WhatsApp Business API Advice Fails in Education,Industry-specific,WhatsApp Business API
19,WhatsApp Marketing Strategy and Campaigns,whatsapp-marketing,82,1882,WhatsApp Business App for Freelancers on a Tight Budget,Small business,WhatsApp Business App
19,WhatsApp Marketing Strategy and Campaigns,whatsapp-marketing,83,1883,Practical Broadcast Campaigns When You Are the Entire Marketing Team,Small business,broadcast campaigns
19,WhatsApp Marketing Strategy and Campaigns,whatsapp-marketing,84,1884,"Opt-In Collection for Small Businesses: Start Here, Skip the Rest",Small business,opt-in collection
19,WhatsApp Marketing Strategy and Campaigns,whatsapp-marketing,85,1885,"24-Hour Session Window for Global Teams: Governance, Scale and Sign-Off",Enterprise,24-hour session window
19,WhatsApp Marketing Strategy and Campaigns,whatsapp-marketing,86,1886,Rolling Out Conversational Commerce Across Regulated Industries Without Chaos,Enterprise,conversational commerce
19,WhatsApp Marketing Strategy and Campaigns,whatsapp-marketing,87,1887,Enterprise Product Catalogues: Coordination Costs and How to Contain Them,Enterprise,product catalogues
19,WhatsApp Marketing Strategy and Campaigns,whatsapp-marketing,88,1888,click-to-WhatsApp Ads for Local Businesses in Kathmandu,Local business,click-to-WhatsApp ads
19,WhatsApp Marketing Strategy and Campaigns,whatsapp-marketing,89,1889,"Adapting QR Code Entry Points for South Asia: Language, Payments and Behaviour",Local business,QR code entry points
19,WhatsApp Marketing Strategy and Campaigns,whatsapp-marketing,90,1890,Local-First WhatsApp Flows: Winning Customers Within Ten Kilometres,Local business,WhatsApp Flows
19,WhatsApp Marketing Strategy and Campaigns,whatsapp-marketing,91,1891,Payment Integration for B2B Teams With Long Sales Cycles,B2B,payment integration
19,WhatsApp Marketing Strategy and Campaigns,whatsapp-marketing,92,1892,How B2B Buying Committees Change Your Customer Support Handover Approach,B2B,customer support handover
19,WhatsApp Marketing Strategy and Campaigns,whatsapp-marketing,93,1893,"Message Policy Compliance That Generates Pipeline, Not Just Traffic",B2B,message policy compliance
19,WhatsApp Marketing Strategy and Campaigns,whatsapp-marketing,94,1894,Green Tick Verification for B2C Brands Competing on Attention,B2C,green tick verification
19,WhatsApp Marketing Strategy and Campaigns,whatsapp-marketing,95,1895,High-Volume Conversation Pricing for Consumer Brands,B2C,conversation pricing
19,WhatsApp Marketing Strategy and Campaigns,whatsapp-marketing,96,1896,"WhatsApp for Retail That Drives Repeat Purchases, Not One-Off Sales",B2C,WhatsApp for retail
19,WhatsApp Marketing Strategy and Campaigns,whatsapp-marketing,97,1897,Using AI to Improve Abandoned Cart on WhatsApp Without Losing Quality Control,AI-powered,abandoned cart on WhatsApp
19,WhatsApp Marketing Strategy and Campaigns,whatsapp-marketing,98,1898,AI-Assisted Order Notifications: Where It Helps and Where It Hurts,AI-powered,order notifications
19,WhatsApp Marketing Strategy and Campaigns,whatsapp-marketing,99,1899,Can AI Agents Handle Appointment Reminders End to End?,AI-powered,appointment reminders
19,WhatsApp Marketing Strategy and Campaigns,whatsapp-marketing,100,1900,How AI Search Is Changing Two-Way Conversations,AI-powered,two-way conversations
20,"WhatsApp Contacts, Groups and Audience Management",whatsapp-contacts-groups,1,1901,What Is Contact Import? A Beginner's Guide for WhatsApp Contacts,Beginner guide,contact import
20,"WhatsApp Contacts, Groups and Audience Management",whatsapp-contacts-groups,2,1902,Phone Number Validation Explained: A Plain-English Introduction,Beginner guide,phone number validation
20,"WhatsApp Contacts, Groups and Audience Management",whatsapp-contacts-groups,3,1903,Getting Started With E.164 Formatting: What Beginners Need to Know First,Beginner guide,E.164 formatting
20,"WhatsApp Contacts, Groups and Audience Management",whatsapp-contacts-groups,4,1904,Contact Tagging for Complete Beginners: Core Concepts and First Steps,Beginner guide,contact tagging
20,"WhatsApp Contacts, Groups and Audience Management",whatsapp-contacts-groups,5,1905,Advanced Custom Attributes: Techniques Experienced Teams Actually Use,Advanced guide,custom attributes
20,"WhatsApp Contacts, Groups and Audience Management",whatsapp-contacts-groups,6,1906,WhatsApp Groups at Scale: What Changes Once You Outgrow the Basics,Advanced guide,WhatsApp groups
20,"WhatsApp Contacts, Groups and Audience Management",whatsapp-contacts-groups,7,1907,Beyond the Basics: Sophisticated Broadcast Lists Tactics That Still Work,Advanced guide,broadcast lists
20,"WhatsApp Contacts, Groups and Audience Management",whatsapp-contacts-groups,8,1908,How to Improve Group Size Limits Without Increasing Your Budget,How-to,group size limits
20,"WhatsApp Contacts, Groups and Audience Management",whatsapp-contacts-groups,9,1909,How to Set Up Group Moderation Correctly the First Time,How-to,group moderation
20,"WhatsApp Contacts, Groups and Audience Management",whatsapp-contacts-groups,10,1910,How to Fix Community Management When It Stops Delivering Results,How-to,community management
20,"WhatsApp Contacts, Groups and Audience Management",whatsapp-contacts-groups,11,1911,How to Audit Your Opt-Out Handling in Under an Hour,How-to,opt-out handling
20,"WhatsApp Contacts, Groups and Audience Management",whatsapp-contacts-groups,12,1912,Step-by-Step: Building Your First Blocked Contacts Workflow,Step-by-step tutorial,blocked contacts
20,"WhatsApp Contacts, Groups and Audience Management",whatsapp-contacts-groups,13,1913,"A Practical Walkthrough of Contact Deduplication, From Setup to First Result",Step-by-step tutorial,contact deduplication
20,"WhatsApp Contacts, Groups and Audience Management",whatsapp-contacts-groups,14,1914,Configuring Segment Builder in Gupshup: A Step-by-Step Tutorial,Step-by-step tutorial,segment builder
20,"WhatsApp Contacts, Groups and Audience Management",whatsapp-contacts-groups,15,1915,The Complete Guide to Engagement-Based Segments in 2026,Ultimate guide,engagement-based segments
20,"WhatsApp Contacts, Groups and Audience Management",whatsapp-contacts-groups,16,1916,The Definitive Country Code Handling Handbook for Modern Marketing Teams,Ultimate guide,country code handling
20,"WhatsApp Contacts, Groups and Audience Management",whatsapp-contacts-groups,17,1917,Everything You Need to Know About Contact Lifecycle,Ultimate guide,contact lifecycle
20,"WhatsApp Contacts, Groups and Audience Management",whatsapp-contacts-groups,18,1918,The Consent Records Checklist Every Team Should Run Before Launch,Checklist,consent records
20,"WhatsApp Contacts, Groups and Audience Management",whatsapp-contacts-groups,19,1919,A Pre-Launch Contact Import Checklist You Can Finish in One Sitting,Checklist,contact import
20,"WhatsApp Contacts, Groups and Audience Management",whatsapp-contacts-groups,20,1920,Monthly Phone Number Validation Maintenance Checklist for Busy Marketers,Checklist,phone number validation
20,"WhatsApp Contacts, Groups and Audience Management",whatsapp-contacts-groups,21,1921,A Reusable E.164 Formatting Template You Can Adapt Today,Template,E.164 formatting
20,"WhatsApp Contacts, Groups and Audience Management",whatsapp-contacts-groups,22,1922,"Free Contact Tagging Framework: Structure, Fields and Worked Example",Template,contact tagging
20,"WhatsApp Contacts, Groups and Audience Management",whatsapp-contacts-groups,23,1923,The Custom Attributes Brief Template That Cuts Revision Cycles,Template,custom attributes
20,"WhatsApp Contacts, Groups and Audience Management",whatsapp-contacts-groups,24,1924,12 Real WhatsApp Groups Examples Worth Studying,Examples,WhatsApp groups
20,"WhatsApp Contacts, Groups and Audience Management",whatsapp-contacts-groups,25,1925,Broadcast Lists Examples That Show What Good Actually Looks Like,Examples,broadcast lists
20,"WhatsApp Contacts, Groups and Audience Management",whatsapp-contacts-groups,26,1926,Annotated Group Size Limits Examples: Why Each One Works,Examples,group size limits
20,"WhatsApp Contacts, Groups and Audience Management",whatsapp-contacts-groups,27,1927,Case Study: How One Logistics Brand Rebuilt Its Group Moderation,Case study,group moderation
20,"WhatsApp Contacts, Groups and Audience Management",whatsapp-contacts-groups,28,1928,Inside a Community Management Turnaround: What Changed and What It Cost,Case study,community management
20,"WhatsApp Contacts, Groups and Audience Management",whatsapp-contacts-groups,29,1929,"A 90-Day Opt-Out Handling Experiment: Method, Results and Lessons",Case study,opt-out handling
20,"WhatsApp Contacts, Groups and Audience Management",whatsapp-contacts-groups,30,1930,Building a Blocked Contacts Strategy That Survives Algorithm Changes,Strategy,blocked contacts
20,"WhatsApp Contacts, Groups and Audience Management",whatsapp-contacts-groups,31,1931,A Sustainable Contact Deduplication Strategy for Teams With Limited Resources,Strategy,contact deduplication
20,"WhatsApp Contacts, Groups and Audience Management",whatsapp-contacts-groups,32,1932,How to Prioritise Segment Builder When Everything Feels Urgent,Strategy,segment builder
20,"WhatsApp Contacts, Groups and Audience Management",whatsapp-contacts-groups,33,1933,The Strategic Case for Investing in Engagement-Based Segments This Year,Strategy,engagement-based segments
20,"WhatsApp Contacts, Groups and Audience Management",whatsapp-contacts-groups,34,1934,Country Code Handling Best Practices That Hold Up Under Scrutiny,Best practices,country code handling
20,"WhatsApp Contacts, Groups and Audience Management",whatsapp-contacts-groups,35,1935,Proven Contact Lifecycle Principles for Consistent Results,Best practices,contact lifecycle
20,"WhatsApp Contacts, Groups and Audience Management",whatsapp-contacts-groups,36,1936,What Disciplined Consent Records Looks Like in Practice,Best practices,consent records
20,"WhatsApp Contacts, Groups and Audience Management",whatsapp-contacts-groups,37,1937,The Contact Import Standards High-Performing Teams Enforce,Best practices,contact import
20,"WhatsApp Contacts, Groups and Audience Management",whatsapp-contacts-groups,38,1938,Common Phone Number Validation Mistakes That Quietly Cost You Revenue,Mistakes to avoid,phone number validation
20,"WhatsApp Contacts, Groups and Audience Management",whatsapp-contacts-groups,39,1939,Seven E.164 Formatting Errors Almost Every Team Makes Early On,Mistakes to avoid,E.164 formatting
20,"WhatsApp Contacts, Groups and Audience Management",whatsapp-contacts-groups,40,1940,"Why Most Contact Tagging Efforts Stall, and How to Avoid It",Mistakes to avoid,contact tagging
20,"WhatsApp Contacts, Groups and Audience Management",whatsapp-contacts-groups,41,1941,Custom Attributes Anti-Patterns Worth Unlearning,Mistakes to avoid,custom attributes
20,"WhatsApp Contacts, Groups and Audience Management",whatsapp-contacts-groups,42,1942,WhatsApp Groups Not Working? A Diagnostic Guide,Problem/solution,WhatsApp groups
20,"WhatsApp Contacts, Groups and Audience Management",whatsapp-contacts-groups,43,1943,"Troubleshooting Broadcast Lists: Symptoms, Causes and Fixes",Problem/solution,broadcast lists
20,"WhatsApp Contacts, Groups and Audience Management",whatsapp-contacts-groups,44,1944,What to Do When Group Size Limits Suddenly Drops,Problem/solution,group size limits
20,"WhatsApp Contacts, Groups and Audience Management",whatsapp-contacts-groups,45,1945,Fixing Broken Group Moderation: A Systematic Approach,Problem/solution,group moderation
20,"WhatsApp Contacts, Groups and Audience Management",whatsapp-contacts-groups,46,1946,"Community Management: Frequently Asked Questions, Answered Directly",FAQ,community management
20,"WhatsApp Contacts, Groups and Audience Management",whatsapp-contacts-groups,47,1947,Is Opt-Out Handling Worth the Investment? An Honest Assessment,FAQ,opt-out handling
20,"WhatsApp Contacts, Groups and Audience Management",whatsapp-contacts-groups,48,1948,How Long Does Blocked Contacts Take to Show Results?,FAQ,blocked contacts
20,"WhatsApp Contacts, Groups and Audience Management",whatsapp-contacts-groups,49,1949,Do You Actually Need Contact Deduplication? A Decision Guide,FAQ,contact deduplication
20,"WhatsApp Contacts, Groups and Audience Management",whatsapp-contacts-groups,50,1950,Segment Builder vs Community Management: Which Deserves Your Budget?,Comparison,segment builder
20,"WhatsApp Contacts, Groups and Audience Management",whatsapp-contacts-groups,51,1951,"Comparing Engagement-Based Segments and Blocked Contacts: Strengths, Limits and Overlap",Comparison,engagement-based segments
20,"WhatsApp Contacts, Groups and Audience Management",whatsapp-contacts-groups,52,1952,Country Code Handling or Segment Builder? A Decision Framework for Marketing Teams,Comparison,country code handling
20,"WhatsApp Contacts, Groups and Audience Management",whatsapp-contacts-groups,53,1953,When to Choose Contact Lifecycle Over Country Code Handling,Comparison,contact lifecycle
20,"WhatsApp Contacts, Groups and Audience Management",whatsapp-contacts-groups,54,1954,Alternatives to Consent Records: When It Is the Wrong Tool for the Job,Alternatives,consent records
20,"WhatsApp Contacts, Groups and Audience Management",whatsapp-contacts-groups,55,1955,What to Use Instead of Contact Import for Constrained Teams,Alternatives,contact import
20,"WhatsApp Contacts, Groups and Audience Management",whatsapp-contacts-groups,56,1956,Rethinking Phone Number Validation: Three Credible Alternatives,Alternatives,phone number validation
20,"WhatsApp Contacts, Groups and Audience Management",whatsapp-contacts-groups,57,1957,"The Best Tools for E.164 Formatting, Compared Honestly",Tools comparison,E.164 formatting
20,"WhatsApp Contacts, Groups and Audience Management",whatsapp-contacts-groups,58,1958,"Gupshup for Contact Tagging: Capabilities, Gaps and Fit",Tools comparison,contact tagging
20,"WhatsApp Contacts, Groups and Audience Management",whatsapp-contacts-groups,59,1959,Choosing Custom Attributes Software: Evaluation Criteria That Matter,Tools comparison,custom attributes
20,"WhatsApp Contacts, Groups and Audience Management",whatsapp-contacts-groups,60,1960,How Much Does WhatsApp Groups Really Cost in 2026?,Pricing,WhatsApp groups
20,"WhatsApp Contacts, Groups and Audience Management",whatsapp-contacts-groups,61,1961,Broadcast Lists Pricing Explained: What Drives the Bill,Pricing,broadcast lists
20,"WhatsApp Contacts, Groups and Audience Management",whatsapp-contacts-groups,62,1962,Budgeting for Group Size Limits: Realistic Numbers by Company Size,Pricing,group size limits
20,"WhatsApp Contacts, Groups and Audience Management",whatsapp-contacts-groups,63,1963,Measuring the ROI of Group Moderation Without Guesswork,ROI,group moderation
20,"WhatsApp Contacts, Groups and Audience Management",whatsapp-contacts-groups,64,1964,Does Community Management Pay for Itself? A Calculation Method,ROI,community management
20,"WhatsApp Contacts, Groups and Audience Management",whatsapp-contacts-groups,65,1965,Proving the Business Value of Opt-Out Handling to Finance,ROI,opt-out handling
20,"WhatsApp Contacts, Groups and Audience Management",whatsapp-contacts-groups,66,1966,Blocked Contacts Statistics That Should Shape Your 2026 Plan,Statistics,blocked contacts
20,"WhatsApp Contacts, Groups and Audience Management",whatsapp-contacts-groups,67,1967,What the Data Says About Contact Deduplication Performance,Statistics,contact deduplication
20,"WhatsApp Contacts, Groups and Audience Management",whatsapp-contacts-groups,68,1968,"Segment Builder by the Numbers: Adoption, Cost and Outcomes",Statistics,segment builder
20,"WhatsApp Contacts, Groups and Audience Management",whatsapp-contacts-groups,69,1969,Engagement-Based Segments Trends Reshaping Marketing in 2026,Trends,engagement-based segments
20,"WhatsApp Contacts, Groups and Audience Management",whatsapp-contacts-groups,70,1970,"What Changed in Country Code Handling This Year, and Why It Matters",Trends,country code handling
20,"WhatsApp Contacts, Groups and Audience Management",whatsapp-contacts-groups,71,1971,Emerging Shifts in Contact Lifecycle Worth Watching,Trends,contact lifecycle
20,"WhatsApp Contacts, Groups and Audience Management",whatsapp-contacts-groups,72,1972,Where Consent Records Is Heading Next: A Considered Forecast,Predictions,consent records
20,"WhatsApp Contacts, Groups and Audience Management",whatsapp-contacts-groups,73,1973,"Contact Import in Three Years: Reasonable Predictions, Not Hype",Predictions,contact import
20,"WhatsApp Contacts, Groups and Audience Management",whatsapp-contacts-groups,74,1974,Preparing Phone Number Validation for the Post-Search Era,Predictions,phone number validation
20,"WhatsApp Contacts, Groups and Audience Management",whatsapp-contacts-groups,75,1975,What Is a Good E.164 Formatting Benchmark? Numbers by Industry,Benchmarks,E.164 formatting
20,"WhatsApp Contacts, Groups and Audience Management",whatsapp-contacts-groups,76,1976,Contact Tagging Benchmarks: How to Tell Good From Average,Benchmarks,contact tagging
20,"WhatsApp Contacts, Groups and Audience Management",whatsapp-contacts-groups,77,1977,Setting Realistic Custom Attributes Targets Your Team Can Hit,Benchmarks,custom attributes
20,"WhatsApp Contacts, Groups and Audience Management",whatsapp-contacts-groups,78,1978,WhatsApp Groups for E-Commerce Companies: What Is Different,Industry-specific,WhatsApp groups
20,"WhatsApp Contacts, Groups and Audience Management",whatsapp-contacts-groups,79,1979,Applying Broadcast Lists in Healthcare: Constraints and Opportunities,Industry-specific,broadcast lists
20,"WhatsApp Contacts, Groups and Audience Management",whatsapp-contacts-groups,80,1980,Education Group Size Limits: A Sector-Specific Playbook,Industry-specific,group size limits
20,"WhatsApp Contacts, Groups and Audience Management",whatsapp-contacts-groups,81,1981,Why Standard Group Moderation Advice Fails in Real Estate,Industry-specific,group moderation
20,"WhatsApp Contacts, Groups and Audience Management",whatsapp-contacts-groups,82,1982,Community Management for Family Businesses on a Tight Budget,Small business,community management
20,"WhatsApp Contacts, Groups and Audience Management",whatsapp-contacts-groups,83,1983,Practical Opt-Out Handling When You Are the Entire Marketing Team,Small business,opt-out handling
20,"WhatsApp Contacts, Groups and Audience Management",whatsapp-contacts-groups,84,1984,"Blocked Contacts for Solo Founders: Start Here, Skip the Rest",Small business,blocked contacts
20,"WhatsApp Contacts, Groups and Audience Management",whatsapp-contacts-groups,85,1985,"Contact Deduplication for Regulated Industries: Governance, Scale and Sign-Off",Enterprise,contact deduplication
20,"WhatsApp Contacts, Groups and Audience Management",whatsapp-contacts-groups,86,1986,Rolling Out Segment Builder Across Enterprise Teams Without Chaos,Enterprise,segment builder
20,"WhatsApp Contacts, Groups and Audience Management",whatsapp-contacts-groups,87,1987,Enterprise Engagement-Based Segments: Coordination Costs and How to Contain Them,Enterprise,engagement-based segments
20,"WhatsApp Contacts, Groups and Audience Management",whatsapp-contacts-groups,88,1988,Country Code Handling for Local Businesses in South Asia,Local business,country code handling
20,"WhatsApp Contacts, Groups and Audience Management",whatsapp-contacts-groups,89,1989,"Adapting Contact Lifecycle for Emerging Markets: Language, Payments and Behaviour",Local business,contact lifecycle
20,"WhatsApp Contacts, Groups and Audience Management",whatsapp-contacts-groups,90,1990,Local-First Consent Records: Winning Customers Within Ten Kilometres,Local business,consent records
20,"WhatsApp Contacts, Groups and Audience Management",whatsapp-contacts-groups,91,1991,Contact Import for B2B Teams With Long Sales Cycles,B2B,contact import
20,"WhatsApp Contacts, Groups and Audience Management",whatsapp-contacts-groups,92,1992,How B2B Buying Committees Change Your Phone Number Validation Approach,B2B,phone number validation
20,"WhatsApp Contacts, Groups and Audience Management",whatsapp-contacts-groups,93,1993,"E.164 Formatting That Generates Pipeline, Not Just Traffic",B2B,E.164 formatting
20,"WhatsApp Contacts, Groups and Audience Management",whatsapp-contacts-groups,94,1994,Contact Tagging for B2C Brands Competing on Attention,B2C,contact tagging
20,"WhatsApp Contacts, Groups and Audience Management",whatsapp-contacts-groups,95,1995,High-Volume Custom Attributes for Consumer Brands,B2C,custom attributes
20,"WhatsApp Contacts, Groups and Audience Management",whatsapp-contacts-groups,96,1996,"WhatsApp Groups That Drives Repeat Purchases, Not One-Off Sales",B2C,WhatsApp groups
20,"WhatsApp Contacts, Groups and Audience Management",whatsapp-contacts-groups,97,1997,Using AI to Improve Broadcast Lists Without Losing Quality Control,AI-powered,broadcast lists
20,"WhatsApp Contacts, Groups and Audience Management",whatsapp-contacts-groups,98,1998,AI-Assisted Group Size Limits: Where It Helps and Where It Hurts,AI-powered,group size limits
20,"WhatsApp Contacts, Groups and Audience Management",whatsapp-contacts-groups,99,1999,Can AI Agents Handle Group Moderation End to End?,AI-powered,group moderation
20,"WhatsApp Contacts, Groups and Audience Management",whatsapp-contacts-groups,100,2000,How AI Search Is Changing Community Management,AI-powered,community management
21,"WhatsApp Templates, Approval and Message Design",whatsapp-templates,1,2001,What Is Template Categories? A Beginner's Guide for WhatsApp Message Templates,Beginner guide,template categories
21,"WhatsApp Templates, Approval and Message Design",whatsapp-templates,2,2002,Marketing Templates Explained: A Plain-English Introduction,Beginner guide,marketing templates
21,"WhatsApp Templates, Approval and Message Design",whatsapp-templates,3,2003,Getting Started With Utility Templates: What Beginners Need to Know First,Beginner guide,utility templates
21,"WhatsApp Templates, Approval and Message Design",whatsapp-templates,4,2004,Authentication Templates for Complete Beginners: Core Concepts and First Steps,Beginner guide,authentication templates
21,"WhatsApp Templates, Approval and Message Design",whatsapp-templates,5,2005,Advanced Template Variables: Techniques Experienced Teams Actually Use,Advanced guide,template variables
21,"WhatsApp Templates, Approval and Message Design",whatsapp-templates,6,2006,Placeholder Mapping at Scale: What Changes Once You Outgrow the Basics,Advanced guide,placeholder mapping
21,"WhatsApp Templates, Approval and Message Design",whatsapp-templates,7,2007,Beyond the Basics: Sophisticated Quick Reply Buttons Tactics That Still Work,Advanced guide,quick reply buttons
21,"WhatsApp Templates, Approval and Message Design",whatsapp-templates,8,2008,How to Improve Call-To-Action Buttons Without Increasing Your Budget,How-to,call-to-action buttons
21,"WhatsApp Templates, Approval and Message Design",whatsapp-templates,9,2009,How to Set Up Media Headers Correctly the First Time,How-to,media headers
21,"WhatsApp Templates, Approval and Message Design",whatsapp-templates,10,2010,How to Fix Carousel Templates When It Stops Delivering Results,How-to,carousel templates
21,"WhatsApp Templates, Approval and Message Design",whatsapp-templates,11,2011,How to Audit Your Template Approval Process in Under an Hour,How-to,template approval process
21,"WhatsApp Templates, Approval and Message Design",whatsapp-templates,12,2012,Step-by-Step: Building Your First Rejection Reasons Workflow,Step-by-step tutorial,rejection reasons
21,"WhatsApp Templates, Approval and Message Design",whatsapp-templates,13,2013,"A Practical Walkthrough of Template Quality Rating, From Setup to First Result",Step-by-step tutorial,template quality rating
21,"WhatsApp Templates, Approval and Message Design",whatsapp-templates,14,2014,Configuring Template Pausing in Gupshup: A Step-by-Step Tutorial,Step-by-step tutorial,template pausing
21,"WhatsApp Templates, Approval and Message Design",whatsapp-templates,15,2015,The Complete Guide to Localisation and Languages in 2026,Ultimate guide,localisation and languages
21,"WhatsApp Templates, Approval and Message Design",whatsapp-templates,16,2016,The Definitive Character Limits Handbook for Modern Marketing Teams,Ultimate guide,character limits
21,"WhatsApp Templates, Approval and Message Design",whatsapp-templates,17,2017,Everything You Need to Know About Sample Content,Ultimate guide,sample content
21,"WhatsApp Templates, Approval and Message Design",whatsapp-templates,18,2018,The Template Versioning Checklist Every Team Should Run Before Launch,Checklist,template versioning
21,"WhatsApp Templates, Approval and Message Design",whatsapp-templates,19,2019,A Pre-Launch Dynamic Personalisation Checklist You Can Finish in One Sitting,Checklist,dynamic personalisation
21,"WhatsApp Templates, Approval and Message Design",whatsapp-templates,20,2020,Monthly Template Library Maintenance Checklist for Busy Marketers,Checklist,template library
21,"WhatsApp Templates, Approval and Message Design",whatsapp-templates,21,2021,A Reusable Template Categories Template You Can Adapt Today,Template,template categories
21,"WhatsApp Templates, Approval and Message Design",whatsapp-templates,22,2022,"Free Marketing Templates Framework: Structure, Fields and Worked Example",Template,marketing templates
21,"WhatsApp Templates, Approval and Message Design",whatsapp-templates,23,2023,The Utility Templates Brief Template That Cuts Revision Cycles,Template,utility templates
21,"WhatsApp Templates, Approval and Message Design",whatsapp-templates,24,2024,12 Real Authentication Templates Examples Worth Studying,Examples,authentication templates
21,"WhatsApp Templates, Approval and Message Design",whatsapp-templates,25,2025,Template Variables Examples That Show What Good Actually Looks Like,Examples,template variables
21,"WhatsApp Templates, Approval and Message Design",whatsapp-templates,26,2026,Annotated Placeholder Mapping Examples: Why Each One Works,Examples,placeholder mapping
21,"WhatsApp Templates, Approval and Message Design",whatsapp-templates,27,2027,Case Study: How One Retail Brand Rebuilt Its Quick Reply Buttons,Case study,quick reply buttons
21,"WhatsApp Templates, Approval and Message Design",whatsapp-templates,28,2028,Inside a Call-To-Action Buttons Turnaround: What Changed and What It Cost,Case study,call-to-action buttons
21,"WhatsApp Templates, Approval and Message Design",whatsapp-templates,29,2029,"A 90-Day Media Headers Experiment: Method, Results and Lessons",Case study,media headers
21,"WhatsApp Templates, Approval and Message Design",whatsapp-templates,30,2030,Building a Carousel Templates Strategy That Survives Algorithm Changes,Strategy,carousel templates
21,"WhatsApp Templates, Approval and Message Design",whatsapp-templates,31,2031,A Sustainable Template Approval Process Strategy for Teams With Limited Resources,Strategy,template approval process
21,"WhatsApp Templates, Approval and Message Design",whatsapp-templates,32,2032,How to Prioritise Rejection Reasons When Everything Feels Urgent,Strategy,rejection reasons
21,"WhatsApp Templates, Approval and Message Design",whatsapp-templates,33,2033,The Strategic Case for Investing in Template Quality Rating This Year,Strategy,template quality rating
21,"WhatsApp Templates, Approval and Message Design",whatsapp-templates,34,2034,Template Pausing Best Practices That Hold Up Under Scrutiny,Best practices,template pausing
21,"WhatsApp Templates, Approval and Message Design",whatsapp-templates,35,2035,Proven Localisation and Languages Principles for Consistent Results,Best practices,localisation and languages
21,"WhatsApp Templates, Approval and Message Design",whatsapp-templates,36,2036,What Disciplined Character Limits Looks Like in Practice,Best practices,character limits
21,"WhatsApp Templates, Approval and Message Design",whatsapp-templates,37,2037,The Sample Content Standards High-Performing Teams Enforce,Best practices,sample content
21,"WhatsApp Templates, Approval and Message Design",whatsapp-templates,38,2038,Common Template Versioning Mistakes That Quietly Cost You Revenue,Mistakes to avoid,template versioning
21,"WhatsApp Templates, Approval and Message Design",whatsapp-templates,39,2039,Seven Dynamic Personalisation Errors Almost Every Team Makes Early On,Mistakes to avoid,dynamic personalisation
21,"WhatsApp Templates, Approval and Message Design",whatsapp-templates,40,2040,"Why Most Template Library Efforts Stall, and How to Avoid It",Mistakes to avoid,template library
21,"WhatsApp Templates, Approval and Message Design",whatsapp-templates,41,2041,Template Categories Anti-Patterns Worth Unlearning,Mistakes to avoid,template categories
21,"WhatsApp Templates, Approval and Message Design",whatsapp-templates,42,2042,Marketing Templates Not Working? A Diagnostic Guide,Problem/solution,marketing templates
21,"WhatsApp Templates, Approval and Message Design",whatsapp-templates,43,2043,"Troubleshooting Utility Templates: Symptoms, Causes and Fixes",Problem/solution,utility templates
21,"WhatsApp Templates, Approval and Message Design",whatsapp-templates,44,2044,What to Do When Authentication Templates Suddenly Drops,Problem/solution,authentication templates
21,"WhatsApp Templates, Approval and Message Design",whatsapp-templates,45,2045,Fixing Broken Template Variables: A Systematic Approach,Problem/solution,template variables
21,"WhatsApp Templates, Approval and Message Design",whatsapp-templates,46,2046,"Placeholder Mapping: Frequently Asked Questions, Answered Directly",FAQ,placeholder mapping
21,"WhatsApp Templates, Approval and Message Design",whatsapp-templates,47,2047,Is Quick Reply Buttons Worth the Investment? An Honest Assessment,FAQ,quick reply buttons
21,"WhatsApp Templates, Approval and Message Design",whatsapp-templates,48,2048,How Long Does Call-To-Action Buttons Take to Show Results?,FAQ,call-to-action buttons
21,"WhatsApp Templates, Approval and Message Design",whatsapp-templates,49,2049,Do You Actually Need Media Headers? A Decision Guide,FAQ,media headers
21,"WhatsApp Templates, Approval and Message Design",whatsapp-templates,50,2050,Carousel Templates vs Template Library: Which Deserves Your Budget?,Comparison,carousel templates
21,"WhatsApp Templates, Approval and Message Design",whatsapp-templates,51,2051,"Comparing Template Approval Process and Marketing Templates: Strengths, Limits and Overlap",Comparison,template approval process
21,"WhatsApp Templates, Approval and Message Design",whatsapp-templates,52,2052,Rejection Reasons or Authentication Templates? A Decision Framework for Marketing Teams,Comparison,rejection reasons
21,"WhatsApp Templates, Approval and Message Design",whatsapp-templates,53,2053,When to Choose Template Quality Rating Over Placeholder Mapping,Comparison,template quality rating
21,"WhatsApp Templates, Approval and Message Design",whatsapp-templates,54,2054,Alternatives to Template Pausing: When It Is the Wrong Tool for the Job,Alternatives,template pausing
21,"WhatsApp Templates, Approval and Message Design",whatsapp-templates,55,2055,What to Use Instead of Localisation and Languages for Constrained Teams,Alternatives,localisation and languages
21,"WhatsApp Templates, Approval and Message Design",whatsapp-templates,56,2056,Rethinking Character Limits: Three Credible Alternatives,Alternatives,character limits
21,"WhatsApp Templates, Approval and Message Design",whatsapp-templates,57,2057,"The Best Tools for Sample Content, Compared Honestly",Tools comparison,sample content
21,"WhatsApp Templates, Approval and Message Design",whatsapp-templates,58,2058,"Gupshup for Template Versioning: Capabilities, Gaps and Fit",Tools comparison,template versioning
21,"WhatsApp Templates, Approval and Message Design",whatsapp-templates,59,2059,Choosing Dynamic Personalisation Software: Evaluation Criteria That Matter,Tools comparison,dynamic personalisation
21,"WhatsApp Templates, Approval and Message Design",whatsapp-templates,60,2060,How Much Does Template Library Really Cost in 2026?,Pricing,template library
21,"WhatsApp Templates, Approval and Message Design",whatsapp-templates,61,2061,Template Categories Pricing Explained: What Drives the Bill,Pricing,template categories
21,"WhatsApp Templates, Approval and Message Design",whatsapp-templates,62,2062,Budgeting for Marketing Templates: Realistic Numbers by Company Size,Pricing,marketing templates
21,"WhatsApp Templates, Approval and Message Design",whatsapp-templates,63,2063,Measuring the ROI of Utility Templates Without Guesswork,ROI,utility templates
21,"WhatsApp Templates, Approval and Message Design",whatsapp-templates,64,2064,Does Authentication Templates Pay for Itself? A Calculation Method,ROI,authentication templates
21,"WhatsApp Templates, Approval and Message Design",whatsapp-templates,65,2065,Proving the Business Value of Template Variables to Finance,ROI,template variables
21,"WhatsApp Templates, Approval and Message Design",whatsapp-templates,66,2066,Placeholder Mapping Statistics That Should Shape Your 2026 Plan,Statistics,placeholder mapping
21,"WhatsApp Templates, Approval and Message Design",whatsapp-templates,67,2067,What the Data Says About Quick Reply Buttons Performance,Statistics,quick reply buttons
21,"WhatsApp Templates, Approval and Message Design",whatsapp-templates,68,2068,"Call-To-Action Buttons by the Numbers: Adoption, Cost and Outcomes",Statistics,call-to-action buttons
21,"WhatsApp Templates, Approval and Message Design",whatsapp-templates,69,2069,Media Headers Trends Reshaping Marketing in 2026,Trends,media headers
21,"WhatsApp Templates, Approval and Message Design",whatsapp-templates,70,2070,"What Changed in Carousel Templates This Year, and Why It Matters",Trends,carousel templates
21,"WhatsApp Templates, Approval and Message Design",whatsapp-templates,71,2071,Emerging Shifts in Template Approval Process Worth Watching,Trends,template approval process
21,"WhatsApp Templates, Approval and Message Design",whatsapp-templates,72,2072,Where Rejection Reasons Is Heading Next: A Considered Forecast,Predictions,rejection reasons
21,"WhatsApp Templates, Approval and Message Design",whatsapp-templates,73,2073,"Template Quality Rating in Three Years: Reasonable Predictions, Not Hype",Predictions,template quality rating
21,"WhatsApp Templates, Approval and Message Design",whatsapp-templates,74,2074,Preparing Template Pausing for the Post-Search Era,Predictions,template pausing
21,"WhatsApp Templates, Approval and Message Design",whatsapp-templates,75,2075,What Is a Good Localisation and Languages Benchmark? Numbers by Industry,Benchmarks,localisation and languages
21,"WhatsApp Templates, Approval and Message Design",whatsapp-templates,76,2076,Character Limits Benchmarks: How to Tell Good From Average,Benchmarks,character limits
21,"WhatsApp Templates, Approval and Message Design",whatsapp-templates,77,2077,Setting Realistic Sample Content Targets Your Team Can Hit,Benchmarks,sample content
21,"WhatsApp Templates, Approval and Message Design",whatsapp-templates,78,2078,Template Versioning for Healthcare Companies: What Is Different,Industry-specific,template versioning
21,"WhatsApp Templates, Approval and Message Design",whatsapp-templates,79,2079,Applying Dynamic Personalisation in Education: Constraints and Opportunities,Industry-specific,dynamic personalisation
21,"WhatsApp Templates, Approval and Message Design",whatsapp-templates,80,2080,Real Estate Template Library: A Sector-Specific Playbook,Industry-specific,template library
21,"WhatsApp Templates, Approval and Message Design",whatsapp-templates,81,2081,Why Standard Template Categories Advice Fails in Hospitality,Industry-specific,template categories
21,"WhatsApp Templates, Approval and Message Design",whatsapp-templates,82,2082,Marketing Templates for Small Businesses on a Tight Budget,Small business,marketing templates
21,"WhatsApp Templates, Approval and Message Design",whatsapp-templates,83,2083,Practical Utility Templates When You Are the Entire Marketing Team,Small business,utility templates
21,"WhatsApp Templates, Approval and Message Design",whatsapp-templates,84,2084,"Authentication Templates for Local Shops: Start Here, Skip the Rest",Small business,authentication templates
21,"WhatsApp Templates, Approval and Message Design",whatsapp-templates,85,2085,"Template Variables for Enterprise Teams: Governance, Scale and Sign-Off",Enterprise,template variables
21,"WhatsApp Templates, Approval and Message Design",whatsapp-templates,86,2086,Rolling Out Placeholder Mapping Across Large Organisations Without Chaos,Enterprise,placeholder mapping
21,"WhatsApp Templates, Approval and Message Design",whatsapp-templates,87,2087,Enterprise Quick Reply Buttons: Coordination Costs and How to Contain Them,Enterprise,quick reply buttons
21,"WhatsApp Templates, Approval and Message Design",whatsapp-templates,88,2088,Call-To-Action Buttons for Local Businesses in Emerging Markets,Local business,call-to-action buttons
21,"WhatsApp Templates, Approval and Message Design",whatsapp-templates,89,2089,"Adapting Media Headers for Multilingual Markets: Language, Payments and Behaviour",Local business,media headers
21,"WhatsApp Templates, Approval and Message Design",whatsapp-templates,90,2090,Local-First Carousel Templates: Winning Customers Within Ten Kilometres,Local business,carousel templates
21,"WhatsApp Templates, Approval and Message Design",whatsapp-templates,91,2091,Template Approval Process for B2B Teams With Long Sales Cycles,B2B,template approval process
21,"WhatsApp Templates, Approval and Message Design",whatsapp-templates,92,2092,How B2B Buying Committees Change Your Rejection Reasons Approach,B2B,rejection reasons
21,"WhatsApp Templates, Approval and Message Design",whatsapp-templates,93,2093,"Template Quality Rating That Generates Pipeline, Not Just Traffic",B2B,template quality rating
21,"WhatsApp Templates, Approval and Message Design",whatsapp-templates,94,2094,Template Pausing for B2C Brands Competing on Attention,B2C,template pausing
21,"WhatsApp Templates, Approval and Message Design",whatsapp-templates,95,2095,High-Volume Localisation and Languages for Consumer Brands,B2C,localisation and languages
21,"WhatsApp Templates, Approval and Message Design",whatsapp-templates,96,2096,"Character Limits That Drives Repeat Purchases, Not One-Off Sales",B2C,character limits
21,"WhatsApp Templates, Approval and Message Design",whatsapp-templates,97,2097,Using AI to Improve Sample Content Without Losing Quality Control,AI-powered,sample content
21,"WhatsApp Templates, Approval and Message Design",whatsapp-templates,98,2098,AI-Assisted Template Versioning: Where It Helps and Where It Hurts,AI-powered,template versioning
21,"WhatsApp Templates, Approval and Message Design",whatsapp-templates,99,2099,Can AI Agents Handle Dynamic Personalisation End to End?,AI-powered,dynamic personalisation
21,"WhatsApp Templates, Approval and Message Design",whatsapp-templates,100,2100,How AI Search Is Changing Template Library,AI-powered,template library
22,"WhatsApp Analytics, Costs and Performance",whatsapp-analytics,1,2101,What Is Delivery Rate? A Beginner's Guide for WhatsApp Analytics,Beginner guide,delivery rate
22,"WhatsApp Analytics, Costs and Performance",whatsapp-analytics,2,2102,Read Rate Explained: A Plain-English Introduction,Beginner guide,read rate
22,"WhatsApp Analytics, Costs and Performance",whatsapp-analytics,3,2103,Getting Started With Reply Rate: What Beginners Need to Know First,Beginner guide,reply rate
22,"WhatsApp Analytics, Costs and Performance",whatsapp-analytics,4,2104,Conversation-Based Pricing for Complete Beginners: Core Concepts and First Steps,Beginner guide,conversation-based pricing
22,"WhatsApp Analytics, Costs and Performance",whatsapp-analytics,5,2105,Advanced Marketing Conversation Costs: Techniques Experienced Teams Actually Use,Advanced guide,marketing conversation costs
22,"WhatsApp Analytics, Costs and Performance",whatsapp-analytics,6,2106,Utility Conversation Costs at Scale: What Changes Once You Outgrow the Basics,Advanced guide,utility conversation costs
22,"WhatsApp Analytics, Costs and Performance",whatsapp-analytics,7,2107,Beyond the Basics: Sophisticated Quality Rating Tiers Tactics That Still Work,Advanced guide,quality rating tiers
22,"WhatsApp Analytics, Costs and Performance",whatsapp-analytics,8,2108,How to Improve Messaging Limits Without Increasing Your Budget,How-to,messaging limits
22,"WhatsApp Analytics, Costs and Performance",whatsapp-analytics,9,2109,How to Set Up Response Time Metrics Correctly the First Time,How-to,response time metrics
22,"WhatsApp Analytics, Costs and Performance",whatsapp-analytics,10,2110,How to Fix Funnel Analytics When It Stops Delivering Results,How-to,funnel analytics
22,"WhatsApp Analytics, Costs and Performance",whatsapp-analytics,11,2111,How to Audit Your Cost per Conversation in Under an Hour,How-to,cost per conversation
22,"WhatsApp Analytics, Costs and Performance",whatsapp-analytics,12,2112,Step-by-Step: Building Your First ROI Modelling Workflow,Step-by-step tutorial,ROI modelling
22,"WhatsApp Analytics, Costs and Performance",whatsapp-analytics,13,2113,"A Practical Walkthrough of Attribution for Messaging, From Setup to First Result",Step-by-step tutorial,attribution for messaging
22,"WhatsApp Analytics, Costs and Performance",whatsapp-analytics,14,2114,Configuring Opt-Out Rate in Nepal Fillings Analytics: A Step-by-Step Tutorial,Step-by-step tutorial,opt-out rate
22,"WhatsApp Analytics, Costs and Performance",whatsapp-analytics,15,2115,The Complete Guide to Template Performance in 2026,Ultimate guide,template performance
22,"WhatsApp Analytics, Costs and Performance",whatsapp-analytics,16,2116,The Definitive A/B Testing Messages Handbook for Modern Marketing Teams,Ultimate guide,A/B testing messages
22,"WhatsApp Analytics, Costs and Performance",whatsapp-analytics,17,2117,Everything You Need to Know About Benchmark Data,Ultimate guide,benchmark data
22,"WhatsApp Analytics, Costs and Performance",whatsapp-analytics,18,2118,The Spend Forecasting Checklist Every Team Should Run Before Launch,Checklist,spend forecasting
22,"WhatsApp Analytics, Costs and Performance",whatsapp-analytics,19,2119,A Pre-Launch Chat Analytics Checklist You Can Finish in One Sitting,Checklist,chat analytics
22,"WhatsApp Analytics, Costs and Performance",whatsapp-analytics,20,2120,Monthly Delivery Rate Maintenance Checklist for Busy Marketers,Checklist,delivery rate
22,"WhatsApp Analytics, Costs and Performance",whatsapp-analytics,21,2121,A Reusable Read Rate Template You Can Adapt Today,Template,read rate
22,"WhatsApp Analytics, Costs and Performance",whatsapp-analytics,22,2122,"Free Reply Rate Framework: Structure, Fields and Worked Example",Template,reply rate
22,"WhatsApp Analytics, Costs and Performance",whatsapp-analytics,23,2123,The Conversation-Based Pricing Brief Template That Cuts Revision Cycles,Template,conversation-based pricing
22,"WhatsApp Analytics, Costs and Performance",whatsapp-analytics,24,2124,12 Real Marketing Conversation Costs Examples Worth Studying,Examples,marketing conversation costs
22,"WhatsApp Analytics, Costs and Performance",whatsapp-analytics,25,2125,Utility Conversation Costs Examples That Show What Good Actually Looks Like,Examples,utility conversation costs
22,"WhatsApp Analytics, Costs and Performance",whatsapp-analytics,26,2126,Annotated Quality Rating Tiers Examples: Why Each One Works,Examples,quality rating tiers
22,"WhatsApp Analytics, Costs and Performance",whatsapp-analytics,27,2127,Case Study: How One SaaS Brand Rebuilt Its Messaging Limits,Case study,messaging limits
22,"WhatsApp Analytics, Costs and Performance",whatsapp-analytics,28,2128,Inside a Response Time Metrics Turnaround: What Changed and What It Cost,Case study,response time metrics
22,"WhatsApp Analytics, Costs and Performance",whatsapp-analytics,29,2129,"A 90-Day Conversion Tracking Experiment: Method, Results and Lessons",Case study,conversion tracking
22,"WhatsApp Analytics, Costs and Performance",whatsapp-analytics,30,2130,Building a Funnel Analytics Strategy That Survives Algorithm Changes,Strategy,funnel analytics
22,"WhatsApp Analytics, Costs and Performance",whatsapp-analytics,31,2131,A Sustainable Cost per Conversation Strategy for Teams With Limited Resources,Strategy,cost per conversation
22,"WhatsApp Analytics, Costs and Performance",whatsapp-analytics,32,2132,How to Prioritise ROI Modelling When Everything Feels Urgent,Strategy,ROI modelling
22,"WhatsApp Analytics, Costs and Performance",whatsapp-analytics,33,2133,The Strategic Case for Investing in Attribution for Messaging This Year,Strategy,attribution for messaging
22,"WhatsApp Analytics, Costs and Performance",whatsapp-analytics,34,2134,Opt-Out Rate Best Practices That Hold Up Under Scrutiny,Best practices,opt-out rate
22,"WhatsApp Analytics, Costs and Performance",whatsapp-analytics,35,2135,Proven Template Performance Principles for Consistent Results,Best practices,template performance
22,"WhatsApp Analytics, Costs and Performance",whatsapp-analytics,36,2136,What Disciplined A/B Testing Messages Looks Like in Practice,Best practices,A/B testing messages
22,"WhatsApp Analytics, Costs and Performance",whatsapp-analytics,37,2137,The Benchmark Data Standards High-Performing Teams Enforce,Best practices,benchmark data
22,"WhatsApp Analytics, Costs and Performance",whatsapp-analytics,38,2138,Common Spend Forecasting Mistakes That Quietly Cost You Revenue,Mistakes to avoid,spend forecasting
22,"WhatsApp Analytics, Costs and Performance",whatsapp-analytics,39,2139,Seven Chat Analytics Errors Almost Every Team Makes Early On,Mistakes to avoid,chat analytics
22,"WhatsApp Analytics, Costs and Performance",whatsapp-analytics,40,2140,"Why Most Delivery Rate Efforts Stall, and How to Avoid It",Mistakes to avoid,delivery rate
22,"WhatsApp Analytics, Costs and Performance",whatsapp-analytics,41,2141,Read Rate Anti-Patterns Worth Unlearning,Mistakes to avoid,read rate
22,"WhatsApp Analytics, Costs and Performance",whatsapp-analytics,42,2142,Reply Rate Not Working? A Diagnostic Guide,Problem/solution,reply rate
22,"WhatsApp Analytics, Costs and Performance",whatsapp-analytics,43,2143,"Troubleshooting Conversation-Based Pricing: Symptoms, Causes and Fixes",Problem/solution,conversation-based pricing
22,"WhatsApp Analytics, Costs and Performance",whatsapp-analytics,44,2144,What to Do When Marketing Conversation Costs Suddenly Drops,Problem/solution,marketing conversation costs
22,"WhatsApp Analytics, Costs and Performance",whatsapp-analytics,45,2145,Fixing Broken Utility Conversation Costs: A Systematic Approach,Problem/solution,utility conversation costs
22,"WhatsApp Analytics, Costs and Performance",whatsapp-analytics,46,2146,"Quality Rating Tiers: Frequently Asked Questions, Answered Directly",FAQ,quality rating tiers
22,"WhatsApp Analytics, Costs and Performance",whatsapp-analytics,47,2147,Is Messaging Limits Worth the Investment? An Honest Assessment,FAQ,messaging limits
22,"WhatsApp Analytics, Costs and Performance",whatsapp-analytics,48,2148,How Long Does Response Time Metrics Take to Show Results?,FAQ,response time metrics
22,"WhatsApp Analytics, Costs and Performance",whatsapp-analytics,49,2149,Do You Actually Need Conversion Tracking? A Decision Guide,FAQ,conversion tracking
22,"WhatsApp Analytics, Costs and Performance",whatsapp-analytics,50,2150,Funnel Analytics vs Delivery Rate: Which Deserves Your Budget?,Comparison,funnel analytics
22,"WhatsApp Analytics, Costs and Performance",whatsapp-analytics,51,2151,"Comparing Cost per Conversation and Reply Rate: Strengths, Limits and Overlap",Comparison,cost per conversation
22,"WhatsApp Analytics, Costs and Performance",whatsapp-analytics,52,2152,ROI Modelling or Marketing Conversation Costs? A Decision Framework for Marketing Teams,Comparison,ROI modelling
22,"WhatsApp Analytics, Costs and Performance",whatsapp-analytics,53,2153,When to Choose Attribution for Messaging Over Quality Rating Tiers,Comparison,attribution for messaging
22,"WhatsApp Analytics, Costs and Performance",whatsapp-analytics,54,2154,Alternatives to Opt-Out Rate: When It Is the Wrong Tool for the Job,Alternatives,opt-out rate
22,"WhatsApp Analytics, Costs and Performance",whatsapp-analytics,55,2155,What to Use Instead of Template Performance for Constrained Teams,Alternatives,template performance
22,"WhatsApp Analytics, Costs and Performance",whatsapp-analytics,56,2156,Rethinking A/B Testing Messages: Three Credible Alternatives,Alternatives,A/B testing messages
22,"WhatsApp Analytics, Costs and Performance",whatsapp-analytics,57,2157,"The Best Tools for Benchmark Data, Compared Honestly",Tools comparison,benchmark data
22,"WhatsApp Analytics, Costs and Performance",whatsapp-analytics,58,2158,"Nepal Fillings Analytics for Spend Forecasting: Capabilities, Gaps and Fit",Tools comparison,spend forecasting
22,"WhatsApp Analytics, Costs and Performance",whatsapp-analytics,59,2159,Choosing Chat Analytics Software: Evaluation Criteria That Matter,Tools comparison,chat analytics
22,"WhatsApp Analytics, Costs and Performance",whatsapp-analytics,60,2160,How Much Does Delivery Rate Really Cost in 2026?,Pricing,delivery rate
22,"WhatsApp Analytics, Costs and Performance",whatsapp-analytics,61,2161,Read Rate Pricing Explained: What Drives the Bill,Pricing,read rate
22,"WhatsApp Analytics, Costs and Performance",whatsapp-analytics,62,2162,Budgeting for Reply Rate: Realistic Numbers by Company Size,Pricing,reply rate
22,"WhatsApp Analytics, Costs and Performance",whatsapp-analytics,63,2163,Measuring the ROI of Conversation-Based Pricing Without Guesswork,ROI,conversation-based pricing
22,"WhatsApp Analytics, Costs and Performance",whatsapp-analytics,64,2164,Does Marketing Conversation Costs Pay for Itself? A Calculation Method,ROI,marketing conversation costs
22,"WhatsApp Analytics, Costs and Performance",whatsapp-analytics,65,2165,Proving the Business Value of Utility Conversation Costs to Finance,ROI,utility conversation costs
22,"WhatsApp Analytics, Costs and Performance",whatsapp-analytics,66,2166,Quality Rating Tiers Statistics That Should Shape Your 2026 Plan,Statistics,quality rating tiers
22,"WhatsApp Analytics, Costs and Performance",whatsapp-analytics,67,2167,What the Data Says About Messaging Limits Performance,Statistics,messaging limits
22,"WhatsApp Analytics, Costs and Performance",whatsapp-analytics,68,2168,"Response Time Metrics by the Numbers: Adoption, Cost and Outcomes",Statistics,response time metrics
22,"WhatsApp Analytics, Costs and Performance",whatsapp-analytics,69,2169,Conversion Tracking Trends Reshaping Marketing in 2026,Trends,conversion tracking
22,"WhatsApp Analytics, Costs and Performance",whatsapp-analytics,70,2170,"What Changed in Funnel Analytics This Year, and Why It Matters",Trends,funnel analytics
22,"WhatsApp Analytics, Costs and Performance",whatsapp-analytics,71,2171,Emerging Shifts in Cost per Conversation Worth Watching,Trends,cost per conversation
22,"WhatsApp Analytics, Costs and Performance",whatsapp-analytics,72,2172,Where ROI Modelling Is Heading Next: A Considered Forecast,Predictions,ROI modelling
22,"WhatsApp Analytics, Costs and Performance",whatsapp-analytics,73,2173,"Attribution for Messaging in Three Years: Reasonable Predictions, Not Hype",Predictions,attribution for messaging
22,"WhatsApp Analytics, Costs and Performance",whatsapp-analytics,74,2174,Preparing Opt-Out Rate for the Post-Search Era,Predictions,opt-out rate
22,"WhatsApp Analytics, Costs and Performance",whatsapp-analytics,75,2175,What Is a Good Template Performance Benchmark? Numbers by Industry,Benchmarks,template performance
22,"WhatsApp Analytics, Costs and Performance",whatsapp-analytics,76,2176,A/B Testing Messages Benchmarks: How to Tell Good From Average,Benchmarks,A/B testing messages
22,"WhatsApp Analytics, Costs and Performance",whatsapp-analytics,77,2177,Setting Realistic Benchmark Data Targets Your Team Can Hit,Benchmarks,benchmark data
22,"WhatsApp Analytics, Costs and Performance",whatsapp-analytics,78,2178,Spend Forecasting for Education Companies: What Is Different,Industry-specific,spend forecasting
22,"WhatsApp Analytics, Costs and Performance",whatsapp-analytics,79,2179,Applying Chat Analytics in Real Estate: Constraints and Opportunities,Industry-specific,chat analytics
22,"WhatsApp Analytics, Costs and Performance",whatsapp-analytics,80,2180,Hospitality Delivery Rate: A Sector-Specific Playbook,Industry-specific,delivery rate
22,"WhatsApp Analytics, Costs and Performance",whatsapp-analytics,81,2181,Why Standard Read Rate Advice Fails in Financial Services,Industry-specific,read rate
22,"WhatsApp Analytics, Costs and Performance",whatsapp-analytics,82,2182,Reply Rate for Solo Founders on a Tight Budget,Small business,reply rate
22,"WhatsApp Analytics, Costs and Performance",whatsapp-analytics,83,2183,Practical Conversation-Based Pricing When You Are the Entire Marketing Team,Small business,conversation-based pricing
22,"WhatsApp Analytics, Costs and Performance",whatsapp-analytics,84,2184,"Marketing Conversation Costs for Startups: Start Here, Skip the Rest",Small business,marketing conversation costs
22,"WhatsApp Analytics, Costs and Performance",whatsapp-analytics,85,2185,"Utility Conversation Costs for Large Organisations: Governance, Scale and Sign-Off",Enterprise,utility conversation costs
22,"WhatsApp Analytics, Costs and Performance",whatsapp-analytics,86,2186,Rolling Out Quality Rating Tiers Across Multi-Brand Groups Without Chaos,Enterprise,quality rating tiers
22,"WhatsApp Analytics, Costs and Performance",whatsapp-analytics,87,2187,Enterprise Messaging Limits: Coordination Costs and How to Contain Them,Enterprise,messaging limits
22,"WhatsApp Analytics, Costs and Performance",whatsapp-analytics,88,2188,Response Time Metrics for Local Businesses in Multilingual Markets,Local business,response time metrics
22,"WhatsApp Analytics, Costs and Performance",whatsapp-analytics,89,2189,"Adapting Conversion Tracking for Nepal: Language, Payments and Behaviour",Local business,conversion tracking
22,"WhatsApp Analytics, Costs and Performance",whatsapp-analytics,90,2190,Local-First Funnel Analytics: Winning Customers Within Ten Kilometres,Local business,funnel analytics
22,"WhatsApp Analytics, Costs and Performance",whatsapp-analytics,91,2191,Cost per Conversation for B2B Teams With Long Sales Cycles,B2B,cost per conversation
22,"WhatsApp Analytics, Costs and Performance",whatsapp-analytics,92,2192,How B2B Buying Committees Change Your ROI Modelling Approach,B2B,ROI modelling
22,"WhatsApp Analytics, Costs and Performance",whatsapp-analytics,93,2193,"Attribution for Messaging That Generates Pipeline, Not Just Traffic",B2B,attribution for messaging
22,"WhatsApp Analytics, Costs and Performance",whatsapp-analytics,94,2194,Opt-Out Rate for B2C Brands Competing on Attention,B2C,opt-out rate
22,"WhatsApp Analytics, Costs and Performance",whatsapp-analytics,95,2195,High-Volume Template Performance for Consumer Brands,B2C,template performance
22,"WhatsApp Analytics, Costs and Performance",whatsapp-analytics,96,2196,"A/B Testing Messages That Drives Repeat Purchases, Not One-Off Sales",B2C,A/B testing messages
22,"WhatsApp Analytics, Costs and Performance",whatsapp-analytics,97,2197,Using AI to Improve Benchmark Data Without Losing Quality Control,AI-powered,benchmark data
22,"WhatsApp Analytics, Costs and Performance",whatsapp-analytics,98,2198,AI-Assisted Spend Forecasting: Where It Helps and Where It Hurts,AI-powered,spend forecasting
22,"WhatsApp Analytics, Costs and Performance",whatsapp-analytics,99,2199,Can AI Agents Handle Chat Analytics End to End?,AI-powered,chat analytics
22,"WhatsApp Analytics, Costs and Performance",whatsapp-analytics,100,2200,How AI Search Is Changing Delivery Rate,AI-powered,delivery rate
23,SMS Marketing Strategy and Campaigns,sms-marketing,1,2201,What Is SMS Campaign Types? A Beginner's Guide for SMS Marketing,Beginner guide,SMS campaign types
23,SMS Marketing Strategy and Campaigns,sms-marketing,2,2202,SMS Copywriting Explained: A Plain-English Introduction,Beginner guide,SMS copywriting
23,SMS Marketing Strategy and Campaigns,sms-marketing,3,2203,Getting Started With 160 Character Limit: What Beginners Need to Know First,Beginner guide,160 character limit
23,SMS Marketing Strategy and Campaigns,sms-marketing,4,2204,Concatenated Messages for Complete Beginners: Core Concepts and First Steps,Beginner guide,concatenated messages
23,SMS Marketing Strategy and Campaigns,sms-marketing,5,2205,Advanced Unicode and Emoji: Techniques Experienced Teams Actually Use,Advanced guide,unicode and emoji
23,SMS Marketing Strategy and Campaigns,sms-marketing,6,2206,Link Shorteners at Scale: What Changes Once You Outgrow the Basics,Advanced guide,link shorteners
23,SMS Marketing Strategy and Campaigns,sms-marketing,7,2207,Beyond the Basics: Sophisticated Short Codes Tactics That Still Work,Advanced guide,short codes
23,SMS Marketing Strategy and Campaigns,sms-marketing,8,2208,How to Improve Long Codes Without Increasing Your Budget,How-to,long codes
23,SMS Marketing Strategy and Campaigns,sms-marketing,9,2209,How to Set Up Sender IDs Correctly the First Time,How-to,sender IDs
23,SMS Marketing Strategy and Campaigns,sms-marketing,10,2210,How to Fix Two-Way SMS When It Stops Delivering Results,How-to,two-way SMS
23,SMS Marketing Strategy and Campaigns,sms-marketing,11,2211,How to Audit Your Appointment Reminders in Under an Hour,How-to,appointment reminders
23,SMS Marketing Strategy and Campaigns,sms-marketing,12,2212,Step-by-Step: Building Your First Delivery Alerts Workflow,Step-by-step tutorial,delivery alerts
23,SMS Marketing Strategy and Campaigns,sms-marketing,13,2213,"A Practical Walkthrough of Flash Sales, From Setup to First Result",Step-by-step tutorial,flash sales
23,SMS Marketing Strategy and Campaigns,sms-marketing,14,2214,Configuring OTP and Transactional SMS in Nepal Fillings SMS: A Step-by-Step Tutorial,Step-by-step tutorial,OTP and transactional SMS
23,SMS Marketing Strategy and Campaigns,sms-marketing,15,2215,The Complete Guide to Quiet Hours in 2026,Ultimate guide,quiet hours
23,SMS Marketing Strategy and Campaigns,sms-marketing,16,2216,The Definitive Time Zone Targeting Handbook for Modern Marketing Teams,Ultimate guide,time zone targeting
23,SMS Marketing Strategy and Campaigns,sms-marketing,17,2217,Everything You Need to Know About MMS Campaigns,Ultimate guide,MMS campaigns
23,SMS Marketing Strategy and Campaigns,sms-marketing,18,2218,The RCS Messaging Checklist Every Team Should Run Before Launch,Checklist,RCS messaging
23,SMS Marketing Strategy and Campaigns,sms-marketing,19,2219,A Pre-Launch SMS for Retail Checklist You Can Finish in One Sitting,Checklist,SMS for retail
23,SMS Marketing Strategy and Campaigns,sms-marketing,20,2220,Monthly SMS Keywords Maintenance Checklist for Busy Marketers,Checklist,SMS keywords
23,SMS Marketing Strategy and Campaigns,sms-marketing,21,2221,A Reusable SMS Campaign Types Template You Can Adapt Today,Template,SMS campaign types
23,SMS Marketing Strategy and Campaigns,sms-marketing,22,2222,"Free SMS Copywriting Framework: Structure, Fields and Worked Example",Template,SMS copywriting
23,SMS Marketing Strategy and Campaigns,sms-marketing,23,2223,The 160 Character Limit Brief Template That Cuts Revision Cycles,Template,160 character limit
23,SMS Marketing Strategy and Campaigns,sms-marketing,24,2224,12 Real Concatenated Messages Examples Worth Studying,Examples,concatenated messages
23,SMS Marketing Strategy and Campaigns,sms-marketing,25,2225,Unicode and Emoji Examples That Show What Good Actually Looks Like,Examples,unicode and emoji
23,SMS Marketing Strategy and Campaigns,sms-marketing,26,2226,Annotated Link Shorteners Examples: Why Each One Works,Examples,link shorteners
23,SMS Marketing Strategy and Campaigns,sms-marketing,27,2227,Case Study: How One E-Commerce Brand Rebuilt Its Short Codes,Case study,short codes
23,SMS Marketing Strategy and Campaigns,sms-marketing,28,2228,Inside a Long Codes Turnaround: What Changed and What It Cost,Case study,long codes
23,SMS Marketing Strategy and Campaigns,sms-marketing,29,2229,"A 90-Day Sender IDs Experiment: Method, Results and Lessons",Case study,sender IDs
23,SMS Marketing Strategy and Campaigns,sms-marketing,30,2230,Building a Two-Way SMS Strategy That Survives Algorithm Changes,Strategy,two-way SMS
23,SMS Marketing Strategy and Campaigns,sms-marketing,31,2231,A Sustainable Appointment Reminders Strategy for Teams With Limited Resources,Strategy,appointment reminders
23,SMS Marketing Strategy and Campaigns,sms-marketing,32,2232,How to Prioritise Delivery Alerts When Everything Feels Urgent,Strategy,delivery alerts
23,SMS Marketing Strategy and Campaigns,sms-marketing,33,2233,The Strategic Case for Investing in Flash Sales This Year,Strategy,flash sales
23,SMS Marketing Strategy and Campaigns,sms-marketing,34,2234,OTP and Transactional SMS Best Practices That Hold Up Under Scrutiny,Best practices,OTP and transactional SMS
23,SMS Marketing Strategy and Campaigns,sms-marketing,35,2235,Proven Quiet Hours Principles for Consistent Results,Best practices,quiet hours
23,SMS Marketing Strategy and Campaigns,sms-marketing,36,2236,What Disciplined Time Zone Targeting Looks Like in Practice,Best practices,time zone targeting
23,SMS Marketing Strategy and Campaigns,sms-marketing,37,2237,The MMS Campaigns Standards High-Performing Teams Enforce,Best practices,MMS campaigns
23,SMS Marketing Strategy and Campaigns,sms-marketing,38,2238,Common RCS Messaging Mistakes That Quietly Cost You Revenue,Mistakes to avoid,RCS messaging
23,SMS Marketing Strategy and Campaigns,sms-marketing,39,2239,Seven SMS for Retail Errors Almost Every Team Makes Early On,Mistakes to avoid,SMS for retail
23,SMS Marketing Strategy and Campaigns,sms-marketing,40,2240,"Why Most SMS Keywords Efforts Stall, and How to Avoid It",Mistakes to avoid,SMS keywords
23,SMS Marketing Strategy and Campaigns,sms-marketing,41,2241,SMS Campaign Types Anti-Patterns Worth Unlearning,Mistakes to avoid,SMS campaign types
23,SMS Marketing Strategy and Campaigns,sms-marketing,42,2242,SMS Copywriting Not Working? A Diagnostic Guide,Problem/solution,SMS copywriting
23,SMS Marketing Strategy and Campaigns,sms-marketing,43,2243,"Troubleshooting 160 Character Limit: Symptoms, Causes and Fixes",Problem/solution,160 character limit
23,SMS Marketing Strategy and Campaigns,sms-marketing,44,2244,What to Do When Concatenated Messages Suddenly Drops,Problem/solution,concatenated messages
23,SMS Marketing Strategy and Campaigns,sms-marketing,45,2245,Fixing Broken Unicode and Emoji: A Systematic Approach,Problem/solution,unicode and emoji
23,SMS Marketing Strategy and Campaigns,sms-marketing,46,2246,"Link Shorteners: Frequently Asked Questions, Answered Directly",FAQ,link shorteners
23,SMS Marketing Strategy and Campaigns,sms-marketing,47,2247,Is Short Codes Worth the Investment? An Honest Assessment,FAQ,short codes
23,SMS Marketing Strategy and Campaigns,sms-marketing,48,2248,How Long Does Long Codes Take to Show Results?,FAQ,long codes
23,SMS Marketing Strategy and Campaigns,sms-marketing,49,2249,Do You Actually Need Sender IDs? A Decision Guide,FAQ,sender IDs
23,SMS Marketing Strategy and Campaigns,sms-marketing,50,2250,Two-Way SMS vs SMS Keywords: Which Deserves Your Budget?,Comparison,two-way SMS
23,SMS Marketing Strategy and Campaigns,sms-marketing,51,2251,"Comparing Appointment Reminders and SMS Copywriting: Strengths, Limits and Overlap",Comparison,appointment reminders
23,SMS Marketing Strategy and Campaigns,sms-marketing,52,2252,Delivery Alerts or Concatenated Messages? A Decision Framework for Marketing Teams,Comparison,delivery alerts
23,SMS Marketing Strategy and Campaigns,sms-marketing,53,2253,When to Choose Flash Sales Over Link Shorteners,Comparison,flash sales
23,SMS Marketing Strategy and Campaigns,sms-marketing,54,2254,Alternatives to OTP and Transactional SMS: When It Is the Wrong Tool for the Job,Alternatives,OTP and transactional SMS
23,SMS Marketing Strategy and Campaigns,sms-marketing,55,2255,What to Use Instead of Quiet Hours for Constrained Teams,Alternatives,quiet hours
23,SMS Marketing Strategy and Campaigns,sms-marketing,56,2256,Rethinking Time Zone Targeting: Three Credible Alternatives,Alternatives,time zone targeting
23,SMS Marketing Strategy and Campaigns,sms-marketing,57,2257,"The Best Tools for MMS Campaigns, Compared Honestly",Tools comparison,MMS campaigns
23,SMS Marketing Strategy and Campaigns,sms-marketing,58,2258,"Sparrow SMS for RCS Messaging: Capabilities, Gaps and Fit",Tools comparison,RCS messaging
23,SMS Marketing Strategy and Campaigns,sms-marketing,59,2259,Choosing SMS for Retail Software: Evaluation Criteria That Matter,Tools comparison,SMS for retail
23,SMS Marketing Strategy and Campaigns,sms-marketing,60,2260,How Much Does SMS Keywords Really Cost in 2026?,Pricing,SMS keywords
23,SMS Marketing Strategy and Campaigns,sms-marketing,61,2261,SMS Campaign Types Pricing Explained: What Drives the Bill,Pricing,SMS campaign types
23,SMS Marketing Strategy and Campaigns,sms-marketing,62,2262,Budgeting for SMS Copywriting: Realistic Numbers by Company Size,Pricing,SMS copywriting
23,SMS Marketing Strategy and Campaigns,sms-marketing,63,2263,Measuring the ROI of 160 Character Limit Without Guesswork,ROI,160 character limit
23,SMS Marketing Strategy and Campaigns,sms-marketing,64,2264,Does Concatenated Messages Pay for Itself? A Calculation Method,ROI,concatenated messages
23,SMS Marketing Strategy and Campaigns,sms-marketing,65,2265,Proving the Business Value of Unicode and Emoji to Finance,ROI,unicode and emoji
23,SMS Marketing Strategy and Campaigns,sms-marketing,66,2266,Link Shorteners Statistics That Should Shape Your 2026 Plan,Statistics,link shorteners
23,SMS Marketing Strategy and Campaigns,sms-marketing,67,2267,What the Data Says About Short Codes Performance,Statistics,short codes
23,SMS Marketing Strategy and Campaigns,sms-marketing,68,2268,"Long Codes by the Numbers: Adoption, Cost and Outcomes",Statistics,long codes
23,SMS Marketing Strategy and Campaigns,sms-marketing,69,2269,Sender IDs Trends Reshaping Marketing in 2026,Trends,sender IDs
23,SMS Marketing Strategy and Campaigns,sms-marketing,70,2270,"What Changed in Two-Way SMS This Year, and Why It Matters",Trends,two-way SMS
23,SMS Marketing Strategy and Campaigns,sms-marketing,71,2271,Emerging Shifts in Appointment Reminders Worth Watching,Trends,appointment reminders
23,SMS Marketing Strategy and Campaigns,sms-marketing,72,2272,Where Delivery Alerts Is Heading Next: A Considered Forecast,Predictions,delivery alerts
23,SMS Marketing Strategy and Campaigns,sms-marketing,73,2273,"Flash Sales in Three Years: Reasonable Predictions, Not Hype",Predictions,flash sales
23,SMS Marketing Strategy and Campaigns,sms-marketing,74,2274,Preparing OTP and Transactional SMS for the Post-Search Era,Predictions,OTP and transactional SMS
23,SMS Marketing Strategy and Campaigns,sms-marketing,75,2275,What Is a Good Quiet Hours Benchmark? Numbers by Industry,Benchmarks,quiet hours
23,SMS Marketing Strategy and Campaigns,sms-marketing,76,2276,Time Zone Targeting Benchmarks: How to Tell Good From Average,Benchmarks,time zone targeting
23,SMS Marketing Strategy and Campaigns,sms-marketing,77,2277,Setting Realistic MMS Campaigns Targets Your Team Can Hit,Benchmarks,MMS campaigns
23,SMS Marketing Strategy and Campaigns,sms-marketing,78,2278,RCS Messaging for Real Estate Companies: What Is Different,Industry-specific,RCS messaging
23,SMS Marketing Strategy and Campaigns,sms-marketing,79,2279,Applying SMS for Retail in Hospitality: Constraints and Opportunities,Industry-specific,SMS for retail
23,SMS Marketing Strategy and Campaigns,sms-marketing,80,2280,Financial Services SMS Keywords: A Sector-Specific Playbook,Industry-specific,SMS keywords
23,SMS Marketing Strategy and Campaigns,sms-marketing,81,2281,Why Standard SMS Campaign Types Advice Fails in Travel,Industry-specific,SMS campaign types
23,SMS Marketing Strategy and Campaigns,sms-marketing,82,2282,SMS Copywriting for Local Shops on a Tight Budget,Small business,SMS copywriting
23,SMS Marketing Strategy and Campaigns,sms-marketing,83,2283,Practical 160 Character Limit When You Are the Entire Marketing Team,Small business,160 character limit
23,SMS Marketing Strategy and Campaigns,sms-marketing,84,2284,"Concatenated Messages for Freelancers: Start Here, Skip the Rest",Small business,concatenated messages
23,SMS Marketing Strategy and Campaigns,sms-marketing,85,2285,"Unicode and Emoji for Multi-Brand Groups: Governance, Scale and Sign-Off",Enterprise,unicode and emoji
23,SMS Marketing Strategy and Campaigns,sms-marketing,86,2286,Rolling Out Link Shorteners Across Global Teams Without Chaos,Enterprise,link shorteners
23,SMS Marketing Strategy and Campaigns,sms-marketing,87,2287,Enterprise Short Codes: Coordination Costs and How to Contain Them,Enterprise,short codes
23,SMS Marketing Strategy and Campaigns,sms-marketing,88,2288,Long Codes for Local Businesses in Nepal,Local business,long codes
23,SMS Marketing Strategy and Campaigns,sms-marketing,89,2289,"Adapting Sender IDs for Kathmandu: Language, Payments and Behaviour",Local business,sender IDs
23,SMS Marketing Strategy and Campaigns,sms-marketing,90,2290,Local-First Two-Way SMS: Winning Customers Within Ten Kilometres,Local business,two-way SMS
23,SMS Marketing Strategy and Campaigns,sms-marketing,91,2291,Appointment Reminders for B2B Teams With Long Sales Cycles,B2B,appointment reminders
23,SMS Marketing Strategy and Campaigns,sms-marketing,92,2292,How B2B Buying Committees Change Your Delivery Alerts Approach,B2B,delivery alerts
23,SMS Marketing Strategy and Campaigns,sms-marketing,93,2293,"Flash Sales That Generates Pipeline, Not Just Traffic",B2B,flash sales
23,SMS Marketing Strategy and Campaigns,sms-marketing,94,2294,OTP and Transactional SMS for B2C Brands Competing on Attention,B2C,OTP and transactional SMS
23,SMS Marketing Strategy and Campaigns,sms-marketing,95,2295,High-Volume Quiet Hours for Consumer Brands,B2C,quiet hours
23,SMS Marketing Strategy and Campaigns,sms-marketing,96,2296,"Time Zone Targeting That Drives Repeat Purchases, Not One-Off Sales",B2C,time zone targeting
23,SMS Marketing Strategy and Campaigns,sms-marketing,97,2297,Using AI to Improve MMS Campaigns Without Losing Quality Control,AI-powered,MMS campaigns
23,SMS Marketing Strategy and Campaigns,sms-marketing,98,2298,AI-Assisted RCS Messaging: Where It Helps and Where It Hurts,AI-powered,RCS messaging
23,SMS Marketing Strategy and Campaigns,sms-marketing,99,2299,Can AI Agents Handle SMS for Retail End to End?,AI-powered,SMS for retail
23,SMS Marketing Strategy and Campaigns,sms-marketing,100,2300,How AI Search Is Changing SMS Keywords,AI-powered,SMS keywords
24,"SMS Contacts, Consent and Compliance",sms-contacts-compliance,1,2301,What Is SMS Opt-In Methods? A Beginner's Guide for SMS Compliance,Beginner guide,SMS opt-in methods
24,"SMS Contacts, Consent and Compliance",sms-contacts-compliance,2,2302,Express Written Consent Explained: A Plain-English Introduction,Beginner guide,express written consent
24,"SMS Contacts, Consent and Compliance",sms-contacts-compliance,3,2303,Getting Started With TCPA Compliance: What Beginners Need to Know First,Beginner guide,TCPA compliance
24,"SMS Contacts, Consent and Compliance",sms-contacts-compliance,4,2304,GDPR and SMS for Complete Beginners: Core Concepts and First Steps,Beginner guide,GDPR and SMS
24,"SMS Contacts, Consent and Compliance",sms-contacts-compliance,5,2305,Advanced STOP and HELP Keywords: Techniques Experienced Teams Actually Use,Advanced guide,STOP and HELP keywords
24,"SMS Contacts, Consent and Compliance",sms-contacts-compliance,6,2306,Opt-Out Processing at Scale: What Changes Once You Outgrow the Basics,Advanced guide,opt-out processing
24,"SMS Contacts, Consent and Compliance",sms-contacts-compliance,7,2307,Beyond the Basics: Sophisticated DND Registry Tactics That Still Work,Advanced guide,DND registry
24,"SMS Contacts, Consent and Compliance",sms-contacts-compliance,8,2308,How to Improve Carrier Filtering Without Increasing Your Budget,How-to,carrier filtering
24,"SMS Contacts, Consent and Compliance",sms-contacts-compliance,9,2309,How to Set Up Number Validation Correctly the First Time,How-to,number validation
24,"SMS Contacts, Consent and Compliance",sms-contacts-compliance,10,2310,How to Fix Number Portability When It Stops Delivering Results,How-to,number portability
24,"SMS Contacts, Consent and Compliance",sms-contacts-compliance,11,2311,How to Audit Your Contact Segmentation in Under an Hour,How-to,contact segmentation
24,"SMS Contacts, Consent and Compliance",sms-contacts-compliance,12,2312,Step-by-Step: Building Your First List Hygiene for SMS Workflow,Step-by-step tutorial,list hygiene for SMS
24,"SMS Contacts, Consent and Compliance",sms-contacts-compliance,13,2313,"A Practical Walkthrough of Consent Audit Trails, From Setup to First Result",Step-by-step tutorial,consent audit trails
24,"SMS Contacts, Consent and Compliance",sms-contacts-compliance,14,2314,Configuring Double Opt-In for SMS in Nepal Fillings SMS: A Step-by-Step Tutorial,Step-by-step tutorial,double opt-in for SMS
24,"SMS Contacts, Consent and Compliance",sms-contacts-compliance,15,2315,The Complete Guide to Age Gating in 2026,Ultimate guide,age gating
24,"SMS Contacts, Consent and Compliance",sms-contacts-compliance,16,2316,The Definitive Record Retention Handbook for Modern Marketing Teams,Ultimate guide,record retention
24,"SMS Contacts, Consent and Compliance",sms-contacts-compliance,17,2317,Everything You Need to Know About Country-Specific Rules,Ultimate guide,country-specific rules
24,"SMS Contacts, Consent and Compliance",sms-contacts-compliance,18,2318,The A2P 10DLC Registration Checklist Every Team Should Run Before Launch,Checklist,A2P 10DLC registration
24,"SMS Contacts, Consent and Compliance",sms-contacts-compliance,19,2319,A Pre-Launch SMS Opt-In Methods Checklist You Can Finish in One Sitting,Checklist,SMS opt-in methods
24,"SMS Contacts, Consent and Compliance",sms-contacts-compliance,20,2320,Monthly Express Written Consent Maintenance Checklist for Busy Marketers,Checklist,express written consent
24,"SMS Contacts, Consent and Compliance",sms-contacts-compliance,21,2321,A Reusable TCPA Compliance Template You Can Adapt Today,Template,TCPA compliance
24,"SMS Contacts, Consent and Compliance",sms-contacts-compliance,22,2322,"Free GDPR and SMS Framework: Structure, Fields and Worked Example",Template,GDPR and SMS
24,"SMS Contacts, Consent and Compliance",sms-contacts-compliance,23,2323,The STOP and HELP Keywords Brief Template That Cuts Revision Cycles,Template,STOP and HELP keywords
24,"SMS Contacts, Consent and Compliance",sms-contacts-compliance,24,2324,12 Real Opt-Out Processing Examples Worth Studying,Examples,opt-out processing
24,"SMS Contacts, Consent and Compliance",sms-contacts-compliance,25,2325,DND Registry Examples That Show What Good Actually Looks Like,Examples,DND registry
24,"SMS Contacts, Consent and Compliance",sms-contacts-compliance,26,2326,Annotated Carrier Filtering Examples: Why Each One Works,Examples,carrier filtering
24,"SMS Contacts, Consent and Compliance",sms-contacts-compliance,27,2327,Case Study: How One Healthcare Brand Rebuilt Its Number Validation,Case study,number validation
24,"SMS Contacts, Consent and Compliance",sms-contacts-compliance,28,2328,Inside a Number Portability Turnaround: What Changed and What It Cost,Case study,number portability
24,"SMS Contacts, Consent and Compliance",sms-contacts-compliance,29,2329,"A 90-Day Contact Segmentation Experiment: Method, Results and Lessons",Case study,contact segmentation
24,"SMS Contacts, Consent and Compliance",sms-contacts-compliance,30,2330,Building a List Hygiene for SMS Strategy That Survives Algorithm Changes,Strategy,list hygiene for SMS
24,"SMS Contacts, Consent and Compliance",sms-contacts-compliance,31,2331,A Sustainable Consent Audit Trails Strategy for Teams With Limited Resources,Strategy,consent audit trails
24,"SMS Contacts, Consent and Compliance",sms-contacts-compliance,32,2332,How to Prioritise Double Opt-In for SMS When Everything Feels Urgent,Strategy,double opt-in for SMS
24,"SMS Contacts, Consent and Compliance",sms-contacts-compliance,33,2333,The Strategic Case for Investing in Age Gating This Year,Strategy,age gating
24,"SMS Contacts, Consent and Compliance",sms-contacts-compliance,34,2334,Record Retention Best Practices That Hold Up Under Scrutiny,Best practices,record retention
24,"SMS Contacts, Consent and Compliance",sms-contacts-compliance,35,2335,Proven Country-Specific Rules Principles for Consistent Results,Best practices,country-specific rules
24,"SMS Contacts, Consent and Compliance",sms-contacts-compliance,36,2336,What Disciplined A2P 10DLC Registration Looks Like in Practice,Best practices,A2P 10DLC registration
24,"SMS Contacts, Consent and Compliance",sms-contacts-compliance,37,2337,The SMS Opt-In Methods Standards High-Performing Teams Enforce,Best practices,SMS opt-in methods
24,"SMS Contacts, Consent and Compliance",sms-contacts-compliance,38,2338,Common Express Written Consent Mistakes That Quietly Cost You Revenue,Mistakes to avoid,express written consent
24,"SMS Contacts, Consent and Compliance",sms-contacts-compliance,39,2339,Seven TCPA Compliance Errors Almost Every Team Makes Early On,Mistakes to avoid,TCPA compliance
24,"SMS Contacts, Consent and Compliance",sms-contacts-compliance,40,2340,"Why Most GDPR and SMS Efforts Stall, and How to Avoid It",Mistakes to avoid,GDPR and SMS
24,"SMS Contacts, Consent and Compliance",sms-contacts-compliance,41,2341,STOP and HELP Keywords Anti-Patterns Worth Unlearning,Mistakes to avoid,STOP and HELP keywords
24,"SMS Contacts, Consent and Compliance",sms-contacts-compliance,42,2342,Opt-Out Processing Not Working? A Diagnostic Guide,Problem/solution,opt-out processing
24,"SMS Contacts, Consent and Compliance",sms-contacts-compliance,43,2343,"Troubleshooting DND Registry: Symptoms, Causes and Fixes",Problem/solution,DND registry
24,"SMS Contacts, Consent and Compliance",sms-contacts-compliance,44,2344,What to Do When Carrier Filtering Suddenly Drops,Problem/solution,carrier filtering
24,"SMS Contacts, Consent and Compliance",sms-contacts-compliance,45,2345,Fixing Broken Number Validation: A Systematic Approach,Problem/solution,number validation
24,"SMS Contacts, Consent and Compliance",sms-contacts-compliance,46,2346,"Number Portability: Frequently Asked Questions, Answered Directly",FAQ,number portability
24,"SMS Contacts, Consent and Compliance",sms-contacts-compliance,47,2347,Is Contact Segmentation Worth the Investment? An Honest Assessment,FAQ,contact segmentation
24,"SMS Contacts, Consent and Compliance",sms-contacts-compliance,48,2348,How Long Does List Hygiene for SMS Take to Show Results?,FAQ,list hygiene for SMS
24,"SMS Contacts, Consent and Compliance",sms-contacts-compliance,49,2349,Do You Actually Need Consent Audit Trails? A Decision Guide,FAQ,consent audit trails
24,"SMS Contacts, Consent and Compliance",sms-contacts-compliance,50,2350,Double Opt-In for SMS vs Number Portability: Which Deserves Your Budget?,Comparison,double opt-in for SMS
24,"SMS Contacts, Consent and Compliance",sms-contacts-compliance,51,2351,"Comparing Age Gating and List Hygiene for SMS: Strengths, Limits and Overlap",Comparison,age gating
24,"SMS Contacts, Consent and Compliance",sms-contacts-compliance,52,2352,Record Retention or Double Opt-In for SMS? A Decision Framework for Marketing Teams,Comparison,record retention
24,"SMS Contacts, Consent and Compliance",sms-contacts-compliance,53,2353,When to Choose Country-Specific Rules Over Record Retention,Comparison,country-specific rules
24,"SMS Contacts, Consent and Compliance",sms-contacts-compliance,54,2354,Alternatives to A2P 10DLC Registration: When It Is the Wrong Tool for the Job,Alternatives,A2P 10DLC registration
24,"SMS Contacts, Consent and Compliance",sms-contacts-compliance,55,2355,What to Use Instead of SMS Opt-In Methods for Constrained Teams,Alternatives,SMS opt-in methods
24,"SMS Contacts, Consent and Compliance",sms-contacts-compliance,56,2356,Rethinking Express Written Consent: Three Credible Alternatives,Alternatives,express written consent
24,"SMS Contacts, Consent and Compliance",sms-contacts-compliance,57,2357,"The Best Tools for TCPA Compliance, Compared Honestly",Tools comparison,TCPA compliance
24,"SMS Contacts, Consent and Compliance",sms-contacts-compliance,58,2358,"Nepal Fillings SMS for GDPR and SMS: Capabilities, Gaps and Fit",Tools comparison,GDPR and SMS
24,"SMS Contacts, Consent and Compliance",sms-contacts-compliance,59,2359,Choosing STOP and HELP Keywords Software: Evaluation Criteria That Matter,Tools comparison,STOP and HELP keywords
24,"SMS Contacts, Consent and Compliance",sms-contacts-compliance,60,2360,How Much Does Opt-Out Processing Really Cost in 2026?,Pricing,opt-out processing
24,"SMS Contacts, Consent and Compliance",sms-contacts-compliance,61,2361,DND Registry Pricing Explained: What Drives the Bill,Pricing,DND registry
24,"SMS Contacts, Consent and Compliance",sms-contacts-compliance,62,2362,Budgeting for Carrier Filtering: Realistic Numbers by Company Size,Pricing,carrier filtering
24,"SMS Contacts, Consent and Compliance",sms-contacts-compliance,63,2363,Measuring the ROI of Number Validation Without Guesswork,ROI,number validation
24,"SMS Contacts, Consent and Compliance",sms-contacts-compliance,64,2364,Does Number Portability Pay for Itself? A Calculation Method,ROI,number portability
24,"SMS Contacts, Consent and Compliance",sms-contacts-compliance,65,2365,Proving the Business Value of Contact Segmentation to Finance,ROI,contact segmentation
24,"SMS Contacts, Consent and Compliance",sms-contacts-compliance,66,2366,List Hygiene for SMS Statistics That Should Shape Your 2026 Plan,Statistics,list hygiene for SMS
24,"SMS Contacts, Consent and Compliance",sms-contacts-compliance,67,2367,What the Data Says About Consent Audit Trails Performance,Statistics,consent audit trails
24,"SMS Contacts, Consent and Compliance",sms-contacts-compliance,68,2368,"Double Opt-In for SMS by the Numbers: Adoption, Cost and Outcomes",Statistics,double opt-in for SMS
24,"SMS Contacts, Consent and Compliance",sms-contacts-compliance,69,2369,Age Gating Trends Reshaping Marketing in 2026,Trends,age gating
24,"SMS Contacts, Consent and Compliance",sms-contacts-compliance,70,2370,"What Changed in Record Retention This Year, and Why It Matters",Trends,record retention
24,"SMS Contacts, Consent and Compliance",sms-contacts-compliance,71,2371,Emerging Shifts in Country-Specific Rules Worth Watching,Trends,country-specific rules
24,"SMS Contacts, Consent and Compliance",sms-contacts-compliance,72,2372,Where A2P 10DLC Registration Is Heading Next: A Considered Forecast,Predictions,A2P 10DLC registration
24,"SMS Contacts, Consent and Compliance",sms-contacts-compliance,73,2373,"SMS Opt-In Methods in Three Years: Reasonable Predictions, Not Hype",Predictions,SMS opt-in methods
24,"SMS Contacts, Consent and Compliance",sms-contacts-compliance,74,2374,Preparing Express Written Consent for the Post-Search Era,Predictions,express written consent
24,"SMS Contacts, Consent and Compliance",sms-contacts-compliance,75,2375,What Is a Good TCPA Compliance Benchmark? Numbers by Industry,Benchmarks,TCPA compliance
24,"SMS Contacts, Consent and Compliance",sms-contacts-compliance,76,2376,GDPR and SMS Benchmarks: How to Tell Good From Average,Benchmarks,GDPR and SMS
24,"SMS Contacts, Consent and Compliance",sms-contacts-compliance,77,2377,Setting Realistic STOP and HELP Keywords Targets Your Team Can Hit,Benchmarks,STOP and HELP keywords
24,"SMS Contacts, Consent and Compliance",sms-contacts-compliance,78,2378,Opt-Out Processing for Hospitality Companies: What Is Different,Industry-specific,opt-out processing
24,"SMS Contacts, Consent and Compliance",sms-contacts-compliance,79,2379,Applying DND Registry in Financial Services: Constraints and Opportunities,Industry-specific,DND registry
24,"SMS Contacts, Consent and Compliance",sms-contacts-compliance,80,2380,Travel Carrier Filtering: A Sector-Specific Playbook,Industry-specific,carrier filtering
24,"SMS Contacts, Consent and Compliance",sms-contacts-compliance,81,2381,Why Standard Number Validation Advice Fails in Fitness,Industry-specific,number validation
24,"SMS Contacts, Consent and Compliance",sms-contacts-compliance,82,2382,Number Portability for Startups on a Tight Budget,Small business,number portability
24,"SMS Contacts, Consent and Compliance",sms-contacts-compliance,83,2383,Practical Contact Segmentation When You Are the Entire Marketing Team,Small business,contact segmentation
24,"SMS Contacts, Consent and Compliance",sms-contacts-compliance,84,2384,"List Hygiene for SMS for Family Businesses: Start Here, Skip the Rest",Small business,list hygiene for SMS
24,"SMS Contacts, Consent and Compliance",sms-contacts-compliance,85,2385,"Consent Audit Trails for Global Teams: Governance, Scale and Sign-Off",Enterprise,consent audit trails
24,"SMS Contacts, Consent and Compliance",sms-contacts-compliance,86,2386,Rolling Out Double Opt-In for SMS Across Regulated Industries Without Chaos,Enterprise,double opt-in for SMS
24,"SMS Contacts, Consent and Compliance",sms-contacts-compliance,87,2387,Enterprise Age Gating: Coordination Costs and How to Contain Them,Enterprise,age gating
24,"SMS Contacts, Consent and Compliance",sms-contacts-compliance,88,2388,Record Retention for Local Businesses in Kathmandu,Local business,record retention
24,"SMS Contacts, Consent and Compliance",sms-contacts-compliance,89,2389,"Adapting Country-Specific Rules for South Asia: Language, Payments and Behaviour",Local business,country-specific rules
24,"SMS Contacts, Consent and Compliance",sms-contacts-compliance,90,2390,Local-First A2P 10DLC Registration: Winning Customers Within Ten Kilometres,Local business,A2P 10DLC registration
24,"SMS Contacts, Consent and Compliance",sms-contacts-compliance,91,2391,SMS Opt-In Methods for B2B Teams With Long Sales Cycles,B2B,SMS opt-in methods
24,"SMS Contacts, Consent and Compliance",sms-contacts-compliance,92,2392,How B2B Buying Committees Change Your Express Written Consent Approach,B2B,express written consent
24,"SMS Contacts, Consent and Compliance",sms-contacts-compliance,93,2393,"TCPA Compliance That Generates Pipeline, Not Just Traffic",B2B,TCPA compliance
24,"SMS Contacts, Consent and Compliance",sms-contacts-compliance,94,2394,GDPR and SMS for B2C Brands Competing on Attention,B2C,GDPR and SMS
24,"SMS Contacts, Consent and Compliance",sms-contacts-compliance,95,2395,High-Volume STOP and HELP Keywords for Consumer Brands,B2C,STOP and HELP keywords
24,"SMS Contacts, Consent and Compliance",sms-contacts-compliance,96,2396,"Opt-Out Processing That Drives Repeat Purchases, Not One-Off Sales",B2C,opt-out processing
24,"SMS Contacts, Consent and Compliance",sms-contacts-compliance,97,2397,Using AI to Improve DND Registry Without Losing Quality Control,AI-powered,DND registry
24,"SMS Contacts, Consent and Compliance",sms-contacts-compliance,98,2398,AI-Assisted Carrier Filtering: Where It Helps and Where It Hurts,AI-powered,carrier filtering
24,"SMS Contacts, Consent and Compliance",sms-contacts-compliance,99,2399,Can AI Agents Handle Number Validation End to End?,AI-powered,number validation
24,"SMS Contacts, Consent and Compliance",sms-contacts-compliance,100,2400,How AI Search Is Changing Number Portability,AI-powered,number portability
25,"SMS Analytics, Deliverability and ROI",sms-analytics,1,2401,What Is Delivery Reports? A Beginner's Guide for SMS Analytics,Beginner guide,delivery reports
25,"SMS Analytics, Deliverability and ROI",sms-analytics,2,2402,DLR Status Codes Explained: A Plain-English Introduction,Beginner guide,DLR status codes
25,"SMS Analytics, Deliverability and ROI",sms-analytics,3,2403,Getting Started With Failure Reasons: What Beginners Need to Know First,Beginner guide,failure reasons
25,"SMS Analytics, Deliverability and ROI",sms-analytics,4,2404,Carrier Routes for Complete Beginners: Core Concepts and First Steps,Beginner guide,carrier routes
25,"SMS Analytics, Deliverability and ROI",sms-analytics,5,2405,Advanced Network Operators: Techniques Experienced Teams Actually Use,Advanced guide,network operators
25,"SMS Analytics, Deliverability and ROI",sms-analytics,6,2406,Response Rate at Scale: What Changes Once You Outgrow the Basics,Advanced guide,response rate
25,"SMS Analytics, Deliverability and ROI",sms-analytics,7,2407,Beyond the Basics: Sophisticated Click-Through on SMS Tactics That Still Work,Advanced guide,click-through on SMS
25,"SMS Analytics, Deliverability and ROI",sms-analytics,8,2408,How to Improve Conversion Tracking Without Increasing Your Budget,How-to,conversion tracking
25,"SMS Analytics, Deliverability and ROI",sms-analytics,9,2409,How to Set Up Cost per Message Correctly the First Time,How-to,cost per message
25,"SMS Analytics, Deliverability and ROI",sms-analytics,10,2410,How to Fix Cost per Conversion When It Stops Delivering Results,How-to,cost per conversion
25,"SMS Analytics, Deliverability and ROI",sms-analytics,11,2411,How to Audit Your SMS ROI in Under an Hour,How-to,SMS ROI
25,"SMS Analytics, Deliverability and ROI",sms-analytics,12,2412,Step-by-Step: Building Your First Opt-Out Rate Workflow,Step-by-step tutorial,opt-out rate
25,"SMS Analytics, Deliverability and ROI",sms-analytics,13,2413,"A Practical Walkthrough of Spam Complaints, From Setup to First Result",Step-by-step tutorial,spam complaints
25,"SMS Analytics, Deliverability and ROI",sms-analytics,14,2414,Configuring Benchmark Data in AakashSMS: A Step-by-Step Tutorial,Step-by-step tutorial,benchmark data
25,"SMS Analytics, Deliverability and ROI",sms-analytics,15,2415,The Complete Guide to Attribution Windows in 2026,Ultimate guide,attribution windows
25,"SMS Analytics, Deliverability and ROI",sms-analytics,16,2416,The Definitive Link Tracking Handbook for Modern Marketing Teams,Ultimate guide,link tracking
25,"SMS Analytics, Deliverability and ROI",sms-analytics,17,2417,Everything You Need to Know About Campaign Dashboards,Ultimate guide,campaign dashboards
25,"SMS Analytics, Deliverability and ROI",sms-analytics,18,2418,The Send Volume Forecasting Checklist Every Team Should Run Before Launch,Checklist,send volume forecasting
25,"SMS Analytics, Deliverability and ROI",sms-analytics,19,2419,A Pre-Launch Delivery Reports Checklist You Can Finish in One Sitting,Checklist,delivery reports
25,"SMS Analytics, Deliverability and ROI",sms-analytics,20,2420,Monthly DLR Status Codes Maintenance Checklist for Busy Marketers,Checklist,DLR status codes
25,"SMS Analytics, Deliverability and ROI",sms-analytics,21,2421,A Reusable Failure Reasons Template You Can Adapt Today,Template,failure reasons
25,"SMS Analytics, Deliverability and ROI",sms-analytics,22,2422,"Free Carrier Routes Framework: Structure, Fields and Worked Example",Template,carrier routes
25,"SMS Analytics, Deliverability and ROI",sms-analytics,23,2423,The Network Operators Brief Template That Cuts Revision Cycles,Template,network operators
25,"SMS Analytics, Deliverability and ROI",sms-analytics,24,2424,12 Real Response Rate Examples Worth Studying,Examples,response rate
25,"SMS Analytics, Deliverability and ROI",sms-analytics,25,2425,Click-Through on SMS Examples That Show What Good Actually Looks Like,Examples,click-through on SMS
25,"SMS Analytics, Deliverability and ROI",sms-analytics,26,2426,Annotated Conversion Tracking Examples: Why Each One Works,Examples,conversion tracking
25,"SMS Analytics, Deliverability and ROI",sms-analytics,27,2427,Case Study: How One Education Brand Rebuilt Its Cost per Message,Case study,cost per message
25,"SMS Analytics, Deliverability and ROI",sms-analytics,28,2428,Inside a Cost per Conversion Turnaround: What Changed and What It Cost,Case study,cost per conversion
25,"SMS Analytics, Deliverability and ROI",sms-analytics,29,2429,"A 90-Day SMS ROI Experiment: Method, Results and Lessons",Case study,SMS ROI
25,"SMS Analytics, Deliverability and ROI",sms-analytics,30,2430,Building a Opt-Out Rate Strategy That Survives Algorithm Changes,Strategy,opt-out rate
25,"SMS Analytics, Deliverability and ROI",sms-analytics,31,2431,A Sustainable Spam Complaints Strategy for Teams With Limited Resources,Strategy,spam complaints
25,"SMS Analytics, Deliverability and ROI",sms-analytics,32,2432,How to Prioritise Benchmark Data When Everything Feels Urgent,Strategy,benchmark data
25,"SMS Analytics, Deliverability and ROI",sms-analytics,33,2433,The Strategic Case for Investing in Attribution Windows This Year,Strategy,attribution windows
25,"SMS Analytics, Deliverability and ROI",sms-analytics,34,2434,Link Tracking Best Practices That Hold Up Under Scrutiny,Best practices,link tracking
25,"SMS Analytics, Deliverability and ROI",sms-analytics,35,2435,Proven Campaign Dashboards Principles for Consistent Results,Best practices,campaign dashboards
25,"SMS Analytics, Deliverability and ROI",sms-analytics,36,2436,What Disciplined Send Volume Forecasting Looks Like in Practice,Best practices,send volume forecasting
25,"SMS Analytics, Deliverability and ROI",sms-analytics,37,2437,The Delivery Reports Standards High-Performing Teams Enforce,Best practices,delivery reports
25,"SMS Analytics, Deliverability and ROI",sms-analytics,38,2438,Common DLR Status Codes Mistakes That Quietly Cost You Revenue,Mistakes to avoid,DLR status codes
25,"SMS Analytics, Deliverability and ROI",sms-analytics,39,2439,Seven Failure Reasons Errors Almost Every Team Makes Early On,Mistakes to avoid,failure reasons
25,"SMS Analytics, Deliverability and ROI",sms-analytics,40,2440,"Why Most Carrier Routes Efforts Stall, and How to Avoid It",Mistakes to avoid,carrier routes
25,"SMS Analytics, Deliverability and ROI",sms-analytics,41,2441,Network Operators Anti-Patterns Worth Unlearning,Mistakes to avoid,network operators
25,"SMS Analytics, Deliverability and ROI",sms-analytics,42,2442,Response Rate Not Working? A Diagnostic Guide,Problem/solution,response rate
25,"SMS Analytics, Deliverability and ROI",sms-analytics,43,2443,"Troubleshooting Click-Through on SMS: Symptoms, Causes and Fixes",Problem/solution,click-through on SMS
25,"SMS Analytics, Deliverability and ROI",sms-analytics,44,2444,What to Do When Conversion Tracking Suddenly Drops,Problem/solution,conversion tracking
25,"SMS Analytics, Deliverability and ROI",sms-analytics,45,2445,Fixing Broken Cost per Message: A Systematic Approach,Problem/solution,cost per message
25,"SMS Analytics, Deliverability and ROI",sms-analytics,46,2446,"Cost per Conversion: Frequently Asked Questions, Answered Directly",FAQ,cost per conversion
25,"SMS Analytics, Deliverability and ROI",sms-analytics,47,2447,Is SMS ROI Worth the Investment? An Honest Assessment,FAQ,SMS ROI
25,"SMS Analytics, Deliverability and ROI",sms-analytics,48,2448,How Long Does Opt-Out Rate Take to Show Results?,FAQ,opt-out rate
25,"SMS Analytics, Deliverability and ROI",sms-analytics,49,2449,Do You Actually Need Spam Complaints? A Decision Guide,FAQ,spam complaints
25,"SMS Analytics, Deliverability and ROI",sms-analytics,50,2450,Benchmark Data vs Cost per Conversion: Which Deserves Your Budget?,Comparison,benchmark data
25,"SMS Analytics, Deliverability and ROI",sms-analytics,51,2451,"Comparing Attribution Windows and Opt-Out Rate: Strengths, Limits and Overlap",Comparison,attribution windows
25,"SMS Analytics, Deliverability and ROI",sms-analytics,52,2452,Link Tracking or Benchmark Data? A Decision Framework for Marketing Teams,Comparison,link tracking
25,"SMS Analytics, Deliverability and ROI",sms-analytics,53,2453,When to Choose Campaign Dashboards Over Link Tracking,Comparison,campaign dashboards
25,"SMS Analytics, Deliverability and ROI",sms-analytics,54,2454,Alternatives to Send Volume Forecasting: When It Is the Wrong Tool for the Job,Alternatives,send volume forecasting
25,"SMS Analytics, Deliverability and ROI",sms-analytics,55,2455,What to Use Instead of Delivery Reports for Constrained Teams,Alternatives,delivery reports
25,"SMS Analytics, Deliverability and ROI",sms-analytics,56,2456,Rethinking DLR Status Codes: Three Credible Alternatives,Alternatives,DLR status codes
25,"SMS Analytics, Deliverability and ROI",sms-analytics,57,2457,"The Best Tools for Failure Reasons, Compared Honestly",Tools comparison,failure reasons
25,"SMS Analytics, Deliverability and ROI",sms-analytics,58,2458,"AakashSMS for Carrier Routes: Capabilities, Gaps and Fit",Tools comparison,carrier routes
25,"SMS Analytics, Deliverability and ROI",sms-analytics,59,2459,Choosing Network Operators Software: Evaluation Criteria That Matter,Tools comparison,network operators
25,"SMS Analytics, Deliverability and ROI",sms-analytics,60,2460,How Much Does Response Rate Really Cost in 2026?,Pricing,response rate
25,"SMS Analytics, Deliverability and ROI",sms-analytics,61,2461,Click-Through on SMS Pricing Explained: What Drives the Bill,Pricing,click-through on SMS
25,"SMS Analytics, Deliverability and ROI",sms-analytics,62,2462,Budgeting for Conversion Tracking: Realistic Numbers by Company Size,Pricing,conversion tracking
25,"SMS Analytics, Deliverability and ROI",sms-analytics,63,2463,Measuring the ROI of Cost per Message Without Guesswork,ROI,cost per message
25,"SMS Analytics, Deliverability and ROI",sms-analytics,64,2464,Does Cost per Conversion Pay for Itself? A Calculation Method,ROI,cost per conversion
25,"SMS Analytics, Deliverability and ROI",sms-analytics,65,2465,Proving the Business Value of SMS ROI to Finance,ROI,SMS ROI
25,"SMS Analytics, Deliverability and ROI",sms-analytics,66,2466,Opt-Out Rate Statistics That Should Shape Your 2026 Plan,Statistics,opt-out rate
25,"SMS Analytics, Deliverability and ROI",sms-analytics,67,2467,What the Data Says About Spam Complaints Performance,Statistics,spam complaints
25,"SMS Analytics, Deliverability and ROI",sms-analytics,68,2468,"Benchmark Data by the Numbers: Adoption, Cost and Outcomes",Statistics,benchmark data
25,"SMS Analytics, Deliverability and ROI",sms-analytics,69,2469,Attribution Windows Trends Reshaping Marketing in 2026,Trends,attribution windows
25,"SMS Analytics, Deliverability and ROI",sms-analytics,70,2470,"What Changed in Link Tracking This Year, and Why It Matters",Trends,link tracking
25,"SMS Analytics, Deliverability and ROI",sms-analytics,71,2471,Emerging Shifts in Campaign Dashboards Worth Watching,Trends,campaign dashboards
25,"SMS Analytics, Deliverability and ROI",sms-analytics,72,2472,Where Send Volume Forecasting Is Heading Next: A Considered Forecast,Predictions,send volume forecasting
25,"SMS Analytics, Deliverability and ROI",sms-analytics,73,2473,"Delivery Reports in Three Years: Reasonable Predictions, Not Hype",Predictions,delivery reports
25,"SMS Analytics, Deliverability and ROI",sms-analytics,74,2474,Preparing DLR Status Codes for the Post-Search Era,Predictions,DLR status codes
25,"SMS Analytics, Deliverability and ROI",sms-analytics,75,2475,What Is a Good Failure Reasons Benchmark? Numbers by Industry,Benchmarks,failure reasons
25,"SMS Analytics, Deliverability and ROI",sms-analytics,76,2476,Carrier Routes Benchmarks: How to Tell Good From Average,Benchmarks,carrier routes
25,"SMS Analytics, Deliverability and ROI",sms-analytics,77,2477,Setting Realistic Network Operators Targets Your Team Can Hit,Benchmarks,network operators
25,"SMS Analytics, Deliverability and ROI",sms-analytics,78,2478,Response Rate for Financial Services Companies: What Is Different,Industry-specific,response rate
25,"SMS Analytics, Deliverability and ROI",sms-analytics,79,2479,Applying Click-Through on SMS in Travel: Constraints and Opportunities,Industry-specific,click-through on SMS
25,"SMS Analytics, Deliverability and ROI",sms-analytics,80,2480,Fitness Conversion Tracking: A Sector-Specific Playbook,Industry-specific,conversion tracking
25,"SMS Analytics, Deliverability and ROI",sms-analytics,81,2481,Why Standard Cost per Message Advice Fails in Professional Services,Industry-specific,cost per message
25,"SMS Analytics, Deliverability and ROI",sms-analytics,82,2482,Cost per Conversion for Freelancers on a Tight Budget,Small business,cost per conversion
25,"SMS Analytics, Deliverability and ROI",sms-analytics,83,2483,Practical SMS ROI When You Are the Entire Marketing Team,Small business,SMS ROI
25,"SMS Analytics, Deliverability and ROI",sms-analytics,84,2484,"Opt-Out Rate for Small Businesses: Start Here, Skip the Rest",Small business,opt-out rate
25,"SMS Analytics, Deliverability and ROI",sms-analytics,85,2485,"Spam Complaints for Regulated Industries: Governance, Scale and Sign-Off",Enterprise,spam complaints
25,"SMS Analytics, Deliverability and ROI",sms-analytics,86,2486,Rolling Out Benchmark Data Across Enterprise Teams Without Chaos,Enterprise,benchmark data
25,"SMS Analytics, Deliverability and ROI",sms-analytics,87,2487,Enterprise Attribution Windows: Coordination Costs and How to Contain Them,Enterprise,attribution windows
25,"SMS Analytics, Deliverability and ROI",sms-analytics,88,2488,Link Tracking for Local Businesses in South Asia,Local business,link tracking
25,"SMS Analytics, Deliverability and ROI",sms-analytics,89,2489,"Adapting Campaign Dashboards for Emerging Markets: Language, Payments and Behaviour",Local business,campaign dashboards
25,"SMS Analytics, Deliverability and ROI",sms-analytics,90,2490,Local-First Send Volume Forecasting: Winning Customers Within Ten Kilometres,Local business,send volume forecasting
25,"SMS Analytics, Deliverability and ROI",sms-analytics,91,2491,Delivery Reports for B2B Teams With Long Sales Cycles,B2B,delivery reports
25,"SMS Analytics, Deliverability and ROI",sms-analytics,92,2492,How B2B Buying Committees Change Your DLR Status Codes Approach,B2B,DLR status codes
25,"SMS Analytics, Deliverability and ROI",sms-analytics,93,2493,"Failure Reasons That Generates Pipeline, Not Just Traffic",B2B,failure reasons
25,"SMS Analytics, Deliverability and ROI",sms-analytics,94,2494,Carrier Routes for B2C Brands Competing on Attention,B2C,carrier routes
25,"SMS Analytics, Deliverability and ROI",sms-analytics,95,2495,High-Volume Network Operators for Consumer Brands,B2C,network operators
25,"SMS Analytics, Deliverability and ROI",sms-analytics,96,2496,"Response Rate That Drives Repeat Purchases, Not One-Off Sales",B2C,response rate
25,"SMS Analytics, Deliverability and ROI",sms-analytics,97,2497,Using AI to Improve Click-Through on SMS Without Losing Quality Control,AI-powered,click-through on SMS
25,"SMS Analytics, Deliverability and ROI",sms-analytics,98,2498,AI-Assisted Conversion Tracking: Where It Helps and Where It Hurts,AI-powered,conversion tracking
25,"SMS Analytics, Deliverability and ROI",sms-analytics,99,2499,Can AI Agents Handle Cost per Message End to End?,AI-powered,cost per message
25,"SMS Analytics, Deliverability and ROI",sms-analytics,100,2500,How AI Search Is Changing Cost per Conversion,AI-powered,cost per conversion
26,"Telegram Marketing, Bots and Channels",telegram-marketing,1,2501,What Is Telegram Bot Setup? A Beginner's Guide for Telegram Marketing,Beginner guide,Telegram bot setup
26,"Telegram Marketing, Bots and Channels",telegram-marketing,2,2502,BotFather Explained: A Plain-English Introduction,Beginner guide,BotFather
26,"Telegram Marketing, Bots and Channels",telegram-marketing,3,2503,Getting Started With Bot Tokens: What Beginners Need to Know First,Beginner guide,bot tokens
26,"Telegram Marketing, Bots and Channels",telegram-marketing,4,2504,Telegram Channels for Complete Beginners: Core Concepts and First Steps,Beginner guide,Telegram channels
26,"Telegram Marketing, Bots and Channels",telegram-marketing,5,2505,Advanced Telegram Groups: Techniques Experienced Teams Actually Use,Advanced guide,Telegram groups
26,"Telegram Marketing, Bots and Channels",telegram-marketing,6,2506,Supergroups at Scale: What Changes Once You Outgrow the Basics,Advanced guide,supergroups
26,"Telegram Marketing, Bots and Channels",telegram-marketing,7,2507,Beyond the Basics: Sophisticated Broadcast Messages Tactics That Still Work,Advanced guide,broadcast messages
26,"Telegram Marketing, Bots and Channels",telegram-marketing,8,2508,How to Improve Subscriber Growth Without Increasing Your Budget,How-to,subscriber growth
26,"Telegram Marketing, Bots and Channels",telegram-marketing,9,2509,How to Set Up Inline Keyboards Correctly the First Time,How-to,inline keyboards
26,"Telegram Marketing, Bots and Channels",telegram-marketing,10,2510,How to Fix Bot Commands When It Stops Delivering Results,How-to,bot commands
26,"Telegram Marketing, Bots and Channels",telegram-marketing,11,2511,How to Audit Your Webhook Configuration in Under an Hour,How-to,webhook configuration
26,"Telegram Marketing, Bots and Channels",telegram-marketing,12,2512,Step-by-Step: Building Your First QR Code Joins Workflow,Step-by-step tutorial,QR code joins
26,"Telegram Marketing, Bots and Channels",telegram-marketing,13,2513,"A Practical Walkthrough of Deep Links, From Setup to First Result",Step-by-step tutorial,deep links
26,"Telegram Marketing, Bots and Channels",telegram-marketing,14,2514,Configuring Channel Moderation in BotFather: A Step-by-Step Tutorial,Step-by-step tutorial,channel moderation
26,"Telegram Marketing, Bots and Channels",telegram-marketing,15,2515,The Complete Guide to Spam Prevention in 2026,Ultimate guide,spam prevention
26,"Telegram Marketing, Bots and Channels",telegram-marketing,16,2516,The Definitive Polls and Quizzes Handbook for Modern Marketing Teams,Ultimate guide,polls and quizzes
26,"Telegram Marketing, Bots and Channels",telegram-marketing,17,2517,Everything You Need to Know About Scheduled Posts,Ultimate guide,scheduled posts
26,"Telegram Marketing, Bots and Channels",telegram-marketing,18,2518,The Telegram for Communities Checklist Every Team Should Run Before Launch,Checklist,Telegram for communities
26,"Telegram Marketing, Bots and Channels",telegram-marketing,19,2519,A Pre-Launch Bot Analytics Checklist You Can Finish in One Sitting,Checklist,bot analytics
26,"Telegram Marketing, Bots and Channels",telegram-marketing,20,2520,Monthly Auto-Subscribe Flows Maintenance Checklist for Busy Marketers,Checklist,auto-subscribe flows
26,"Telegram Marketing, Bots and Channels",telegram-marketing,21,2521,A Reusable Telegram Bot Setup Template You Can Adapt Today,Template,Telegram bot setup
26,"Telegram Marketing, Bots and Channels",telegram-marketing,22,2522,"Free BotFather Framework: Structure, Fields and Worked Example",Template,BotFather
26,"Telegram Marketing, Bots and Channels",telegram-marketing,23,2523,The Bot Tokens Brief Template That Cuts Revision Cycles,Template,bot tokens
26,"Telegram Marketing, Bots and Channels",telegram-marketing,24,2524,12 Real Telegram Channels Examples Worth Studying,Examples,Telegram channels
26,"Telegram Marketing, Bots and Channels",telegram-marketing,25,2525,Telegram Groups Examples That Show What Good Actually Looks Like,Examples,Telegram groups
26,"Telegram Marketing, Bots and Channels",telegram-marketing,26,2526,Annotated Supergroups Examples: Why Each One Works,Examples,supergroups
26,"Telegram Marketing, Bots and Channels",telegram-marketing,27,2527,Case Study: How One Real Estate Brand Rebuilt Its Broadcast Messages,Case study,broadcast messages
26,"Telegram Marketing, Bots and Channels",telegram-marketing,28,2528,Inside a Subscriber Growth Turnaround: What Changed and What It Cost,Case study,subscriber growth
26,"Telegram Marketing, Bots and Channels",telegram-marketing,29,2529,"A 90-Day Inline Keyboards Experiment: Method, Results and Lessons",Case study,inline keyboards
26,"Telegram Marketing, Bots and Channels",telegram-marketing,30,2530,Building a Bot Commands Strategy That Survives Algorithm Changes,Strategy,bot commands
26,"Telegram Marketing, Bots and Channels",telegram-marketing,31,2531,A Sustainable Webhook Configuration Strategy for Teams With Limited Resources,Strategy,webhook configuration
26,"Telegram Marketing, Bots and Channels",telegram-marketing,32,2532,How to Prioritise QR Code Joins When Everything Feels Urgent,Strategy,QR code joins
26,"Telegram Marketing, Bots and Channels",telegram-marketing,33,2533,The Strategic Case for Investing in Deep Links This Year,Strategy,deep links
26,"Telegram Marketing, Bots and Channels",telegram-marketing,34,2534,Channel Moderation Best Practices That Hold Up Under Scrutiny,Best practices,channel moderation
26,"Telegram Marketing, Bots and Channels",telegram-marketing,35,2535,Proven Spam Prevention Principles for Consistent Results,Best practices,spam prevention
26,"Telegram Marketing, Bots and Channels",telegram-marketing,36,2536,What Disciplined Polls and Quizzes Looks Like in Practice,Best practices,polls and quizzes
26,"Telegram Marketing, Bots and Channels",telegram-marketing,37,2537,The Scheduled Posts Standards High-Performing Teams Enforce,Best practices,scheduled posts
26,"Telegram Marketing, Bots and Channels",telegram-marketing,38,2538,Common Telegram for Communities Mistakes That Quietly Cost You Revenue,Mistakes to avoid,Telegram for communities
26,"Telegram Marketing, Bots and Channels",telegram-marketing,39,2539,Seven Bot Analytics Errors Almost Every Team Makes Early On,Mistakes to avoid,bot analytics
26,"Telegram Marketing, Bots and Channels",telegram-marketing,40,2540,"Why Most Auto-Subscribe Flows Efforts Stall, and How to Avoid It",Mistakes to avoid,auto-subscribe flows
26,"Telegram Marketing, Bots and Channels",telegram-marketing,41,2541,Telegram Bot Setup Anti-Patterns Worth Unlearning,Mistakes to avoid,Telegram bot setup
26,"Telegram Marketing, Bots and Channels",telegram-marketing,42,2542,BotFather Not Working? A Diagnostic Guide,Problem/solution,BotFather
26,"Telegram Marketing, Bots and Channels",telegram-marketing,43,2543,"Troubleshooting Bot Tokens: Symptoms, Causes and Fixes",Problem/solution,bot tokens
26,"Telegram Marketing, Bots and Channels",telegram-marketing,44,2544,What to Do When Telegram Channels Suddenly Drops,Problem/solution,Telegram channels
26,"Telegram Marketing, Bots and Channels",telegram-marketing,45,2545,Fixing Broken Telegram Groups: A Systematic Approach,Problem/solution,Telegram groups
26,"Telegram Marketing, Bots and Channels",telegram-marketing,46,2546,"Supergroups: Frequently Asked Questions, Answered Directly",FAQ,supergroups
26,"Telegram Marketing, Bots and Channels",telegram-marketing,47,2547,Is Broadcast Messages Worth the Investment? An Honest Assessment,FAQ,broadcast messages
26,"Telegram Marketing, Bots and Channels",telegram-marketing,48,2548,How Long Does Subscriber Growth Take to Show Results?,FAQ,subscriber growth
26,"Telegram Marketing, Bots and Channels",telegram-marketing,49,2549,Do You Actually Need Inline Keyboards? A Decision Guide,FAQ,inline keyboards
26,"Telegram Marketing, Bots and Channels",telegram-marketing,50,2550,Bot Commands vs Auto-Subscribe Flows: Which Deserves Your Budget?,Comparison,bot commands
26,"Telegram Marketing, Bots and Channels",telegram-marketing,51,2551,"Comparing Webhook Configuration and BotFather: Strengths, Limits and Overlap",Comparison,webhook configuration
26,"Telegram Marketing, Bots and Channels",telegram-marketing,52,2552,QR Code Joins or Telegram Channels? A Decision Framework for Marketing Teams,Comparison,QR code joins
26,"Telegram Marketing, Bots and Channels",telegram-marketing,53,2553,When to Choose Deep Links Over Supergroups,Comparison,deep links
26,"Telegram Marketing, Bots and Channels",telegram-marketing,54,2554,Alternatives to Channel Moderation: When It Is the Wrong Tool for the Job,Alternatives,channel moderation
26,"Telegram Marketing, Bots and Channels",telegram-marketing,55,2555,What to Use Instead of Spam Prevention for Constrained Teams,Alternatives,spam prevention
26,"Telegram Marketing, Bots and Channels",telegram-marketing,56,2556,Rethinking Polls and Quizzes: Three Credible Alternatives,Alternatives,polls and quizzes
26,"Telegram Marketing, Bots and Channels",telegram-marketing,57,2557,"The Best Tools for Scheduled Posts, Compared Honestly",Tools comparison,scheduled posts
26,"Telegram Marketing, Bots and Channels",telegram-marketing,58,2558,"BotFather for Telegram for Communities: Capabilities, Gaps and Fit",Tools comparison,Telegram for communities
26,"Telegram Marketing, Bots and Channels",telegram-marketing,59,2559,Choosing Bot Analytics Software: Evaluation Criteria That Matter,Tools comparison,bot analytics
26,"Telegram Marketing, Bots and Channels",telegram-marketing,60,2560,How Much Does Auto-Subscribe Flows Really Cost in 2026?,Pricing,auto-subscribe flows
26,"Telegram Marketing, Bots and Channels",telegram-marketing,61,2561,Telegram Bot Setup Pricing Explained: What Drives the Bill,Pricing,Telegram bot setup
26,"Telegram Marketing, Bots and Channels",telegram-marketing,62,2562,Budgeting for BotFather: Realistic Numbers by Company Size,Pricing,BotFather
26,"Telegram Marketing, Bots and Channels",telegram-marketing,63,2563,Measuring the ROI of Bot Tokens Without Guesswork,ROI,bot tokens
26,"Telegram Marketing, Bots and Channels",telegram-marketing,64,2564,Does Telegram Channels Pay for Itself? A Calculation Method,ROI,Telegram channels
26,"Telegram Marketing, Bots and Channels",telegram-marketing,65,2565,Proving the Business Value of Telegram Groups to Finance,ROI,Telegram groups
26,"Telegram Marketing, Bots and Channels",telegram-marketing,66,2566,Supergroups Statistics That Should Shape Your 2026 Plan,Statistics,supergroups
26,"Telegram Marketing, Bots and Channels",telegram-marketing,67,2567,What the Data Says About Broadcast Messages Performance,Statistics,broadcast messages
26,"Telegram Marketing, Bots and Channels",telegram-marketing,68,2568,"Subscriber Growth by the Numbers: Adoption, Cost and Outcomes",Statistics,subscriber growth
26,"Telegram Marketing, Bots and Channels",telegram-marketing,69,2569,Inline Keyboards Trends Reshaping Marketing in 2026,Trends,inline keyboards
26,"Telegram Marketing, Bots and Channels",telegram-marketing,70,2570,"What Changed in Bot Commands This Year, and Why It Matters",Trends,bot commands
26,"Telegram Marketing, Bots and Channels",telegram-marketing,71,2571,Emerging Shifts in Webhook Configuration Worth Watching,Trends,webhook configuration
26,"Telegram Marketing, Bots and Channels",telegram-marketing,72,2572,Where QR Code Joins Is Heading Next: A Considered Forecast,Predictions,QR code joins
26,"Telegram Marketing, Bots and Channels",telegram-marketing,73,2573,"Deep Links in Three Years: Reasonable Predictions, Not Hype",Predictions,deep links
26,"Telegram Marketing, Bots and Channels",telegram-marketing,74,2574,Preparing Channel Moderation for the Post-Search Era,Predictions,channel moderation
26,"Telegram Marketing, Bots and Channels",telegram-marketing,75,2575,What Is a Good Spam Prevention Benchmark? Numbers by Industry,Benchmarks,spam prevention
26,"Telegram Marketing, Bots and Channels",telegram-marketing,76,2576,Polls and Quizzes Benchmarks: How to Tell Good From Average,Benchmarks,polls and quizzes
26,"Telegram Marketing, Bots and Channels",telegram-marketing,77,2577,Setting Realistic Scheduled Posts Targets Your Team Can Hit,Benchmarks,scheduled posts
26,"Telegram Marketing, Bots and Channels",telegram-marketing,78,2578,Telegram for Communities for Travel Companies: What Is Different,Industry-specific,Telegram for communities
26,"Telegram Marketing, Bots and Channels",telegram-marketing,79,2579,Applying Bot Analytics in Fitness: Constraints and Opportunities,Industry-specific,bot analytics
26,"Telegram Marketing, Bots and Channels",telegram-marketing,80,2580,Professional Services Auto-Subscribe Flows: A Sector-Specific Playbook,Industry-specific,auto-subscribe flows
26,"Telegram Marketing, Bots and Channels",telegram-marketing,81,2581,Why Standard Telegram Bot Setup Advice Fails in Logistics,Industry-specific,Telegram bot setup
26,"Telegram Marketing, Bots and Channels",telegram-marketing,82,2582,BotFather for Family Businesses on a Tight Budget,Small business,BotFather
26,"Telegram Marketing, Bots and Channels",telegram-marketing,83,2583,Practical Bot Tokens When You Are the Entire Marketing Team,Small business,bot tokens
26,"Telegram Marketing, Bots and Channels",telegram-marketing,84,2584,"Telegram Channels for Solo Founders: Start Here, Skip the Rest",Small business,Telegram channels
26,"Telegram Marketing, Bots and Channels",telegram-marketing,85,2585,"Telegram Groups for Enterprise Teams: Governance, Scale and Sign-Off",Enterprise,Telegram groups
26,"Telegram Marketing, Bots and Channels",telegram-marketing,86,2586,Rolling Out Supergroups Across Large Organisations Without Chaos,Enterprise,supergroups
26,"Telegram Marketing, Bots and Channels",telegram-marketing,87,2587,Enterprise Broadcast Messages: Coordination Costs and How to Contain Them,Enterprise,broadcast messages
26,"Telegram Marketing, Bots and Channels",telegram-marketing,88,2588,Subscriber Growth for Local Businesses in Emerging Markets,Local business,subscriber growth
26,"Telegram Marketing, Bots and Channels",telegram-marketing,89,2589,"Adapting Inline Keyboards for Multilingual Markets: Language, Payments and Behaviour",Local business,inline keyboards
26,"Telegram Marketing, Bots and Channels",telegram-marketing,90,2590,Local-First Bot Commands: Winning Customers Within Ten Kilometres,Local business,bot commands
26,"Telegram Marketing, Bots and Channels",telegram-marketing,91,2591,Webhook Configuration for B2B Teams With Long Sales Cycles,B2B,webhook configuration
26,"Telegram Marketing, Bots and Channels",telegram-marketing,92,2592,How B2B Buying Committees Change Your QR Code Joins Approach,B2B,QR code joins
26,"Telegram Marketing, Bots and Channels",telegram-marketing,93,2593,"Deep Links That Generates Pipeline, Not Just Traffic",B2B,deep links
26,"Telegram Marketing, Bots and Channels",telegram-marketing,94,2594,Channel Moderation for B2C Brands Competing on Attention,B2C,channel moderation
26,"Telegram Marketing, Bots and Channels",telegram-marketing,95,2595,High-Volume Spam Prevention for Consumer Brands,B2C,spam prevention
26,"Telegram Marketing, Bots and Channels",telegram-marketing,96,2596,"Polls and Quizzes That Drives Repeat Purchases, Not One-Off Sales",B2C,polls and quizzes
26,"Telegram Marketing, Bots and Channels",telegram-marketing,97,2597,Using AI to Improve Scheduled Posts Without Losing Quality Control,AI-powered,scheduled posts
26,"Telegram Marketing, Bots and Channels",telegram-marketing,98,2598,AI-Assisted Telegram for Communities: Where It Helps and Where It Hurts,AI-powered,Telegram for communities
26,"Telegram Marketing, Bots and Channels",telegram-marketing,99,2599,Can AI Agents Handle Bot Analytics End to End?,AI-powered,bot analytics
26,"Telegram Marketing, Bots and Channels",telegram-marketing,100,2600,How AI Search Is Changing Auto-Subscribe Flows,AI-powered,auto-subscribe flows
27,"Telegram Contacts, Groups and Community Growth",telegram-contacts-groups,1,2601,What Is Subscriber Acquisition? A Beginner's Guide for Telegram Community,Beginner guide,subscriber acquisition
27,"Telegram Contacts, Groups and Community Growth",telegram-contacts-groups,2,2602,Channel Growth Tactics Explained: A Plain-English Introduction,Beginner guide,channel growth tactics
27,"Telegram Contacts, Groups and Community Growth",telegram-contacts-groups,3,2603,Getting Started With Public vs Private Channels: What Beginners Need to Know First,Beginner guide,public vs private channels
27,"Telegram Contacts, Groups and Community Growth",telegram-contacts-groups,4,2604,Admin Roles and Permissions for Complete Beginners: Core Concepts and First Steps,Beginner guide,admin roles and permissions
27,"Telegram Contacts, Groups and Community Growth",telegram-contacts-groups,5,2605,Advanced Moderation Workflows: Techniques Experienced Teams Actually Use,Advanced guide,moderation workflows
27,"Telegram Contacts, Groups and Community Growth",telegram-contacts-groups,6,2606,Anti-Spam Bots at Scale: What Changes Once You Outgrow the Basics,Advanced guide,anti-spam bots
27,"Telegram Contacts, Groups and Community Growth",telegram-contacts-groups,7,2607,Beyond the Basics: Sophisticated Captcha Verification Tactics That Still Work,Advanced guide,captcha verification
27,"Telegram Contacts, Groups and Community Growth",telegram-contacts-groups,8,2608,How to Improve Member Segmentation Without Increasing Your Budget,How-to,member segmentation
27,"Telegram Contacts, Groups and Community Growth",telegram-contacts-groups,9,2609,How to Set Up Engagement Tactics Correctly the First Time,How-to,engagement tactics
27,"Telegram Contacts, Groups and Community Growth",telegram-contacts-groups,10,2610,How to Fix Pinned Messages When It Stops Delivering Results,How-to,pinned messages
27,"Telegram Contacts, Groups and Community Growth",telegram-contacts-groups,11,2611,How to Audit Your Welcome Messages in Under an Hour,How-to,welcome messages
27,"Telegram Contacts, Groups and Community Growth",telegram-contacts-groups,12,2612,Step-by-Step: Building Your First Inactive Member Cleanup Workflow,Step-by-step tutorial,inactive member cleanup
27,"Telegram Contacts, Groups and Community Growth",telegram-contacts-groups,13,2613,"A Practical Walkthrough of Invite Links, From Setup to First Result",Step-by-step tutorial,invite links
27,"Telegram Contacts, Groups and Community Growth",telegram-contacts-groups,14,2614,Configuring Referral Tracking in Nepal Fillings Telegram: A Step-by-Step Tutorial,Step-by-step tutorial,referral tracking
27,"Telegram Contacts, Groups and Community Growth",telegram-contacts-groups,15,2615,The Complete Guide to Community Guidelines in 2026,Ultimate guide,community guidelines
27,"Telegram Contacts, Groups and Community Growth",telegram-contacts-groups,16,2616,The Definitive Topic Threads Handbook for Modern Marketing Teams,Ultimate guide,topic threads
27,"Telegram Contacts, Groups and Community Growth",telegram-contacts-groups,17,2617,Everything You Need to Know About Member Retention,Ultimate guide,member retention
27,"Telegram Contacts, Groups and Community Growth",telegram-contacts-groups,18,2618,The Cross-Promotion Checklist Every Team Should Run Before Launch,Checklist,cross-promotion
27,"Telegram Contacts, Groups and Community Growth",telegram-contacts-groups,19,2619,A Pre-Launch Subscriber Acquisition Checklist You Can Finish in One Sitting,Checklist,subscriber acquisition
27,"Telegram Contacts, Groups and Community Growth",telegram-contacts-groups,20,2620,Monthly Channel Growth Tactics Maintenance Checklist for Busy Marketers,Checklist,channel growth tactics
27,"Telegram Contacts, Groups and Community Growth",telegram-contacts-groups,21,2621,A Reusable Public vs Private Channels Template You Can Adapt Today,Template,public vs private channels
27,"Telegram Contacts, Groups and Community Growth",telegram-contacts-groups,22,2622,"Free Admin Roles and Permissions Framework: Structure, Fields and Worked Example",Template,admin roles and permissions
27,"Telegram Contacts, Groups and Community Growth",telegram-contacts-groups,23,2623,The Moderation Workflows Brief Template That Cuts Revision Cycles,Template,moderation workflows
27,"Telegram Contacts, Groups and Community Growth",telegram-contacts-groups,24,2624,12 Real Anti-Spam Bots Examples Worth Studying,Examples,anti-spam bots
27,"Telegram Contacts, Groups and Community Growth",telegram-contacts-groups,25,2625,Captcha Verification Examples That Show What Good Actually Looks Like,Examples,captcha verification
27,"Telegram Contacts, Groups and Community Growth",telegram-contacts-groups,26,2626,Annotated Member Segmentation Examples: Why Each One Works,Examples,member segmentation
27,"Telegram Contacts, Groups and Community Growth",telegram-contacts-groups,27,2627,Case Study: How One Hospitality Brand Rebuilt Its Engagement Tactics,Case study,engagement tactics
27,"Telegram Contacts, Groups and Community Growth",telegram-contacts-groups,28,2628,Inside a Pinned Messages Turnaround: What Changed and What It Cost,Case study,pinned messages
27,"Telegram Contacts, Groups and Community Growth",telegram-contacts-groups,29,2629,"A 90-Day Welcome Messages Experiment: Method, Results and Lessons",Case study,welcome messages
27,"Telegram Contacts, Groups and Community Growth",telegram-contacts-groups,30,2630,Building a Inactive Member Cleanup Strategy That Survives Algorithm Changes,Strategy,inactive member cleanup
27,"Telegram Contacts, Groups and Community Growth",telegram-contacts-groups,31,2631,A Sustainable Invite Links Strategy for Teams With Limited Resources,Strategy,invite links
27,"Telegram Contacts, Groups and Community Growth",telegram-contacts-groups,32,2632,How to Prioritise Referral Tracking When Everything Feels Urgent,Strategy,referral tracking
27,"Telegram Contacts, Groups and Community Growth",telegram-contacts-groups,33,2633,The Strategic Case for Investing in Community Guidelines This Year,Strategy,community guidelines
27,"Telegram Contacts, Groups and Community Growth",telegram-contacts-groups,34,2634,Topic Threads Best Practices That Hold Up Under Scrutiny,Best practices,topic threads
27,"Telegram Contacts, Groups and Community Growth",telegram-contacts-groups,35,2635,Proven Member Retention Principles for Consistent Results,Best practices,member retention
27,"Telegram Contacts, Groups and Community Growth",telegram-contacts-groups,36,2636,What Disciplined Cross-Promotion Looks Like in Practice,Best practices,cross-promotion
27,"Telegram Contacts, Groups and Community Growth",telegram-contacts-groups,37,2637,The Subscriber Acquisition Standards High-Performing Teams Enforce,Best practices,subscriber acquisition
27,"Telegram Contacts, Groups and Community Growth",telegram-contacts-groups,38,2638,Common Channel Growth Tactics Mistakes That Quietly Cost You Revenue,Mistakes to avoid,channel growth tactics
27,"Telegram Contacts, Groups and Community Growth",telegram-contacts-groups,39,2639,Seven Public vs Private Channels Errors Almost Every Team Makes Early On,Mistakes to avoid,public vs private channels
27,"Telegram Contacts, Groups and Community Growth",telegram-contacts-groups,40,2640,"Why Most Admin Roles and Permissions Efforts Stall, and How to Avoid It",Mistakes to avoid,admin roles and permissions
27,"Telegram Contacts, Groups and Community Growth",telegram-contacts-groups,41,2641,Moderation Workflows Anti-Patterns Worth Unlearning,Mistakes to avoid,moderation workflows
27,"Telegram Contacts, Groups and Community Growth",telegram-contacts-groups,42,2642,Anti-Spam Bots Not Working? A Diagnostic Guide,Problem/solution,anti-spam bots
27,"Telegram Contacts, Groups and Community Growth",telegram-contacts-groups,43,2643,"Troubleshooting Captcha Verification: Symptoms, Causes and Fixes",Problem/solution,captcha verification
27,"Telegram Contacts, Groups and Community Growth",telegram-contacts-groups,44,2644,What to Do When Member Segmentation Suddenly Drops,Problem/solution,member segmentation
27,"Telegram Contacts, Groups and Community Growth",telegram-contacts-groups,45,2645,Fixing Broken Engagement Tactics: A Systematic Approach,Problem/solution,engagement tactics
27,"Telegram Contacts, Groups and Community Growth",telegram-contacts-groups,46,2646,"Pinned Messages: Frequently Asked Questions, Answered Directly",FAQ,pinned messages
27,"Telegram Contacts, Groups and Community Growth",telegram-contacts-groups,47,2647,Is Welcome Messages Worth the Investment? An Honest Assessment,FAQ,welcome messages
27,"Telegram Contacts, Groups and Community Growth",telegram-contacts-groups,48,2648,How Long Does Inactive Member Cleanup Take to Show Results?,FAQ,inactive member cleanup
27,"Telegram Contacts, Groups and Community Growth",telegram-contacts-groups,49,2649,Do You Actually Need Invite Links? A Decision Guide,FAQ,invite links
27,"Telegram Contacts, Groups and Community Growth",telegram-contacts-groups,50,2650,Referral Tracking vs Pinned Messages: Which Deserves Your Budget?,Comparison,referral tracking
27,"Telegram Contacts, Groups and Community Growth",telegram-contacts-groups,51,2651,"Comparing Community Guidelines and Inactive Member Cleanup: Strengths, Limits and Overlap",Comparison,community guidelines
27,"Telegram Contacts, Groups and Community Growth",telegram-contacts-groups,52,2652,Topic Threads or Referral Tracking? A Decision Framework for Marketing Teams,Comparison,topic threads
27,"Telegram Contacts, Groups and Community Growth",telegram-contacts-groups,53,2653,When to Choose Member Retention Over Topic Threads,Comparison,member retention
27,"Telegram Contacts, Groups and Community Growth",telegram-contacts-groups,54,2654,Alternatives to Cross-Promotion: When It Is the Wrong Tool for the Job,Alternatives,cross-promotion
27,"Telegram Contacts, Groups and Community Growth",telegram-contacts-groups,55,2655,What to Use Instead of Subscriber Acquisition for Constrained Teams,Alternatives,subscriber acquisition
27,"Telegram Contacts, Groups and Community Growth",telegram-contacts-groups,56,2656,Rethinking Channel Growth Tactics: Three Credible Alternatives,Alternatives,channel growth tactics
27,"Telegram Contacts, Groups and Community Growth",telegram-contacts-groups,57,2657,"The Best Tools for Public vs Private Channels, Compared Honestly",Tools comparison,public vs private channels
27,"Telegram Contacts, Groups and Community Growth",telegram-contacts-groups,58,2658,"Nepal Fillings Telegram for Admin Roles and Permissions: Capabilities, Gaps and Fit",Tools comparison,admin roles and permissions
27,"Telegram Contacts, Groups and Community Growth",telegram-contacts-groups,59,2659,Choosing Moderation Workflows Software: Evaluation Criteria That Matter,Tools comparison,moderation workflows
27,"Telegram Contacts, Groups and Community Growth",telegram-contacts-groups,60,2660,How Much Does Anti-Spam Bots Really Cost in 2026?,Pricing,anti-spam bots
27,"Telegram Contacts, Groups and Community Growth",telegram-contacts-groups,61,2661,Captcha Verification Pricing Explained: What Drives the Bill,Pricing,captcha verification
27,"Telegram Contacts, Groups and Community Growth",telegram-contacts-groups,62,2662,Budgeting for Member Segmentation: Realistic Numbers by Company Size,Pricing,member segmentation
27,"Telegram Contacts, Groups and Community Growth",telegram-contacts-groups,63,2663,Measuring the ROI of Engagement Tactics Without Guesswork,ROI,engagement tactics
27,"Telegram Contacts, Groups and Community Growth",telegram-contacts-groups,64,2664,Does Pinned Messages Pay for Itself? A Calculation Method,ROI,pinned messages
27,"Telegram Contacts, Groups and Community Growth",telegram-contacts-groups,65,2665,Proving the Business Value of Welcome Messages to Finance,ROI,welcome messages
27,"Telegram Contacts, Groups and Community Growth",telegram-contacts-groups,66,2666,Inactive Member Cleanup Statistics That Should Shape Your 2026 Plan,Statistics,inactive member cleanup
27,"Telegram Contacts, Groups and Community Growth",telegram-contacts-groups,67,2667,What the Data Says About Invite Links Performance,Statistics,invite links
27,"Telegram Contacts, Groups and Community Growth",telegram-contacts-groups,68,2668,"Referral Tracking by the Numbers: Adoption, Cost and Outcomes",Statistics,referral tracking
27,"Telegram Contacts, Groups and Community Growth",telegram-contacts-groups,69,2669,Community Guidelines Trends Reshaping Marketing in 2026,Trends,community guidelines
27,"Telegram Contacts, Groups and Community Growth",telegram-contacts-groups,70,2670,"What Changed in Topic Threads This Year, and Why It Matters",Trends,topic threads
27,"Telegram Contacts, Groups and Community Growth",telegram-contacts-groups,71,2671,Emerging Shifts in Member Retention Worth Watching,Trends,member retention
27,"Telegram Contacts, Groups and Community Growth",telegram-contacts-groups,72,2672,Where Cross-Promotion Is Heading Next: A Considered Forecast,Predictions,cross-promotion
27,"Telegram Contacts, Groups and Community Growth",telegram-contacts-groups,73,2673,"Subscriber Acquisition in Three Years: Reasonable Predictions, Not Hype",Predictions,subscriber acquisition
27,"Telegram Contacts, Groups and Community Growth",telegram-contacts-groups,74,2674,Preparing Channel Growth Tactics for the Post-Search Era,Predictions,channel growth tactics
27,"Telegram Contacts, Groups and Community Growth",telegram-contacts-groups,75,2675,What Is a Good Public vs Private Channels Benchmark? Numbers by Industry,Benchmarks,public vs private channels
27,"Telegram Contacts, Groups and Community Growth",telegram-contacts-groups,76,2676,Admin Roles and Permissions Benchmarks: How to Tell Good From Average,Benchmarks,admin roles and permissions
27,"Telegram Contacts, Groups and Community Growth",telegram-contacts-groups,77,2677,Setting Realistic Moderation Workflows Targets Your Team Can Hit,Benchmarks,moderation workflows
27,"Telegram Contacts, Groups and Community Growth",telegram-contacts-groups,78,2678,Anti-Spam Bots for Fitness Companies: What Is Different,Industry-specific,anti-spam bots
27,"Telegram Contacts, Groups and Community Growth",telegram-contacts-groups,79,2679,Applying Captcha Verification in Professional Services: Constraints and Opportunities,Industry-specific,captcha verification
27,"Telegram Contacts, Groups and Community Growth",telegram-contacts-groups,80,2680,Logistics Member Segmentation: A Sector-Specific Playbook,Industry-specific,member segmentation
27,"Telegram Contacts, Groups and Community Growth",telegram-contacts-groups,81,2681,Why Standard Engagement Tactics Advice Fails in Retail,Industry-specific,engagement tactics
27,"Telegram Contacts, Groups and Community Growth",telegram-contacts-groups,82,2682,Pinned Messages for Small Businesses on a Tight Budget,Small business,pinned messages
27,"Telegram Contacts, Groups and Community Growth",telegram-contacts-groups,83,2683,Practical Welcome Messages When You Are the Entire Marketing Team,Small business,welcome messages
27,"Telegram Contacts, Groups and Community Growth",telegram-contacts-groups,84,2684,"Inactive Member Cleanup for Local Shops: Start Here, Skip the Rest",Small business,inactive member cleanup
27,"Telegram Contacts, Groups and Community Growth",telegram-contacts-groups,85,2685,"Invite Links for Large Organisations: Governance, Scale and Sign-Off",Enterprise,invite links
27,"Telegram Contacts, Groups and Community Growth",telegram-contacts-groups,86,2686,Rolling Out Referral Tracking Across Multi-Brand Groups Without Chaos,Enterprise,referral tracking
27,"Telegram Contacts, Groups and Community Growth",telegram-contacts-groups,87,2687,Enterprise Community Guidelines: Coordination Costs and How to Contain Them,Enterprise,community guidelines
27,"Telegram Contacts, Groups and Community Growth",telegram-contacts-groups,88,2688,Topic Threads for Local Businesses in Multilingual Markets,Local business,topic threads
27,"Telegram Contacts, Groups and Community Growth",telegram-contacts-groups,89,2689,"Adapting Member Retention for Nepal: Language, Payments and Behaviour",Local business,member retention
27,"Telegram Contacts, Groups and Community Growth",telegram-contacts-groups,90,2690,Local-First Cross-Promotion: Winning Customers Within Ten Kilometres,Local business,cross-promotion
27,"Telegram Contacts, Groups and Community Growth",telegram-contacts-groups,91,2691,Subscriber Acquisition for B2B Teams With Long Sales Cycles,B2B,subscriber acquisition
27,"Telegram Contacts, Groups and Community Growth",telegram-contacts-groups,92,2692,How B2B Buying Committees Change Your Channel Growth Tactics Approach,B2B,channel growth tactics
27,"Telegram Contacts, Groups and Community Growth",telegram-contacts-groups,93,2693,"Public vs Private Channels That Generates Pipeline, Not Just Traffic",B2B,public vs private channels
27,"Telegram Contacts, Groups and Community Growth",telegram-contacts-groups,94,2694,Admin Roles and Permissions for B2C Brands Competing on Attention,B2C,admin roles and permissions
27,"Telegram Contacts, Groups and Community Growth",telegram-contacts-groups,95,2695,High-Volume Moderation Workflows for Consumer Brands,B2C,moderation workflows
27,"Telegram Contacts, Groups and Community Growth",telegram-contacts-groups,96,2696,"Anti-Spam Bots That Drives Repeat Purchases, Not One-Off Sales",B2C,anti-spam bots
27,"Telegram Contacts, Groups and Community Growth",telegram-contacts-groups,97,2697,Using AI to Improve Captcha Verification Without Losing Quality Control,AI-powered,captcha verification
27,"Telegram Contacts, Groups and Community Growth",telegram-contacts-groups,98,2698,AI-Assisted Member Segmentation: Where It Helps and Where It Hurts,AI-powered,member segmentation
27,"Telegram Contacts, Groups and Community Growth",telegram-contacts-groups,99,2699,Can AI Agents Handle Engagement Tactics End to End?,AI-powered,engagement tactics
27,"Telegram Contacts, Groups and Community Growth",telegram-contacts-groups,100,2700,How AI Search Is Changing Pinned Messages,AI-powered,pinned messages
28,Telegram Analytics and Campaign Performance,telegram-analytics,1,2701,What Is View Counts? A Beginner's Guide for Telegram Analytics,Beginner guide,view counts
28,Telegram Analytics and Campaign Performance,telegram-analytics,2,2702,View Rate Explained: A Plain-English Introduction,Beginner guide,view rate
28,Telegram Analytics and Campaign Performance,telegram-analytics,3,2703,Getting Started With Forward Rate: What Beginners Need to Know First,Beginner guide,forward rate
28,Telegram Analytics and Campaign Performance,telegram-analytics,4,2704,Subscriber Growth Rate for Complete Beginners: Core Concepts and First Steps,Beginner guide,subscriber growth rate
28,Telegram Analytics and Campaign Performance,telegram-analytics,5,2705,Advanced Churn Rate: Techniques Experienced Teams Actually Use,Advanced guide,churn rate
28,Telegram Analytics and Campaign Performance,telegram-analytics,6,2706,Link Click Tracking at Scale: What Changes Once You Outgrow the Basics,Advanced guide,link click tracking
28,Telegram Analytics and Campaign Performance,telegram-analytics,7,2707,Beyond the Basics: Sophisticated UTM Tagging Tactics That Still Work,Advanced guide,UTM tagging
28,Telegram Analytics and Campaign Performance,telegram-analytics,8,2708,How to Improve Bot Interaction Analytics Without Increasing Your Budget,How-to,bot interaction analytics
28,Telegram Analytics and Campaign Performance,telegram-analytics,9,2709,How to Set Up Command Usage Correctly the First Time,How-to,command usage
28,Telegram Analytics and Campaign Performance,telegram-analytics,10,2710,How to Fix Campaign Reporting When It Stops Delivering Results,How-to,campaign reporting
28,Telegram Analytics and Campaign Performance,telegram-analytics,11,2711,How to Audit Your Post Reach in Under an Hour,How-to,post reach
28,Telegram Analytics and Campaign Performance,telegram-analytics,12,2712,Step-by-Step: Building Your First Engagement Rate Workflow,Step-by-step tutorial,engagement rate
28,Telegram Analytics and Campaign Performance,telegram-analytics,13,2713,"A Practical Walkthrough of Best Posting Times, From Setup to First Result",Step-by-step tutorial,best posting times
28,Telegram Analytics and Campaign Performance,telegram-analytics,14,2714,Configuring Content Performance in Combot: A Step-by-Step Tutorial,Step-by-step tutorial,content performance
28,Telegram Analytics and Campaign Performance,telegram-analytics,15,2715,The Complete Guide to Conversion Attribution in 2026,Ultimate guide,conversion attribution
28,Telegram Analytics and Campaign Performance,telegram-analytics,16,2716,The Definitive Benchmark Data Handbook for Modern Marketing Teams,Ultimate guide,benchmark data
28,Telegram Analytics and Campaign Performance,telegram-analytics,17,2717,Everything You Need to Know About Cohort Retention,Ultimate guide,cohort retention
28,Telegram Analytics and Campaign Performance,telegram-analytics,18,2718,The Spend Efficiency Checklist Every Team Should Run Before Launch,Checklist,spend efficiency
28,Telegram Analytics and Campaign Performance,telegram-analytics,19,2719,A Pre-Launch View Counts Checklist You Can Finish in One Sitting,Checklist,view counts
28,Telegram Analytics and Campaign Performance,telegram-analytics,20,2720,Monthly View Rate Maintenance Checklist for Busy Marketers,Checklist,view rate
28,Telegram Analytics and Campaign Performance,telegram-analytics,21,2721,A Reusable Forward Rate Template You Can Adapt Today,Template,forward rate
28,Telegram Analytics and Campaign Performance,telegram-analytics,22,2722,"Free Subscriber Growth Rate Framework: Structure, Fields and Worked Example",Template,subscriber growth rate
28,Telegram Analytics and Campaign Performance,telegram-analytics,23,2723,The Churn Rate Brief Template That Cuts Revision Cycles,Template,churn rate
28,Telegram Analytics and Campaign Performance,telegram-analytics,24,2724,12 Real Link Click Tracking Examples Worth Studying,Examples,link click tracking
28,Telegram Analytics and Campaign Performance,telegram-analytics,25,2725,UTM Tagging Examples That Show What Good Actually Looks Like,Examples,UTM tagging
28,Telegram Analytics and Campaign Performance,telegram-analytics,26,2726,Annotated Bot Interaction Analytics Examples: Why Each One Works,Examples,bot interaction analytics
28,Telegram Analytics and Campaign Performance,telegram-analytics,27,2727,Case Study: How One Financial Services Brand Rebuilt Its Command Usage,Case study,command usage
28,Telegram Analytics and Campaign Performance,telegram-analytics,28,2728,Inside a Campaign Reporting Turnaround: What Changed and What It Cost,Case study,campaign reporting
28,Telegram Analytics and Campaign Performance,telegram-analytics,29,2729,"A 90-Day Post Reach Experiment: Method, Results and Lessons",Case study,post reach
28,Telegram Analytics and Campaign Performance,telegram-analytics,30,2730,Building a Engagement Rate Strategy That Survives Algorithm Changes,Strategy,engagement rate
28,Telegram Analytics and Campaign Performance,telegram-analytics,31,2731,A Sustainable Best Posting Times Strategy for Teams With Limited Resources,Strategy,best posting times
28,Telegram Analytics and Campaign Performance,telegram-analytics,32,2732,How to Prioritise Content Performance When Everything Feels Urgent,Strategy,content performance
28,Telegram Analytics and Campaign Performance,telegram-analytics,33,2733,The Strategic Case for Investing in Conversion Attribution This Year,Strategy,conversion attribution
28,Telegram Analytics and Campaign Performance,telegram-analytics,34,2734,Benchmark Data Best Practices That Hold Up Under Scrutiny,Best practices,benchmark data
28,Telegram Analytics and Campaign Performance,telegram-analytics,35,2735,Proven Cohort Retention Principles for Consistent Results,Best practices,cohort retention
28,Telegram Analytics and Campaign Performance,telegram-analytics,36,2736,What Disciplined Spend Efficiency Looks Like in Practice,Best practices,spend efficiency
28,Telegram Analytics and Campaign Performance,telegram-analytics,37,2737,The View Counts Standards High-Performing Teams Enforce,Best practices,view counts
28,Telegram Analytics and Campaign Performance,telegram-analytics,38,2738,Common View Rate Mistakes That Quietly Cost You Revenue,Mistakes to avoid,view rate
28,Telegram Analytics and Campaign Performance,telegram-analytics,39,2739,Seven Forward Rate Errors Almost Every Team Makes Early On,Mistakes to avoid,forward rate
28,Telegram Analytics and Campaign Performance,telegram-analytics,40,2740,"Why Most Subscriber Growth Rate Efforts Stall, and How to Avoid It",Mistakes to avoid,subscriber growth rate
28,Telegram Analytics and Campaign Performance,telegram-analytics,41,2741,Churn Rate Anti-Patterns Worth Unlearning,Mistakes to avoid,churn rate
28,Telegram Analytics and Campaign Performance,telegram-analytics,42,2742,Link Click Tracking Not Working? A Diagnostic Guide,Problem/solution,link click tracking
28,Telegram Analytics and Campaign Performance,telegram-analytics,43,2743,"Troubleshooting UTM Tagging: Symptoms, Causes and Fixes",Problem/solution,UTM tagging
28,Telegram Analytics and Campaign Performance,telegram-analytics,44,2744,What to Do When Bot Interaction Analytics Suddenly Drops,Problem/solution,bot interaction analytics
28,Telegram Analytics and Campaign Performance,telegram-analytics,45,2745,Fixing Broken Command Usage: A Systematic Approach,Problem/solution,command usage
28,Telegram Analytics and Campaign Performance,telegram-analytics,46,2746,"Campaign Reporting: Frequently Asked Questions, Answered Directly",FAQ,campaign reporting
28,Telegram Analytics and Campaign Performance,telegram-analytics,47,2747,Is Post Reach Worth the Investment? An Honest Assessment,FAQ,post reach
28,Telegram Analytics and Campaign Performance,telegram-analytics,48,2748,How Long Does Engagement Rate Take to Show Results?,FAQ,engagement rate
28,Telegram Analytics and Campaign Performance,telegram-analytics,49,2749,Do You Actually Need Best Posting Times? A Decision Guide,FAQ,best posting times
28,Telegram Analytics and Campaign Performance,telegram-analytics,50,2750,Content Performance vs Campaign Reporting: Which Deserves Your Budget?,Comparison,content performance
28,Telegram Analytics and Campaign Performance,telegram-analytics,51,2751,"Comparing Conversion Attribution and Engagement Rate: Strengths, Limits and Overlap",Comparison,conversion attribution
28,Telegram Analytics and Campaign Performance,telegram-analytics,52,2752,Benchmark Data or Content Performance? A Decision Framework for Marketing Teams,Comparison,benchmark data
28,Telegram Analytics and Campaign Performance,telegram-analytics,53,2753,When to Choose Cohort Retention Over Benchmark Data,Comparison,cohort retention
28,Telegram Analytics and Campaign Performance,telegram-analytics,54,2754,Alternatives to Spend Efficiency: When It Is the Wrong Tool for the Job,Alternatives,spend efficiency
28,Telegram Analytics and Campaign Performance,telegram-analytics,55,2755,What to Use Instead of View Counts for Constrained Teams,Alternatives,view counts
28,Telegram Analytics and Campaign Performance,telegram-analytics,56,2756,Rethinking View Rate: Three Credible Alternatives,Alternatives,view rate
28,Telegram Analytics and Campaign Performance,telegram-analytics,57,2757,"The Best Tools for Forward Rate, Compared Honestly",Tools comparison,forward rate
28,Telegram Analytics and Campaign Performance,telegram-analytics,58,2758,"Combot for Subscriber Growth Rate: Capabilities, Gaps and Fit",Tools comparison,subscriber growth rate
28,Telegram Analytics and Campaign Performance,telegram-analytics,59,2759,Choosing Churn Rate Software: Evaluation Criteria That Matter,Tools comparison,churn rate
28,Telegram Analytics and Campaign Performance,telegram-analytics,60,2760,How Much Does Link Click Tracking Really Cost in 2026?,Pricing,link click tracking
28,Telegram Analytics and Campaign Performance,telegram-analytics,61,2761,UTM Tagging Pricing Explained: What Drives the Bill,Pricing,UTM tagging
28,Telegram Analytics and Campaign Performance,telegram-analytics,62,2762,Budgeting for Bot Interaction Analytics: Realistic Numbers by Company Size,Pricing,bot interaction analytics
28,Telegram Analytics and Campaign Performance,telegram-analytics,63,2763,Measuring the ROI of Command Usage Without Guesswork,ROI,command usage
28,Telegram Analytics and Campaign Performance,telegram-analytics,64,2764,Does Campaign Reporting Pay for Itself? A Calculation Method,ROI,campaign reporting
28,Telegram Analytics and Campaign Performance,telegram-analytics,65,2765,Proving the Business Value of Post Reach to Finance,ROI,post reach
28,Telegram Analytics and Campaign Performance,telegram-analytics,66,2766,Engagement Rate Statistics That Should Shape Your 2026 Plan,Statistics,engagement rate
28,Telegram Analytics and Campaign Performance,telegram-analytics,67,2767,What the Data Says About Best Posting Times Performance,Statistics,best posting times
28,Telegram Analytics and Campaign Performance,telegram-analytics,68,2768,"Content Performance by the Numbers: Adoption, Cost and Outcomes",Statistics,content performance
28,Telegram Analytics and Campaign Performance,telegram-analytics,69,2769,Conversion Attribution Trends Reshaping Marketing in 2026,Trends,conversion attribution
28,Telegram Analytics and Campaign Performance,telegram-analytics,70,2770,"What Changed in Benchmark Data This Year, and Why It Matters",Trends,benchmark data
28,Telegram Analytics and Campaign Performance,telegram-analytics,71,2771,Emerging Shifts in Cohort Retention Worth Watching,Trends,cohort retention
28,Telegram Analytics and Campaign Performance,telegram-analytics,72,2772,Where Spend Efficiency Is Heading Next: A Considered Forecast,Predictions,spend efficiency
28,Telegram Analytics and Campaign Performance,telegram-analytics,73,2773,"View Counts in Three Years: Reasonable Predictions, Not Hype",Predictions,view counts
28,Telegram Analytics and Campaign Performance,telegram-analytics,74,2774,Preparing View Rate for the Post-Search Era,Predictions,view rate
28,Telegram Analytics and Campaign Performance,telegram-analytics,75,2775,What Is a Good Forward Rate Benchmark? Numbers by Industry,Benchmarks,forward rate
28,Telegram Analytics and Campaign Performance,telegram-analytics,76,2776,Subscriber Growth Rate Benchmarks: How to Tell Good From Average,Benchmarks,subscriber growth rate
28,Telegram Analytics and Campaign Performance,telegram-analytics,77,2777,Setting Realistic Churn Rate Targets Your Team Can Hit,Benchmarks,churn rate
28,Telegram Analytics and Campaign Performance,telegram-analytics,78,2778,Link Click Tracking for Professional Services Companies: What Is Different,Industry-specific,link click tracking
28,Telegram Analytics and Campaign Performance,telegram-analytics,79,2779,Applying UTM Tagging in Logistics: Constraints and Opportunities,Industry-specific,UTM tagging
28,Telegram Analytics and Campaign Performance,telegram-analytics,80,2780,Retail Bot Interaction Analytics: A Sector-Specific Playbook,Industry-specific,bot interaction analytics
28,Telegram Analytics and Campaign Performance,telegram-analytics,81,2781,Why Standard Command Usage Advice Fails in SaaS,Industry-specific,command usage
28,Telegram Analytics and Campaign Performance,telegram-analytics,82,2782,Campaign Reporting for Solo Founders on a Tight Budget,Small business,campaign reporting
28,Telegram Analytics and Campaign Performance,telegram-analytics,83,2783,Practical Post Reach When You Are the Entire Marketing Team,Small business,post reach
28,Telegram Analytics and Campaign Performance,telegram-analytics,84,2784,"Engagement Rate for Startups: Start Here, Skip the Rest",Small business,engagement rate
28,Telegram Analytics and Campaign Performance,telegram-analytics,85,2785,"Best Posting Times for Multi-Brand Groups: Governance, Scale and Sign-Off",Enterprise,best posting times
28,Telegram Analytics and Campaign Performance,telegram-analytics,86,2786,Rolling Out Content Performance Across Global Teams Without Chaos,Enterprise,content performance
28,Telegram Analytics and Campaign Performance,telegram-analytics,87,2787,Enterprise Conversion Attribution: Coordination Costs and How to Contain Them,Enterprise,conversion attribution
28,Telegram Analytics and Campaign Performance,telegram-analytics,88,2788,Benchmark Data for Local Businesses in Nepal,Local business,benchmark data
28,Telegram Analytics and Campaign Performance,telegram-analytics,89,2789,"Adapting Cohort Retention for Kathmandu: Language, Payments and Behaviour",Local business,cohort retention
28,Telegram Analytics and Campaign Performance,telegram-analytics,90,2790,Local-First Spend Efficiency: Winning Customers Within Ten Kilometres,Local business,spend efficiency
28,Telegram Analytics and Campaign Performance,telegram-analytics,91,2791,View Counts for B2B Teams With Long Sales Cycles,B2B,view counts
28,Telegram Analytics and Campaign Performance,telegram-analytics,92,2792,How B2B Buying Committees Change Your View Rate Approach,B2B,view rate
28,Telegram Analytics and Campaign Performance,telegram-analytics,93,2793,"Forward Rate That Generates Pipeline, Not Just Traffic",B2B,forward rate
28,Telegram Analytics and Campaign Performance,telegram-analytics,94,2794,Subscriber Growth Rate for B2C Brands Competing on Attention,B2C,subscriber growth rate
28,Telegram Analytics and Campaign Performance,telegram-analytics,95,2795,High-Volume Churn Rate for Consumer Brands,B2C,churn rate
28,Telegram Analytics and Campaign Performance,telegram-analytics,96,2796,"Link Click Tracking That Drives Repeat Purchases, Not One-Off Sales",B2C,link click tracking
28,Telegram Analytics and Campaign Performance,telegram-analytics,97,2797,Using AI to Improve UTM Tagging Without Losing Quality Control,AI-powered,UTM tagging
28,Telegram Analytics and Campaign Performance,telegram-analytics,98,2798,AI-Assisted Bot Interaction Analytics: Where It Helps and Where It Hurts,AI-powered,bot interaction analytics
28,Telegram Analytics and Campaign Performance,telegram-analytics,99,2799,Can AI Agents Handle Command Usage End to End?,AI-powered,command usage
28,Telegram Analytics and Campaign Performance,telegram-analytics,100,2800,How AI Search Is Changing Campaign Reporting,AI-powered,campaign reporting
29,Facebook Messenger Marketing and Automation,messenger-marketing,1,2801,What Is 24-Hour Messaging Window? A Beginner's Guide for Messenger Marketing,Beginner guide,24-hour messaging window
29,Facebook Messenger Marketing and Automation,messenger-marketing,2,2802,Message Tags Explained: A Plain-English Introduction,Beginner guide,message tags
29,Facebook Messenger Marketing and Automation,messenger-marketing,3,2803,Getting Started With Recurring Notifications: What Beginners Need to Know First,Beginner guide,recurring notifications
29,Facebook Messenger Marketing and Automation,messenger-marketing,4,2804,Opt-In for Notifications for Complete Beginners: Core Concepts and First Steps,Beginner guide,opt-in for notifications
29,Facebook Messenger Marketing and Automation,messenger-marketing,5,2805,Advanced click-to-Messenger Ads: Techniques Experienced Teams Actually Use,Advanced guide,click-to-Messenger ads
29,Facebook Messenger Marketing and Automation,messenger-marketing,6,2806,Chatbot Flows at Scale: What Changes Once You Outgrow the Basics,Advanced guide,chatbot flows
29,Facebook Messenger Marketing and Automation,messenger-marketing,7,2807,Beyond the Basics: Sophisticated Persistent Menu Tactics That Still Work,Advanced guide,persistent menu
29,Facebook Messenger Marketing and Automation,messenger-marketing,8,2808,How to Improve Greeting and Welcome Screens Without Increasing Your Budget,How-to,greeting and welcome screens
29,Facebook Messenger Marketing and Automation,messenger-marketing,9,2809,How to Set Up Quick Replies Correctly the First Time,How-to,quick replies
29,Facebook Messenger Marketing and Automation,messenger-marketing,10,2810,How to Fix Handover Protocol When It Stops Delivering Results,How-to,handover protocol
29,Facebook Messenger Marketing and Automation,messenger-marketing,11,2811,How to Audit Your Live Agent Escalation in Under an Hour,How-to,live agent escalation
29,Facebook Messenger Marketing and Automation,messenger-marketing,12,2812,Step-by-Step: Building Your First Ice Breakers Workflow,Step-by-step tutorial,ice breakers
29,Facebook Messenger Marketing and Automation,messenger-marketing,13,2813,"A Practical Walkthrough of Sponsored Messages, From Setup to First Result",Step-by-step tutorial,sponsored messages
29,Facebook Messenger Marketing and Automation,messenger-marketing,14,2814,Configuring Messenger for Support in ManyChat: A Step-by-Step Tutorial,Step-by-step tutorial,Messenger for support
29,Facebook Messenger Marketing and Automation,messenger-marketing,15,2815,The Complete Guide to Lead Qualification Bots in 2026,Ultimate guide,lead qualification bots
29,Facebook Messenger Marketing and Automation,messenger-marketing,16,2816,The Definitive Abandoned Cart Recovery Handbook for Modern Marketing Teams,Ultimate guide,abandoned cart recovery
29,Facebook Messenger Marketing and Automation,messenger-marketing,17,2817,Everything You Need to Know About Order Updates,Ultimate guide,order updates
29,Facebook Messenger Marketing and Automation,messenger-marketing,18,2818,The Conversation Routing Checklist Every Team Should Run Before Launch,Checklist,conversation routing
29,Facebook Messenger Marketing and Automation,messenger-marketing,19,2819,A Pre-Launch NLP Intents Checklist You Can Finish in One Sitting,Checklist,NLP intents
29,Facebook Messenger Marketing and Automation,messenger-marketing,20,2820,Monthly Messenger Commerce Maintenance Checklist for Busy Marketers,Checklist,Messenger commerce
29,Facebook Messenger Marketing and Automation,messenger-marketing,21,2821,A Reusable 24-Hour Messaging Window Template You Can Adapt Today,Template,24-hour messaging window
29,Facebook Messenger Marketing and Automation,messenger-marketing,22,2822,"Free Message Tags Framework: Structure, Fields and Worked Example",Template,message tags
29,Facebook Messenger Marketing and Automation,messenger-marketing,23,2823,The Recurring Notifications Brief Template That Cuts Revision Cycles,Template,recurring notifications
29,Facebook Messenger Marketing and Automation,messenger-marketing,24,2824,12 Real Opt-In for Notifications Examples Worth Studying,Examples,opt-in for notifications
29,Facebook Messenger Marketing and Automation,messenger-marketing,25,2825,click-to-Messenger Ads Examples That Show What Good Actually Looks Like,Examples,click-to-Messenger ads
29,Facebook Messenger Marketing and Automation,messenger-marketing,26,2826,Annotated Chatbot Flows Examples: Why Each One Works,Examples,chatbot flows
29,Facebook Messenger Marketing and Automation,messenger-marketing,27,2827,Case Study: How One Travel Brand Rebuilt Its Persistent Menu,Case study,persistent menu
29,Facebook Messenger Marketing and Automation,messenger-marketing,28,2828,Inside a Greeting and Welcome Screens Turnaround: What Changed and What It Cost,Case study,greeting and welcome screens
29,Facebook Messenger Marketing and Automation,messenger-marketing,29,2829,"A 90-Day Quick Replies Experiment: Method, Results and Lessons",Case study,quick replies
29,Facebook Messenger Marketing and Automation,messenger-marketing,30,2830,Building a Handover Protocol Strategy That Survives Algorithm Changes,Strategy,handover protocol
29,Facebook Messenger Marketing and Automation,messenger-marketing,31,2831,A Sustainable Live Agent Escalation Strategy for Teams With Limited Resources,Strategy,live agent escalation
29,Facebook Messenger Marketing and Automation,messenger-marketing,32,2832,How to Prioritise Ice Breakers When Everything Feels Urgent,Strategy,ice breakers
29,Facebook Messenger Marketing and Automation,messenger-marketing,33,2833,The Strategic Case for Investing in Sponsored Messages This Year,Strategy,sponsored messages
29,Facebook Messenger Marketing and Automation,messenger-marketing,34,2834,Messenger for Support Best Practices That Hold Up Under Scrutiny,Best practices,Messenger for support
29,Facebook Messenger Marketing and Automation,messenger-marketing,35,2835,Proven Lead Qualification Bots Principles for Consistent Results,Best practices,lead qualification bots
29,Facebook Messenger Marketing and Automation,messenger-marketing,36,2836,What Disciplined Abandoned Cart Recovery Looks Like in Practice,Best practices,abandoned cart recovery
29,Facebook Messenger Marketing and Automation,messenger-marketing,37,2837,The Order Updates Standards High-Performing Teams Enforce,Best practices,order updates
29,Facebook Messenger Marketing and Automation,messenger-marketing,38,2838,Common Conversation Routing Mistakes That Quietly Cost You Revenue,Mistakes to avoid,conversation routing
29,Facebook Messenger Marketing and Automation,messenger-marketing,39,2839,Seven NLP Intents Errors Almost Every Team Makes Early On,Mistakes to avoid,NLP intents
29,Facebook Messenger Marketing and Automation,messenger-marketing,40,2840,"Why Most Messenger Commerce Efforts Stall, and How to Avoid It",Mistakes to avoid,Messenger commerce
29,Facebook Messenger Marketing and Automation,messenger-marketing,41,2841,24-Hour Messaging Window Anti-Patterns Worth Unlearning,Mistakes to avoid,24-hour messaging window
29,Facebook Messenger Marketing and Automation,messenger-marketing,42,2842,Message Tags Not Working? A Diagnostic Guide,Problem/solution,message tags
29,Facebook Messenger Marketing and Automation,messenger-marketing,43,2843,"Troubleshooting Recurring Notifications: Symptoms, Causes and Fixes",Problem/solution,recurring notifications
29,Facebook Messenger Marketing and Automation,messenger-marketing,44,2844,What to Do When Opt-In for Notifications Suddenly Drops,Problem/solution,opt-in for notifications
29,Facebook Messenger Marketing and Automation,messenger-marketing,45,2845,Fixing Broken click-to-Messenger Ads: A Systematic Approach,Problem/solution,click-to-Messenger ads
29,Facebook Messenger Marketing and Automation,messenger-marketing,46,2846,"Chatbot Flows: Frequently Asked Questions, Answered Directly",FAQ,chatbot flows
29,Facebook Messenger Marketing and Automation,messenger-marketing,47,2847,Is Persistent Menu Worth the Investment? An Honest Assessment,FAQ,persistent menu
29,Facebook Messenger Marketing and Automation,messenger-marketing,48,2848,How Long Does Greeting and Welcome Screens Take to Show Results?,FAQ,greeting and welcome screens
29,Facebook Messenger Marketing and Automation,messenger-marketing,49,2849,Do You Actually Need Quick Replies? A Decision Guide,FAQ,quick replies
29,Facebook Messenger Marketing and Automation,messenger-marketing,50,2850,Handover Protocol vs Messenger Commerce: Which Deserves Your Budget?,Comparison,handover protocol
29,Facebook Messenger Marketing and Automation,messenger-marketing,51,2851,"Comparing Live Agent Escalation and Message Tags: Strengths, Limits and Overlap",Comparison,live agent escalation
29,Facebook Messenger Marketing and Automation,messenger-marketing,52,2852,Ice Breakers or Opt-In for Notifications? A Decision Framework for Marketing Teams,Comparison,ice breakers
29,Facebook Messenger Marketing and Automation,messenger-marketing,53,2853,When to Choose Sponsored Messages Over Chatbot Flows,Comparison,sponsored messages
29,Facebook Messenger Marketing and Automation,messenger-marketing,54,2854,Alternatives to Messenger for Support: When It Is the Wrong Tool for the Job,Alternatives,Messenger for support
29,Facebook Messenger Marketing and Automation,messenger-marketing,55,2855,What to Use Instead of Lead Qualification Bots for Constrained Teams,Alternatives,lead qualification bots
29,Facebook Messenger Marketing and Automation,messenger-marketing,56,2856,Rethinking Abandoned Cart Recovery: Three Credible Alternatives,Alternatives,abandoned cart recovery
29,Facebook Messenger Marketing and Automation,messenger-marketing,57,2857,"The Best Tools for Order Updates, Compared Honestly",Tools comparison,order updates
29,Facebook Messenger Marketing and Automation,messenger-marketing,58,2858,"ManyChat for Conversation Routing: Capabilities, Gaps and Fit",Tools comparison,conversation routing
29,Facebook Messenger Marketing and Automation,messenger-marketing,59,2859,Choosing NLP Intents Software: Evaluation Criteria That Matter,Tools comparison,NLP intents
29,Facebook Messenger Marketing and Automation,messenger-marketing,60,2860,How Much Does Messenger Commerce Really Cost in 2026?,Pricing,Messenger commerce
29,Facebook Messenger Marketing and Automation,messenger-marketing,61,2861,24-Hour Messaging Window Pricing Explained: What Drives the Bill,Pricing,24-hour messaging window
29,Facebook Messenger Marketing and Automation,messenger-marketing,62,2862,Budgeting for Message Tags: Realistic Numbers by Company Size,Pricing,message tags
29,Facebook Messenger Marketing and Automation,messenger-marketing,63,2863,Measuring the ROI of Recurring Notifications Without Guesswork,ROI,recurring notifications
29,Facebook Messenger Marketing and Automation,messenger-marketing,64,2864,Does Opt-In for Notifications Pay for Itself? A Calculation Method,ROI,opt-in for notifications
29,Facebook Messenger Marketing and Automation,messenger-marketing,65,2865,Proving the Business Value of click-to-Messenger Ads to Finance,ROI,click-to-Messenger ads
29,Facebook Messenger Marketing and Automation,messenger-marketing,66,2866,Chatbot Flows Statistics That Should Shape Your 2026 Plan,Statistics,chatbot flows
29,Facebook Messenger Marketing and Automation,messenger-marketing,67,2867,What the Data Says About Persistent Menu Performance,Statistics,persistent menu
29,Facebook Messenger Marketing and Automation,messenger-marketing,68,2868,"Greeting and Welcome Screens by the Numbers: Adoption, Cost and Outcomes",Statistics,greeting and welcome screens
29,Facebook Messenger Marketing and Automation,messenger-marketing,69,2869,Quick Replies Trends Reshaping Marketing in 2026,Trends,quick replies
29,Facebook Messenger Marketing and Automation,messenger-marketing,70,2870,"What Changed in Handover Protocol This Year, and Why It Matters",Trends,handover protocol
29,Facebook Messenger Marketing and Automation,messenger-marketing,71,2871,Emerging Shifts in Live Agent Escalation Worth Watching,Trends,live agent escalation
29,Facebook Messenger Marketing and Automation,messenger-marketing,72,2872,Where Ice Breakers Is Heading Next: A Considered Forecast,Predictions,ice breakers
29,Facebook Messenger Marketing and Automation,messenger-marketing,73,2873,"Sponsored Messages in Three Years: Reasonable Predictions, Not Hype",Predictions,sponsored messages
29,Facebook Messenger Marketing and Automation,messenger-marketing,74,2874,Preparing Messenger for Support for the Post-Search Era,Predictions,Messenger for support
29,Facebook Messenger Marketing and Automation,messenger-marketing,75,2875,What Is a Good Lead Qualification Bots Benchmark? Numbers by Industry,Benchmarks,lead qualification bots
29,Facebook Messenger Marketing and Automation,messenger-marketing,76,2876,Abandoned Cart Recovery Benchmarks: How to Tell Good From Average,Benchmarks,abandoned cart recovery
29,Facebook Messenger Marketing and Automation,messenger-marketing,77,2877,Setting Realistic Order Updates Targets Your Team Can Hit,Benchmarks,order updates
29,Facebook Messenger Marketing and Automation,messenger-marketing,78,2878,Conversation Routing for Logistics Companies: What Is Different,Industry-specific,conversation routing
29,Facebook Messenger Marketing and Automation,messenger-marketing,79,2879,Applying NLP Intents in Retail: Constraints and Opportunities,Industry-specific,NLP intents
29,Facebook Messenger Marketing and Automation,messenger-marketing,80,2880,SaaS Messenger Commerce: A Sector-Specific Playbook,Industry-specific,Messenger commerce
29,Facebook Messenger Marketing and Automation,messenger-marketing,81,2881,Why Standard 24-Hour Messaging Window Advice Fails in E-Commerce,Industry-specific,24-hour messaging window
29,Facebook Messenger Marketing and Automation,messenger-marketing,82,2882,Message Tags for Local Shops on a Tight Budget,Small business,message tags
29,Facebook Messenger Marketing and Automation,messenger-marketing,83,2883,Practical Recurring Notifications When You Are the Entire Marketing Team,Small business,recurring notifications
29,Facebook Messenger Marketing and Automation,messenger-marketing,84,2884,"Opt-In for Notifications for Freelancers: Start Here, Skip the Rest",Small business,opt-in for notifications
29,Facebook Messenger Marketing and Automation,messenger-marketing,85,2885,"click-to-Messenger Ads for Global Teams: Governance, Scale and Sign-Off",Enterprise,click-to-Messenger ads
29,Facebook Messenger Marketing and Automation,messenger-marketing,86,2886,Rolling Out Chatbot Flows Across Regulated Industries Without Chaos,Enterprise,chatbot flows
29,Facebook Messenger Marketing and Automation,messenger-marketing,87,2887,Enterprise Persistent Menu: Coordination Costs and How to Contain Them,Enterprise,persistent menu
29,Facebook Messenger Marketing and Automation,messenger-marketing,88,2888,Greeting and Welcome Screens for Local Businesses in Kathmandu,Local business,greeting and welcome screens
29,Facebook Messenger Marketing and Automation,messenger-marketing,89,2889,"Adapting Quick Replies for South Asia: Language, Payments and Behaviour",Local business,quick replies
29,Facebook Messenger Marketing and Automation,messenger-marketing,90,2890,Local-First Handover Protocol: Winning Customers Within Ten Kilometres,Local business,handover protocol
29,Facebook Messenger Marketing and Automation,messenger-marketing,91,2891,Live Agent Escalation for B2B Teams With Long Sales Cycles,B2B,live agent escalation
29,Facebook Messenger Marketing and Automation,messenger-marketing,92,2892,How B2B Buying Committees Change Your Ice Breakers Approach,B2B,ice breakers
29,Facebook Messenger Marketing and Automation,messenger-marketing,93,2893,"Sponsored Messages That Generates Pipeline, Not Just Traffic",B2B,sponsored messages
29,Facebook Messenger Marketing and Automation,messenger-marketing,94,2894,Messenger for Support for B2C Brands Competing on Attention,B2C,Messenger for support
29,Facebook Messenger Marketing and Automation,messenger-marketing,95,2895,High-Volume Lead Qualification Bots for Consumer Brands,B2C,lead qualification bots
29,Facebook Messenger Marketing and Automation,messenger-marketing,96,2896,"Abandoned Cart Recovery That Drives Repeat Purchases, Not One-Off Sales",B2C,abandoned cart recovery
29,Facebook Messenger Marketing and Automation,messenger-marketing,97,2897,Using AI to Improve Order Updates Without Losing Quality Control,AI-powered,order updates
29,Facebook Messenger Marketing and Automation,messenger-marketing,98,2898,AI-Assisted Conversation Routing: Where It Helps and Where It Hurts,AI-powered,conversation routing
29,Facebook Messenger Marketing and Automation,messenger-marketing,99,2899,Can AI Agents Handle NLP Intents End to End?,AI-powered,NLP intents
29,Facebook Messenger Marketing and Automation,messenger-marketing,100,2900,How AI Search Is Changing Messenger Commerce,AI-powered,Messenger commerce
30,"Messenger Contacts, Segments and Subscriber Growth",messenger-contacts-groups,1,2901,What Is M.me Links? A Beginner's Guide for Messenger Subscribers,Beginner guide,m.me links
30,"Messenger Contacts, Segments and Subscriber Growth",messenger-contacts-groups,2,2902,Ref Parameters Explained: A Plain-English Introduction,Beginner guide,ref parameters
30,"Messenger Contacts, Segments and Subscriber Growth",messenger-contacts-groups,3,2903,Getting Started With Checkbox Plugin: What Beginners Need to Know First,Beginner guide,checkbox plugin
30,"Messenger Contacts, Segments and Subscriber Growth",messenger-contacts-groups,4,2904,Chat Plugin on Website for Complete Beginners: Core Concepts and First Steps,Beginner guide,chat plugin on website
30,"Messenger Contacts, Segments and Subscriber Growth",messenger-contacts-groups,5,2905,Advanced QR Codes: Techniques Experienced Teams Actually Use,Advanced guide,QR codes
30,"Messenger Contacts, Segments and Subscriber Growth",messenger-contacts-groups,6,2906,comment-to-Messenger Growth at Scale: What Changes Once You Outgrow the Basics,Advanced guide,comment-to-Messenger growth
30,"Messenger Contacts, Segments and Subscriber Growth",messenger-contacts-groups,7,2907,Beyond the Basics: Sophisticated Scan-To-Message Tactics That Still Work,Advanced guide,scan-to-message
30,"Messenger Contacts, Segments and Subscriber Growth",messenger-contacts-groups,8,2908,How to Improve Subscriber Tagging Without Increasing Your Budget,How-to,subscriber tagging
30,"Messenger Contacts, Segments and Subscriber Growth",messenger-contacts-groups,9,2909,How to Set Up Custom Attributes Correctly the First Time,How-to,custom attributes
30,"Messenger Contacts, Segments and Subscriber Growth",messenger-contacts-groups,10,2910,How to Fix Audience Segmentation When It Stops Delivering Results,How-to,audience segmentation
30,"Messenger Contacts, Segments and Subscriber Growth",messenger-contacts-groups,11,2911,How to Audit Your Engagement-Based Segments in Under an Hour,How-to,engagement-based segments
30,"Messenger Contacts, Segments and Subscriber Growth",messenger-contacts-groups,12,2912,Step-by-Step: Building Your First Opt-Out Handling Workflow,Step-by-step tutorial,opt-out handling
30,"Messenger Contacts, Segments and Subscriber Growth",messenger-contacts-groups,13,2913,"A Practical Walkthrough of Subscriber Cleanup, From Setup to First Result",Step-by-step tutorial,subscriber cleanup
30,"Messenger Contacts, Segments and Subscriber Growth",messenger-contacts-groups,14,2914,Configuring Re-Engagement Campaigns in Meta Business Suite: A Step-by-Step Tutorial,Step-by-step tutorial,re-engagement campaigns
30,"Messenger Contacts, Segments and Subscriber Growth",messenger-contacts-groups,15,2915,The Complete Guide to List Growth Rate in 2026,Ultimate guide,list growth rate
30,"Messenger Contacts, Segments and Subscriber Growth",messenger-contacts-groups,16,2916,The Definitive Entry Point Attribution Handbook for Modern Marketing Teams,Ultimate guide,entry point attribution
30,"Messenger Contacts, Segments and Subscriber Growth",messenger-contacts-groups,17,2917,Everything You Need to Know About Lead Capture in Chat,Ultimate guide,lead capture in chat
30,"Messenger Contacts, Segments and Subscriber Growth",messenger-contacts-groups,18,2918,The Consent Tracking Checklist Every Team Should Run Before Launch,Checklist,consent tracking
30,"Messenger Contacts, Segments and Subscriber Growth",messenger-contacts-groups,19,2919,A Pre-Launch M.me Links Checklist You Can Finish in One Sitting,Checklist,m.me links
30,"Messenger Contacts, Segments and Subscriber Growth",messenger-contacts-groups,20,2920,Monthly Ref Parameters Maintenance Checklist for Busy Marketers,Checklist,ref parameters
30,"Messenger Contacts, Segments and Subscriber Growth",messenger-contacts-groups,21,2921,A Reusable Checkbox Plugin Template You Can Adapt Today,Template,checkbox plugin
30,"Messenger Contacts, Segments and Subscriber Growth",messenger-contacts-groups,22,2922,"Free Chat Plugin on Website Framework: Structure, Fields and Worked Example",Template,chat plugin on website
30,"Messenger Contacts, Segments and Subscriber Growth",messenger-contacts-groups,23,2923,The QR Codes Brief Template That Cuts Revision Cycles,Template,QR codes
30,"Messenger Contacts, Segments and Subscriber Growth",messenger-contacts-groups,24,2924,12 Real comment-to-Messenger Growth Examples Worth Studying,Examples,comment-to-Messenger growth
30,"Messenger Contacts, Segments and Subscriber Growth",messenger-contacts-groups,25,2925,Scan-To-Message Examples That Show What Good Actually Looks Like,Examples,scan-to-message
30,"Messenger Contacts, Segments and Subscriber Growth",messenger-contacts-groups,26,2926,Annotated Subscriber Tagging Examples: Why Each One Works,Examples,subscriber tagging
30,"Messenger Contacts, Segments and Subscriber Growth",messenger-contacts-groups,27,2927,Case Study: How One Fitness Brand Rebuilt Its Custom Attributes,Case study,custom attributes
30,"Messenger Contacts, Segments and Subscriber Growth",messenger-contacts-groups,28,2928,Inside a Audience Segmentation Turnaround: What Changed and What It Cost,Case study,audience segmentation
30,"Messenger Contacts, Segments and Subscriber Growth",messenger-contacts-groups,29,2929,"A 90-Day Engagement-Based Segments Experiment: Method, Results and Lessons",Case study,engagement-based segments
30,"Messenger Contacts, Segments and Subscriber Growth",messenger-contacts-groups,30,2930,Building a Opt-Out Handling Strategy That Survives Algorithm Changes,Strategy,opt-out handling
30,"Messenger Contacts, Segments and Subscriber Growth",messenger-contacts-groups,31,2931,A Sustainable Subscriber Cleanup Strategy for Teams With Limited Resources,Strategy,subscriber cleanup
30,"Messenger Contacts, Segments and Subscriber Growth",messenger-contacts-groups,32,2932,How to Prioritise Re-Engagement Campaigns When Everything Feels Urgent,Strategy,re-engagement campaigns
30,"Messenger Contacts, Segments and Subscriber Growth",messenger-contacts-groups,33,2933,The Strategic Case for Investing in List Growth Rate This Year,Strategy,list growth rate
30,"Messenger Contacts, Segments and Subscriber Growth",messenger-contacts-groups,34,2934,Entry Point Attribution Best Practices That Hold Up Under Scrutiny,Best practices,entry point attribution
30,"Messenger Contacts, Segments and Subscriber Growth",messenger-contacts-groups,35,2935,Proven Lead Capture in Chat Principles for Consistent Results,Best practices,lead capture in chat
30,"Messenger Contacts, Segments and Subscriber Growth",messenger-contacts-groups,36,2936,What Disciplined Consent Tracking Looks Like in Practice,Best practices,consent tracking
30,"Messenger Contacts, Segments and Subscriber Growth",messenger-contacts-groups,37,2937,The M.me Links Standards High-Performing Teams Enforce,Best practices,m.me links
30,"Messenger Contacts, Segments and Subscriber Growth",messenger-contacts-groups,38,2938,Common Ref Parameters Mistakes That Quietly Cost You Revenue,Mistakes to avoid,ref parameters
30,"Messenger Contacts, Segments and Subscriber Growth",messenger-contacts-groups,39,2939,Seven Checkbox Plugin Errors Almost Every Team Makes Early On,Mistakes to avoid,checkbox plugin
30,"Messenger Contacts, Segments and Subscriber Growth",messenger-contacts-groups,40,2940,"Why Most Chat Plugin on Website Efforts Stall, and How to Avoid It",Mistakes to avoid,chat plugin on website
30,"Messenger Contacts, Segments and Subscriber Growth",messenger-contacts-groups,41,2941,QR Codes Anti-Patterns Worth Unlearning,Mistakes to avoid,QR codes
30,"Messenger Contacts, Segments and Subscriber Growth",messenger-contacts-groups,42,2942,comment-to-Messenger Growth Not Working? A Diagnostic Guide,Problem/solution,comment-to-Messenger growth
30,"Messenger Contacts, Segments and Subscriber Growth",messenger-contacts-groups,43,2943,"Troubleshooting Scan-To-Message: Symptoms, Causes and Fixes",Problem/solution,scan-to-message
30,"Messenger Contacts, Segments and Subscriber Growth",messenger-contacts-groups,44,2944,What to Do When Subscriber Tagging Suddenly Drops,Problem/solution,subscriber tagging
30,"Messenger Contacts, Segments and Subscriber Growth",messenger-contacts-groups,45,2945,Fixing Broken Custom Attributes: A Systematic Approach,Problem/solution,custom attributes
30,"Messenger Contacts, Segments and Subscriber Growth",messenger-contacts-groups,46,2946,"Audience Segmentation: Frequently Asked Questions, Answered Directly",FAQ,audience segmentation
30,"Messenger Contacts, Segments and Subscriber Growth",messenger-contacts-groups,47,2947,Is Engagement-Based Segments Worth the Investment? An Honest Assessment,FAQ,engagement-based segments
30,"Messenger Contacts, Segments and Subscriber Growth",messenger-contacts-groups,48,2948,How Long Does Opt-Out Handling Take to Show Results?,FAQ,opt-out handling
30,"Messenger Contacts, Segments and Subscriber Growth",messenger-contacts-groups,49,2949,Do You Actually Need Subscriber Cleanup? A Decision Guide,FAQ,subscriber cleanup
30,"Messenger Contacts, Segments and Subscriber Growth",messenger-contacts-groups,50,2950,Re-Engagement Campaigns vs Audience Segmentation: Which Deserves Your Budget?,Comparison,re-engagement campaigns
30,"Messenger Contacts, Segments and Subscriber Growth",messenger-contacts-groups,51,2951,"Comparing List Growth Rate and Opt-Out Handling: Strengths, Limits and Overlap",Comparison,list growth rate
30,"Messenger Contacts, Segments and Subscriber Growth",messenger-contacts-groups,52,2952,Entry Point Attribution or Re-Engagement Campaigns? A Decision Framework for Marketing Teams,Comparison,entry point attribution
30,"Messenger Contacts, Segments and Subscriber Growth",messenger-contacts-groups,53,2953,When to Choose Lead Capture in Chat Over Entry Point Attribution,Comparison,lead capture in chat
30,"Messenger Contacts, Segments and Subscriber Growth",messenger-contacts-groups,54,2954,Alternatives to Consent Tracking: When It Is the Wrong Tool for the Job,Alternatives,consent tracking
30,"Messenger Contacts, Segments and Subscriber Growth",messenger-contacts-groups,55,2955,What to Use Instead of M.me Links for Constrained Teams,Alternatives,m.me links
30,"Messenger Contacts, Segments and Subscriber Growth",messenger-contacts-groups,56,2956,Rethinking Ref Parameters: Three Credible Alternatives,Alternatives,ref parameters
30,"Messenger Contacts, Segments and Subscriber Growth",messenger-contacts-groups,57,2957,"The Best Tools for Checkbox Plugin, Compared Honestly",Tools comparison,checkbox plugin
30,"Messenger Contacts, Segments and Subscriber Growth",messenger-contacts-groups,58,2958,"ManyChat for Chat Plugin on Website: Capabilities, Gaps and Fit",Tools comparison,chat plugin on website
30,"Messenger Contacts, Segments and Subscriber Growth",messenger-contacts-groups,59,2959,Choosing QR Codes Software: Evaluation Criteria That Matter,Tools comparison,QR codes
30,"Messenger Contacts, Segments and Subscriber Growth",messenger-contacts-groups,60,2960,How Much Does comment-to-Messenger Growth Really Cost in 2026?,Pricing,comment-to-Messenger growth
30,"Messenger Contacts, Segments and Subscriber Growth",messenger-contacts-groups,61,2961,Scan-To-Message Pricing Explained: What Drives the Bill,Pricing,scan-to-message
30,"Messenger Contacts, Segments and Subscriber Growth",messenger-contacts-groups,62,2962,Budgeting for Subscriber Tagging: Realistic Numbers by Company Size,Pricing,subscriber tagging
30,"Messenger Contacts, Segments and Subscriber Growth",messenger-contacts-groups,63,2963,Measuring the ROI of Custom Attributes Without Guesswork,ROI,custom attributes
30,"Messenger Contacts, Segments and Subscriber Growth",messenger-contacts-groups,64,2964,Does Audience Segmentation Pay for Itself? A Calculation Method,ROI,audience segmentation
30,"Messenger Contacts, Segments and Subscriber Growth",messenger-contacts-groups,65,2965,Proving the Business Value of Engagement-Based Segments to Finance,ROI,engagement-based segments
30,"Messenger Contacts, Segments and Subscriber Growth",messenger-contacts-groups,66,2966,Opt-Out Handling Statistics That Should Shape Your 2026 Plan,Statistics,opt-out handling
30,"Messenger Contacts, Segments and Subscriber Growth",messenger-contacts-groups,67,2967,What the Data Says About Subscriber Cleanup Performance,Statistics,subscriber cleanup
30,"Messenger Contacts, Segments and Subscriber Growth",messenger-contacts-groups,68,2968,"Re-Engagement Campaigns by the Numbers: Adoption, Cost and Outcomes",Statistics,re-engagement campaigns
30,"Messenger Contacts, Segments and Subscriber Growth",messenger-contacts-groups,69,2969,List Growth Rate Trends Reshaping Marketing in 2026,Trends,list growth rate
30,"Messenger Contacts, Segments and Subscriber Growth",messenger-contacts-groups,70,2970,"What Changed in Entry Point Attribution This Year, and Why It Matters",Trends,entry point attribution
30,"Messenger Contacts, Segments and Subscriber Growth",messenger-contacts-groups,71,2971,Emerging Shifts in Lead Capture in Chat Worth Watching,Trends,lead capture in chat
30,"Messenger Contacts, Segments and Subscriber Growth",messenger-contacts-groups,72,2972,Where Consent Tracking Is Heading Next: A Considered Forecast,Predictions,consent tracking
30,"Messenger Contacts, Segments and Subscriber Growth",messenger-contacts-groups,73,2973,"M.me Links in Three Years: Reasonable Predictions, Not Hype",Predictions,m.me links
30,"Messenger Contacts, Segments and Subscriber Growth",messenger-contacts-groups,74,2974,Preparing Ref Parameters for the Post-Search Era,Predictions,ref parameters
30,"Messenger Contacts, Segments and Subscriber Growth",messenger-contacts-groups,75,2975,What Is a Good Checkbox Plugin Benchmark? Numbers by Industry,Benchmarks,checkbox plugin
30,"Messenger Contacts, Segments and Subscriber Growth",messenger-contacts-groups,76,2976,Chat Plugin on Website Benchmarks: How to Tell Good From Average,Benchmarks,chat plugin on website
30,"Messenger Contacts, Segments and Subscriber Growth",messenger-contacts-groups,77,2977,Setting Realistic QR Codes Targets Your Team Can Hit,Benchmarks,QR codes
30,"Messenger Contacts, Segments and Subscriber Growth",messenger-contacts-groups,78,2978,comment-to-Messenger Growth for Retail Companies: What Is Different,Industry-specific,comment-to-Messenger growth
30,"Messenger Contacts, Segments and Subscriber Growth",messenger-contacts-groups,79,2979,Applying Scan-To-Message in SaaS: Constraints and Opportunities,Industry-specific,scan-to-message
30,"Messenger Contacts, Segments and Subscriber Growth",messenger-contacts-groups,80,2980,E-Commerce Subscriber Tagging: A Sector-Specific Playbook,Industry-specific,subscriber tagging
30,"Messenger Contacts, Segments and Subscriber Growth",messenger-contacts-groups,81,2981,Why Standard Custom Attributes Advice Fails in Healthcare,Industry-specific,custom attributes
30,"Messenger Contacts, Segments and Subscriber Growth",messenger-contacts-groups,82,2982,Audience Segmentation for Startups on a Tight Budget,Small business,audience segmentation
30,"Messenger Contacts, Segments and Subscriber Growth",messenger-contacts-groups,83,2983,Practical Engagement-Based Segments When You Are the Entire Marketing Team,Small business,engagement-based segments
30,"Messenger Contacts, Segments and Subscriber Growth",messenger-contacts-groups,84,2984,"Opt-Out Handling for Family Businesses: Start Here, Skip the Rest",Small business,opt-out handling
30,"Messenger Contacts, Segments and Subscriber Growth",messenger-contacts-groups,85,2985,"Subscriber Cleanup for Regulated Industries: Governance, Scale and Sign-Off",Enterprise,subscriber cleanup
30,"Messenger Contacts, Segments and Subscriber Growth",messenger-contacts-groups,86,2986,Rolling Out Re-Engagement Campaigns Across Enterprise Teams Without Chaos,Enterprise,re-engagement campaigns
30,"Messenger Contacts, Segments and Subscriber Growth",messenger-contacts-groups,87,2987,Enterprise Entry Point Attribution: Coordination Costs and How to Contain Them,Enterprise,entry point attribution
30,"Messenger Contacts, Segments and Subscriber Growth",messenger-contacts-groups,88,2988,Lead Capture in Chat for Local Businesses in South Asia,Local business,lead capture in chat
30,"Messenger Contacts, Segments and Subscriber Growth",messenger-contacts-groups,89,2989,"Adapting Consent Tracking for Emerging Markets: Language, Payments and Behaviour",Local business,consent tracking
30,"Messenger Contacts, Segments and Subscriber Growth",messenger-contacts-groups,90,2990,Local-First M.me Links: Winning Customers Within Ten Kilometres,Local business,m.me links
30,"Messenger Contacts, Segments and Subscriber Growth",messenger-contacts-groups,91,2991,Ref Parameters for B2B Teams With Long Sales Cycles,B2B,ref parameters
30,"Messenger Contacts, Segments and Subscriber Growth",messenger-contacts-groups,92,2992,How B2B Buying Committees Change Your Checkbox Plugin Approach,B2B,checkbox plugin
30,"Messenger Contacts, Segments and Subscriber Growth",messenger-contacts-groups,93,2993,"Chat Plugin on Website That Generates Pipeline, Not Just Traffic",B2B,chat plugin on website
30,"Messenger Contacts, Segments and Subscriber Growth",messenger-contacts-groups,94,2994,QR Codes for B2C Brands Competing on Attention,B2C,QR codes
30,"Messenger Contacts, Segments and Subscriber Growth",messenger-contacts-groups,95,2995,High-Volume comment-to-Messenger Growth for Consumer Brands,B2C,comment-to-Messenger growth
30,"Messenger Contacts, Segments and Subscriber Growth",messenger-contacts-groups,96,2996,"Scan-To-Message That Drives Repeat Purchases, Not One-Off Sales",B2C,scan-to-message
30,"Messenger Contacts, Segments and Subscriber Growth",messenger-contacts-groups,97,2997,Using AI to Improve Subscriber Tagging Without Losing Quality Control,AI-powered,subscriber tagging
30,"Messenger Contacts, Segments and Subscriber Growth",messenger-contacts-groups,98,2998,AI-Assisted Custom Attributes: Where It Helps and Where It Hurts,AI-powered,custom attributes
30,"Messenger Contacts, Segments and Subscriber Growth",messenger-contacts-groups,99,2999,Can AI Agents Handle Audience Segmentation End to End?,AI-powered,audience segmentation
30,"Messenger Contacts, Segments and Subscriber Growth",messenger-contacts-groups,100,3000,How AI Search Is Changing Engagement-Based Segments,AI-powered,engagement-based segments
31,Messenger Analytics and Conversational ROI,messenger-analytics,1,3001,What Is Message Open Rate? A Beginner's Guide for Messenger Analytics,Beginner guide,message open rate
31,Messenger Analytics and Conversational ROI,messenger-analytics,2,3002,Flow Completion Rate Explained: A Plain-English Introduction,Beginner guide,flow completion rate
31,Messenger Analytics and Conversational ROI,messenger-analytics,3,3003,Getting Started With Drop-Off Analysis: What Beginners Need to Know First,Beginner guide,drop-off analysis
31,Messenger Analytics and Conversational ROI,messenger-analytics,4,3004,Bot Containment Rate for Complete Beginners: Core Concepts and First Steps,Beginner guide,bot containment rate
31,Messenger Analytics and Conversational ROI,messenger-analytics,5,3005,Advanced Escalation Rate: Techniques Experienced Teams Actually Use,Advanced guide,escalation rate
31,Messenger Analytics and Conversational ROI,messenger-analytics,6,3006,First Response Time at Scale: What Changes Once You Outgrow the Basics,Advanced guide,first response time
31,Messenger Analytics and Conversational ROI,messenger-analytics,7,3007,Beyond the Basics: Sophisticated Resolution Time Tactics That Still Work,Advanced guide,resolution time
31,Messenger Analytics and Conversational ROI,messenger-analytics,8,3008,How to Improve Conversation Volume Without Increasing Your Budget,How-to,conversation volume
31,Messenger Analytics and Conversational ROI,messenger-analytics,9,3009,How to Set Up Revenue per Conversation Correctly the First Time,How-to,revenue per conversation
31,Messenger Analytics and Conversational ROI,messenger-analytics,10,3010,How to Fix Attribution Modelling When It Stops Delivering Results,How-to,attribution modelling
31,Messenger Analytics and Conversational ROI,messenger-analytics,11,3011,How to Audit Your A/B Testing Flows in Under an Hour,How-to,A/B testing flows
31,Messenger Analytics and Conversational ROI,messenger-analytics,12,3012,Step-by-Step: Building Your First Funnel Visualisation Workflow,Step-by-step tutorial,funnel visualisation
31,Messenger Analytics and Conversational ROI,messenger-analytics,13,3013,"A Practical Walkthrough of CSAT in Chat, From Setup to First Result",Step-by-step tutorial,CSAT in chat
31,Messenger Analytics and Conversational ROI,messenger-analytics,14,3014,Configuring Deflection Savings in Meta Business Suite: A Step-by-Step Tutorial,Step-by-step tutorial,deflection savings
31,Messenger Analytics and Conversational ROI,messenger-analytics,15,3015,The Complete Guide to Benchmark Data in 2026,Ultimate guide,benchmark data
31,Messenger Analytics and Conversational ROI,messenger-analytics,16,3016,The Definitive Dashboard Design Handbook for Modern Marketing Teams,Ultimate guide,dashboard design
31,Messenger Analytics and Conversational ROI,messenger-analytics,17,3017,Everything You Need to Know About Message Open Rate,Ultimate guide,message open rate
31,Messenger Analytics and Conversational ROI,messenger-analytics,18,3018,The Click-Through Rate Checklist Every Team Should Run Before Launch,Checklist,click-through rate
31,Messenger Analytics and Conversational ROI,messenger-analytics,19,3019,A Pre-Launch Flow Completion Rate Checklist You Can Finish in One Sitting,Checklist,flow completion rate
31,Messenger Analytics and Conversational ROI,messenger-analytics,20,3020,Monthly Drop-Off Analysis Maintenance Checklist for Busy Marketers,Checklist,drop-off analysis
31,Messenger Analytics and Conversational ROI,messenger-analytics,21,3021,A Reusable Bot Containment Rate Template You Can Adapt Today,Template,bot containment rate
31,Messenger Analytics and Conversational ROI,messenger-analytics,22,3022,"Free Escalation Rate Framework: Structure, Fields and Worked Example",Template,escalation rate
31,Messenger Analytics and Conversational ROI,messenger-analytics,23,3023,The First Response Time Brief Template That Cuts Revision Cycles,Template,first response time
31,Messenger Analytics and Conversational ROI,messenger-analytics,24,3024,12 Real Resolution Time Examples Worth Studying,Examples,resolution time
31,Messenger Analytics and Conversational ROI,messenger-analytics,25,3025,Conversation Volume Examples That Show What Good Actually Looks Like,Examples,conversation volume
31,Messenger Analytics and Conversational ROI,messenger-analytics,26,3026,Annotated Revenue per Conversation Examples: Why Each One Works,Examples,revenue per conversation
31,Messenger Analytics and Conversational ROI,messenger-analytics,27,3027,Case Study: How One Professional Services Brand Rebuilt Its Attribution Modelling,Case study,attribution modelling
31,Messenger Analytics and Conversational ROI,messenger-analytics,28,3028,Inside a A/B Testing Flows Turnaround: What Changed and What It Cost,Case study,A/B testing flows
31,Messenger Analytics and Conversational ROI,messenger-analytics,29,3029,"A 90-Day Funnel Visualisation Experiment: Method, Results and Lessons",Case study,funnel visualisation
31,Messenger Analytics and Conversational ROI,messenger-analytics,30,3030,Building a Cohort Analysis Strategy That Survives Algorithm Changes,Strategy,cohort analysis
31,Messenger Analytics and Conversational ROI,messenger-analytics,31,3031,A Sustainable CSAT in Chat Strategy for Teams With Limited Resources,Strategy,CSAT in chat
31,Messenger Analytics and Conversational ROI,messenger-analytics,32,3032,How to Prioritise Deflection Savings When Everything Feels Urgent,Strategy,deflection savings
31,Messenger Analytics and Conversational ROI,messenger-analytics,33,3033,The Strategic Case for Investing in Benchmark Data This Year,Strategy,benchmark data
31,Messenger Analytics and Conversational ROI,messenger-analytics,34,3034,Dashboard Design Best Practices That Hold Up Under Scrutiny,Best practices,dashboard design
31,Messenger Analytics and Conversational ROI,messenger-analytics,35,3035,Proven Message Open Rate Principles for Consistent Results,Best practices,message open rate
31,Messenger Analytics and Conversational ROI,messenger-analytics,36,3036,What Disciplined Click-Through Rate Looks Like in Practice,Best practices,click-through rate
31,Messenger Analytics and Conversational ROI,messenger-analytics,37,3037,The Flow Completion Rate Standards High-Performing Teams Enforce,Best practices,flow completion rate
31,Messenger Analytics and Conversational ROI,messenger-analytics,38,3038,Common Drop-Off Analysis Mistakes That Quietly Cost You Revenue,Mistakes to avoid,drop-off analysis
31,Messenger Analytics and Conversational ROI,messenger-analytics,39,3039,Seven Bot Containment Rate Errors Almost Every Team Makes Early On,Mistakes to avoid,bot containment rate
31,Messenger Analytics and Conversational ROI,messenger-analytics,40,3040,"Why Most Escalation Rate Efforts Stall, and How to Avoid It",Mistakes to avoid,escalation rate
31,Messenger Analytics and Conversational ROI,messenger-analytics,41,3041,First Response Time Anti-Patterns Worth Unlearning,Mistakes to avoid,first response time
31,Messenger Analytics and Conversational ROI,messenger-analytics,42,3042,Resolution Time Not Working? A Diagnostic Guide,Problem/solution,resolution time
31,Messenger Analytics and Conversational ROI,messenger-analytics,43,3043,"Troubleshooting Conversation Volume: Symptoms, Causes and Fixes",Problem/solution,conversation volume
31,Messenger Analytics and Conversational ROI,messenger-analytics,44,3044,What to Do When Revenue per Conversation Suddenly Drops,Problem/solution,revenue per conversation
31,Messenger Analytics and Conversational ROI,messenger-analytics,45,3045,Fixing Broken Attribution Modelling: A Systematic Approach,Problem/solution,attribution modelling
31,Messenger Analytics and Conversational ROI,messenger-analytics,46,3046,"A/B Testing Flows: Frequently Asked Questions, Answered Directly",FAQ,A/B testing flows
31,Messenger Analytics and Conversational ROI,messenger-analytics,47,3047,Is Funnel Visualisation Worth the Investment? An Honest Assessment,FAQ,funnel visualisation
31,Messenger Analytics and Conversational ROI,messenger-analytics,48,3048,How Long Does Cohort Analysis Take to Show Results?,FAQ,cohort analysis
31,Messenger Analytics and Conversational ROI,messenger-analytics,49,3049,Do You Actually Need CSAT in Chat? A Decision Guide,FAQ,CSAT in chat
31,Messenger Analytics and Conversational ROI,messenger-analytics,50,3050,Deflection Savings vs A/B Testing Flows: Which Deserves Your Budget?,Comparison,deflection savings
31,Messenger Analytics and Conversational ROI,messenger-analytics,51,3051,"Comparing Benchmark Data and Cohort Analysis: Strengths, Limits and Overlap",Comparison,benchmark data
31,Messenger Analytics and Conversational ROI,messenger-analytics,52,3052,Dashboard Design or Deflection Savings? A Decision Framework for Marketing Teams,Comparison,dashboard design
31,Messenger Analytics and Conversational ROI,messenger-analytics,53,3053,When to Choose Message Open Rate Over Dashboard Design,Comparison,message open rate
31,Messenger Analytics and Conversational ROI,messenger-analytics,54,3054,Alternatives to Click-Through Rate: When It Is the Wrong Tool for the Job,Alternatives,click-through rate
31,Messenger Analytics and Conversational ROI,messenger-analytics,55,3055,What to Use Instead of Flow Completion Rate for Constrained Teams,Alternatives,flow completion rate
31,Messenger Analytics and Conversational ROI,messenger-analytics,56,3056,Rethinking Drop-Off Analysis: Three Credible Alternatives,Alternatives,drop-off analysis
31,Messenger Analytics and Conversational ROI,messenger-analytics,57,3057,"The Best Tools for Bot Containment Rate, Compared Honestly",Tools comparison,bot containment rate
31,Messenger Analytics and Conversational ROI,messenger-analytics,58,3058,"Meta Business Suite for Escalation Rate: Capabilities, Gaps and Fit",Tools comparison,escalation rate
31,Messenger Analytics and Conversational ROI,messenger-analytics,59,3059,Choosing First Response Time Software: Evaluation Criteria That Matter,Tools comparison,first response time
31,Messenger Analytics and Conversational ROI,messenger-analytics,60,3060,How Much Does Resolution Time Really Cost in 2026?,Pricing,resolution time
31,Messenger Analytics and Conversational ROI,messenger-analytics,61,3061,Conversation Volume Pricing Explained: What Drives the Bill,Pricing,conversation volume
31,Messenger Analytics and Conversational ROI,messenger-analytics,62,3062,Budgeting for Revenue per Conversation: Realistic Numbers by Company Size,Pricing,revenue per conversation
31,Messenger Analytics and Conversational ROI,messenger-analytics,63,3063,Measuring the ROI of Attribution Modelling Without Guesswork,ROI,attribution modelling
31,Messenger Analytics and Conversational ROI,messenger-analytics,64,3064,Does A/B Testing Flows Pay for Itself? A Calculation Method,ROI,A/B testing flows
31,Messenger Analytics and Conversational ROI,messenger-analytics,65,3065,Proving the Business Value of Funnel Visualisation to Finance,ROI,funnel visualisation
31,Messenger Analytics and Conversational ROI,messenger-analytics,66,3066,Cohort Analysis Statistics That Should Shape Your 2026 Plan,Statistics,cohort analysis
31,Messenger Analytics and Conversational ROI,messenger-analytics,67,3067,What the Data Says About CSAT in Chat Performance,Statistics,CSAT in chat
31,Messenger Analytics and Conversational ROI,messenger-analytics,68,3068,"Deflection Savings by the Numbers: Adoption, Cost and Outcomes",Statistics,deflection savings
31,Messenger Analytics and Conversational ROI,messenger-analytics,69,3069,Benchmark Data Trends Reshaping Marketing in 2026,Trends,benchmark data
31,Messenger Analytics and Conversational ROI,messenger-analytics,70,3070,"What Changed in Dashboard Design This Year, and Why It Matters",Trends,dashboard design
31,Messenger Analytics and Conversational ROI,messenger-analytics,71,3071,Emerging Shifts in Message Open Rate Worth Watching,Trends,message open rate
31,Messenger Analytics and Conversational ROI,messenger-analytics,72,3072,Where Click-Through Rate Is Heading Next: A Considered Forecast,Predictions,click-through rate
31,Messenger Analytics and Conversational ROI,messenger-analytics,73,3073,"Flow Completion Rate in Three Years: Reasonable Predictions, Not Hype",Predictions,flow completion rate
31,Messenger Analytics and Conversational ROI,messenger-analytics,74,3074,Preparing Drop-Off Analysis for the Post-Search Era,Predictions,drop-off analysis
31,Messenger Analytics and Conversational ROI,messenger-analytics,75,3075,What Is a Good Bot Containment Rate Benchmark? Numbers by Industry,Benchmarks,bot containment rate
31,Messenger Analytics and Conversational ROI,messenger-analytics,76,3076,Escalation Rate Benchmarks: How to Tell Good From Average,Benchmarks,escalation rate
31,Messenger Analytics and Conversational ROI,messenger-analytics,77,3077,Setting Realistic First Response Time Targets Your Team Can Hit,Benchmarks,first response time
31,Messenger Analytics and Conversational ROI,messenger-analytics,78,3078,Resolution Time for SaaS Companies: What Is Different,Industry-specific,resolution time
31,Messenger Analytics and Conversational ROI,messenger-analytics,79,3079,Applying Conversation Volume in E-Commerce: Constraints and Opportunities,Industry-specific,conversation volume
31,Messenger Analytics and Conversational ROI,messenger-analytics,80,3080,Healthcare Revenue per Conversation: A Sector-Specific Playbook,Industry-specific,revenue per conversation
31,Messenger Analytics and Conversational ROI,messenger-analytics,81,3081,Why Standard Attribution Modelling Advice Fails in Education,Industry-specific,attribution modelling
31,Messenger Analytics and Conversational ROI,messenger-analytics,82,3082,A/B Testing Flows for Freelancers on a Tight Budget,Small business,A/B testing flows
31,Messenger Analytics and Conversational ROI,messenger-analytics,83,3083,Practical Funnel Visualisation When You Are the Entire Marketing Team,Small business,funnel visualisation
31,Messenger Analytics and Conversational ROI,messenger-analytics,84,3084,"Cohort Analysis for Small Businesses: Start Here, Skip the Rest",Small business,cohort analysis
31,Messenger Analytics and Conversational ROI,messenger-analytics,85,3085,"CSAT in Chat for Enterprise Teams: Governance, Scale and Sign-Off",Enterprise,CSAT in chat
31,Messenger Analytics and Conversational ROI,messenger-analytics,86,3086,Rolling Out Deflection Savings Across Large Organisations Without Chaos,Enterprise,deflection savings
31,Messenger Analytics and Conversational ROI,messenger-analytics,87,3087,Enterprise Benchmark Data: Coordination Costs and How to Contain Them,Enterprise,benchmark data
31,Messenger Analytics and Conversational ROI,messenger-analytics,88,3088,Dashboard Design for Local Businesses in Emerging Markets,Local business,dashboard design
31,Messenger Analytics and Conversational ROI,messenger-analytics,89,3089,"Adapting Message Open Rate for Multilingual Markets: Language, Payments and Behaviour",Local business,message open rate
31,Messenger Analytics and Conversational ROI,messenger-analytics,90,3090,Local-First Click-Through Rate: Winning Customers Within Ten Kilometres,Local business,click-through rate
31,Messenger Analytics and Conversational ROI,messenger-analytics,91,3091,Flow Completion Rate for B2B Teams With Long Sales Cycles,B2B,flow completion rate
31,Messenger Analytics and Conversational ROI,messenger-analytics,92,3092,How B2B Buying Committees Change Your Drop-Off Analysis Approach,B2B,drop-off analysis
31,Messenger Analytics and Conversational ROI,messenger-analytics,93,3093,"Bot Containment Rate That Generates Pipeline, Not Just Traffic",B2B,bot containment rate
31,Messenger Analytics and Conversational ROI,messenger-analytics,94,3094,Escalation Rate for B2C Brands Competing on Attention,B2C,escalation rate
31,Messenger Analytics and Conversational ROI,messenger-analytics,95,3095,High-Volume First Response Time for Consumer Brands,B2C,first response time
31,Messenger Analytics and Conversational ROI,messenger-analytics,96,3096,"Resolution Time That Drives Repeat Purchases, Not One-Off Sales",B2C,resolution time
31,Messenger Analytics and Conversational ROI,messenger-analytics,97,3097,Using AI to Improve Conversation Volume Without Losing Quality Control,AI-powered,conversation volume
31,Messenger Analytics and Conversational ROI,messenger-analytics,98,3098,AI-Assisted Revenue per Conversation: Where It Helps and Where It Hurts,AI-powered,revenue per conversation
31,Messenger Analytics and Conversational ROI,messenger-analytics,99,3099,Can AI Agents Handle Attribution Modelling End to End?,AI-powered,attribution modelling
31,Messenger Analytics and Conversational ROI,messenger-analytics,100,3100,How AI Search Is Changing A/B Testing Flows,AI-powered,A/B testing flows
32,"Blog CMS Operations: Posts, Categories and Tags",blog-cms-operations,1,3101,What Is Post Lifecycle States? A Beginner's Guide for Blog CMS,Beginner guide,post lifecycle states
32,"Blog CMS Operations: Posts, Categories and Tags",blog-cms-operations,2,3102,Draft and Review Workflow Explained: A Plain-English Introduction,Beginner guide,draft and review workflow
32,"Blog CMS Operations: Posts, Categories and Tags",blog-cms-operations,3,3103,Getting Started With Scheduled Publishing: What Beginners Need to Know First,Beginner guide,scheduled publishing
32,"Blog CMS Operations: Posts, Categories and Tags",blog-cms-operations,4,3104,Category Architecture for Complete Beginners: Core Concepts and First Steps,Beginner guide,category architecture
32,"Blog CMS Operations: Posts, Categories and Tags",blog-cms-operations,5,3105,Advanced Tag Governance: Techniques Experienced Teams Actually Use,Advanced guide,tag governance
32,"Blog CMS Operations: Posts, Categories and Tags",blog-cms-operations,6,3106,Taxonomy Depth at Scale: What Changes Once You Outgrow the Basics,Advanced guide,taxonomy depth
32,"Blog CMS Operations: Posts, Categories and Tags",blog-cms-operations,7,3107,Beyond the Basics: Sophisticated Permalink Structure Tactics That Still Work,Advanced guide,permalink structure
32,"Blog CMS Operations: Posts, Categories and Tags",blog-cms-operations,8,3108,How to Improve Slug Conventions Without Increasing Your Budget,How-to,slug conventions
32,"Blog CMS Operations: Posts, Categories and Tags",blog-cms-operations,9,3109,How to Set Up Post Revisions Correctly the First Time,How-to,post revisions
32,"Blog CMS Operations: Posts, Categories and Tags",blog-cms-operations,10,3110,How to Fix Bulk Editing When It Stops Delivering Results,How-to,bulk editing
32,"Blog CMS Operations: Posts, Categories and Tags",blog-cms-operations,11,3111,How to Audit Your Media Library Management in Under an Hour,How-to,media library management
32,"Blog CMS Operations: Posts, Categories and Tags",blog-cms-operations,12,3112,Step-by-Step: Building Your First Featured Image Standards Workflow,Step-by-step tutorial,featured image standards
32,"Blog CMS Operations: Posts, Categories and Tags",blog-cms-operations,13,3113,"A Practical Walkthrough of Content Templates, From Setup to First Result",Step-by-step tutorial,content templates
32,"Blog CMS Operations: Posts, Categories and Tags",blog-cms-operations,14,3114,Configuring Duplicate Content Control in Ghost: A Step-by-Step Tutorial,Step-by-step tutorial,duplicate content control
32,"Blog CMS Operations: Posts, Categories and Tags",blog-cms-operations,15,3115,The Complete Guide to Noindex Rules for Tags in 2026,Ultimate guide,noindex rules for tags
32,"Blog CMS Operations: Posts, Categories and Tags",blog-cms-operations,16,3116,The Definitive Archive Pagination Handbook for Modern Marketing Teams,Ultimate guide,archive pagination
32,"Blog CMS Operations: Posts, Categories and Tags",blog-cms-operations,17,3117,Everything You Need to Know About Related Posts Logic,Ultimate guide,related posts logic
32,"Blog CMS Operations: Posts, Categories and Tags",blog-cms-operations,18,3118,The Content Migration Checklist Every Team Should Run Before Launch,Checklist,content migration
32,"Blog CMS Operations: Posts, Categories and Tags",blog-cms-operations,19,3119,A Pre-Launch CMS Roles and Permissions Checklist You Can Finish in One Sitting,Checklist,CMS roles and permissions
32,"Blog CMS Operations: Posts, Categories and Tags",blog-cms-operations,20,3120,Monthly Editorial Approvals Maintenance Checklist for Busy Marketers,Checklist,editorial approvals
32,"Blog CMS Operations: Posts, Categories and Tags",blog-cms-operations,21,3121,A Reusable Post Lifecycle States Template You Can Adapt Today,Template,post lifecycle states
32,"Blog CMS Operations: Posts, Categories and Tags",blog-cms-operations,22,3122,"Free Draft and Review Workflow Framework: Structure, Fields and Worked Example",Template,draft and review workflow
32,"Blog CMS Operations: Posts, Categories and Tags",blog-cms-operations,23,3123,The Scheduled Publishing Brief Template That Cuts Revision Cycles,Template,scheduled publishing
32,"Blog CMS Operations: Posts, Categories and Tags",blog-cms-operations,24,3124,12 Real Category Architecture Examples Worth Studying,Examples,category architecture
32,"Blog CMS Operations: Posts, Categories and Tags",blog-cms-operations,25,3125,Tag Governance Examples That Show What Good Actually Looks Like,Examples,tag governance
32,"Blog CMS Operations: Posts, Categories and Tags",blog-cms-operations,26,3126,Annotated Taxonomy Depth Examples: Why Each One Works,Examples,taxonomy depth
32,"Blog CMS Operations: Posts, Categories and Tags",blog-cms-operations,27,3127,Case Study: How One Logistics Brand Rebuilt Its Permalink Structure,Case study,permalink structure
32,"Blog CMS Operations: Posts, Categories and Tags",blog-cms-operations,28,3128,Inside a Slug Conventions Turnaround: What Changed and What It Cost,Case study,slug conventions
32,"Blog CMS Operations: Posts, Categories and Tags",blog-cms-operations,29,3129,"A 90-Day Post Revisions Experiment: Method, Results and Lessons",Case study,post revisions
32,"Blog CMS Operations: Posts, Categories and Tags",blog-cms-operations,30,3130,Building a Bulk Editing Strategy That Survives Algorithm Changes,Strategy,bulk editing
32,"Blog CMS Operations: Posts, Categories and Tags",blog-cms-operations,31,3131,A Sustainable Media Library Management Strategy for Teams With Limited Resources,Strategy,media library management
32,"Blog CMS Operations: Posts, Categories and Tags",blog-cms-operations,32,3132,How to Prioritise Featured Image Standards When Everything Feels Urgent,Strategy,featured image standards
32,"Blog CMS Operations: Posts, Categories and Tags",blog-cms-operations,33,3133,The Strategic Case for Investing in Content Templates This Year,Strategy,content templates
32,"Blog CMS Operations: Posts, Categories and Tags",blog-cms-operations,34,3134,Duplicate Content Control Best Practices That Hold Up Under Scrutiny,Best practices,duplicate content control
32,"Blog CMS Operations: Posts, Categories and Tags",blog-cms-operations,35,3135,Proven Noindex Rules for Tags Principles for Consistent Results,Best practices,noindex rules for tags
32,"Blog CMS Operations: Posts, Categories and Tags",blog-cms-operations,36,3136,What Disciplined Archive Pagination Looks Like in Practice,Best practices,archive pagination
32,"Blog CMS Operations: Posts, Categories and Tags",blog-cms-operations,37,3137,The Related Posts Logic Standards High-Performing Teams Enforce,Best practices,related posts logic
32,"Blog CMS Operations: Posts, Categories and Tags",blog-cms-operations,38,3138,Common Content Migration Mistakes That Quietly Cost You Revenue,Mistakes to avoid,content migration
32,"Blog CMS Operations: Posts, Categories and Tags",blog-cms-operations,39,3139,Seven CMS Roles and Permissions Errors Almost Every Team Makes Early On,Mistakes to avoid,CMS roles and permissions
32,"Blog CMS Operations: Posts, Categories and Tags",blog-cms-operations,40,3140,"Why Most Editorial Approvals Efforts Stall, and How to Avoid It",Mistakes to avoid,editorial approvals
32,"Blog CMS Operations: Posts, Categories and Tags",blog-cms-operations,41,3141,Post Lifecycle States Anti-Patterns Worth Unlearning,Mistakes to avoid,post lifecycle states
32,"Blog CMS Operations: Posts, Categories and Tags",blog-cms-operations,42,3142,Draft and Review Workflow Not Working? A Diagnostic Guide,Problem/solution,draft and review workflow
32,"Blog CMS Operations: Posts, Categories and Tags",blog-cms-operations,43,3143,"Troubleshooting Scheduled Publishing: Symptoms, Causes and Fixes",Problem/solution,scheduled publishing
32,"Blog CMS Operations: Posts, Categories and Tags",blog-cms-operations,44,3144,What to Do When Category Architecture Suddenly Drops,Problem/solution,category architecture
32,"Blog CMS Operations: Posts, Categories and Tags",blog-cms-operations,45,3145,Fixing Broken Tag Governance: A Systematic Approach,Problem/solution,tag governance
32,"Blog CMS Operations: Posts, Categories and Tags",blog-cms-operations,46,3146,"Taxonomy Depth: Frequently Asked Questions, Answered Directly",FAQ,taxonomy depth
32,"Blog CMS Operations: Posts, Categories and Tags",blog-cms-operations,47,3147,Is Permalink Structure Worth the Investment? An Honest Assessment,FAQ,permalink structure
32,"Blog CMS Operations: Posts, Categories and Tags",blog-cms-operations,48,3148,How Long Does Slug Conventions Take to Show Results?,FAQ,slug conventions
32,"Blog CMS Operations: Posts, Categories and Tags",blog-cms-operations,49,3149,Do You Actually Need Post Revisions? A Decision Guide,FAQ,post revisions
32,"Blog CMS Operations: Posts, Categories and Tags",blog-cms-operations,50,3150,Bulk Editing vs Editorial Approvals: Which Deserves Your Budget?,Comparison,bulk editing
32,"Blog CMS Operations: Posts, Categories and Tags",blog-cms-operations,51,3151,"Comparing Media Library Management and Draft and Review Workflow: Strengths, Limits and Overlap",Comparison,media library management
32,"Blog CMS Operations: Posts, Categories and Tags",blog-cms-operations,52,3152,Featured Image Standards or Category Architecture? A Decision Framework for Marketing Teams,Comparison,featured image standards
32,"Blog CMS Operations: Posts, Categories and Tags",blog-cms-operations,53,3153,When to Choose Content Templates Over Taxonomy Depth,Comparison,content templates
32,"Blog CMS Operations: Posts, Categories and Tags",blog-cms-operations,54,3154,Alternatives to Duplicate Content Control: When It Is the Wrong Tool for the Job,Alternatives,duplicate content control
32,"Blog CMS Operations: Posts, Categories and Tags",blog-cms-operations,55,3155,What to Use Instead of Noindex Rules for Tags for Constrained Teams,Alternatives,noindex rules for tags
32,"Blog CMS Operations: Posts, Categories and Tags",blog-cms-operations,56,3156,Rethinking Archive Pagination: Three Credible Alternatives,Alternatives,archive pagination
32,"Blog CMS Operations: Posts, Categories and Tags",blog-cms-operations,57,3157,"The Best Tools for Related Posts Logic, Compared Honestly",Tools comparison,related posts logic
32,"Blog CMS Operations: Posts, Categories and Tags",blog-cms-operations,58,3158,"Ghost for Content Migration: Capabilities, Gaps and Fit",Tools comparison,content migration
32,"Blog CMS Operations: Posts, Categories and Tags",blog-cms-operations,59,3159,Choosing CMS Roles and Permissions Software: Evaluation Criteria That Matter,Tools comparison,CMS roles and permissions
32,"Blog CMS Operations: Posts, Categories and Tags",blog-cms-operations,60,3160,How Much Does Editorial Approvals Really Cost in 2026?,Pricing,editorial approvals
32,"Blog CMS Operations: Posts, Categories and Tags",blog-cms-operations,61,3161,Post Lifecycle States Pricing Explained: What Drives the Bill,Pricing,post lifecycle states
32,"Blog CMS Operations: Posts, Categories and Tags",blog-cms-operations,62,3162,Budgeting for Draft and Review Workflow: Realistic Numbers by Company Size,Pricing,draft and review workflow
32,"Blog CMS Operations: Posts, Categories and Tags",blog-cms-operations,63,3163,Measuring the ROI of Scheduled Publishing Without Guesswork,ROI,scheduled publishing
32,"Blog CMS Operations: Posts, Categories and Tags",blog-cms-operations,64,3164,Does Category Architecture Pay for Itself? A Calculation Method,ROI,category architecture
32,"Blog CMS Operations: Posts, Categories and Tags",blog-cms-operations,65,3165,Proving the Business Value of Tag Governance to Finance,ROI,tag governance
32,"Blog CMS Operations: Posts, Categories and Tags",blog-cms-operations,66,3166,Taxonomy Depth Statistics That Should Shape Your 2026 Plan,Statistics,taxonomy depth
32,"Blog CMS Operations: Posts, Categories and Tags",blog-cms-operations,67,3167,What the Data Says About Permalink Structure Performance,Statistics,permalink structure
32,"Blog CMS Operations: Posts, Categories and Tags",blog-cms-operations,68,3168,"Slug Conventions by the Numbers: Adoption, Cost and Outcomes",Statistics,slug conventions
32,"Blog CMS Operations: Posts, Categories and Tags",blog-cms-operations,69,3169,Post Revisions Trends Reshaping Marketing in 2026,Trends,post revisions
32,"Blog CMS Operations: Posts, Categories and Tags",blog-cms-operations,70,3170,"What Changed in Bulk Editing This Year, and Why It Matters",Trends,bulk editing
32,"Blog CMS Operations: Posts, Categories and Tags",blog-cms-operations,71,3171,Emerging Shifts in Media Library Management Worth Watching,Trends,media library management
32,"Blog CMS Operations: Posts, Categories and Tags",blog-cms-operations,72,3172,Where Featured Image Standards Is Heading Next: A Considered Forecast,Predictions,featured image standards
32,"Blog CMS Operations: Posts, Categories and Tags",blog-cms-operations,73,3173,"Content Templates in Three Years: Reasonable Predictions, Not Hype",Predictions,content templates
32,"Blog CMS Operations: Posts, Categories and Tags",blog-cms-operations,74,3174,Preparing Duplicate Content Control for the Post-Search Era,Predictions,duplicate content control
32,"Blog CMS Operations: Posts, Categories and Tags",blog-cms-operations,75,3175,What Is a Good Noindex Rules for Tags Benchmark? Numbers by Industry,Benchmarks,noindex rules for tags
32,"Blog CMS Operations: Posts, Categories and Tags",blog-cms-operations,76,3176,Archive Pagination Benchmarks: How to Tell Good From Average,Benchmarks,archive pagination
32,"Blog CMS Operations: Posts, Categories and Tags",blog-cms-operations,77,3177,Setting Realistic Related Posts Logic Targets Your Team Can Hit,Benchmarks,related posts logic
32,"Blog CMS Operations: Posts, Categories and Tags",blog-cms-operations,78,3178,Content Migration for E-Commerce Companies: What Is Different,Industry-specific,content migration
32,"Blog CMS Operations: Posts, Categories and Tags",blog-cms-operations,79,3179,Applying CMS Roles and Permissions in Healthcare: Constraints and Opportunities,Industry-specific,CMS roles and permissions
32,"Blog CMS Operations: Posts, Categories and Tags",blog-cms-operations,80,3180,Education Editorial Approvals: A Sector-Specific Playbook,Industry-specific,editorial approvals
32,"Blog CMS Operations: Posts, Categories and Tags",blog-cms-operations,81,3181,Why Standard Post Lifecycle States Advice Fails in Real Estate,Industry-specific,post lifecycle states
32,"Blog CMS Operations: Posts, Categories and Tags",blog-cms-operations,82,3182,Draft and Review Workflow for Family Businesses on a Tight Budget,Small business,draft and review workflow
32,"Blog CMS Operations: Posts, Categories and Tags",blog-cms-operations,83,3183,Practical Scheduled Publishing When You Are the Entire Marketing Team,Small business,scheduled publishing
32,"Blog CMS Operations: Posts, Categories and Tags",blog-cms-operations,84,3184,"Category Architecture for Solo Founders: Start Here, Skip the Rest",Small business,category architecture
32,"Blog CMS Operations: Posts, Categories and Tags",blog-cms-operations,85,3185,"Tag Governance for Large Organisations: Governance, Scale and Sign-Off",Enterprise,tag governance
32,"Blog CMS Operations: Posts, Categories and Tags",blog-cms-operations,86,3186,Rolling Out Taxonomy Depth Across Multi-Brand Groups Without Chaos,Enterprise,taxonomy depth
32,"Blog CMS Operations: Posts, Categories and Tags",blog-cms-operations,87,3187,Enterprise Permalink Structure: Coordination Costs and How to Contain Them,Enterprise,permalink structure
32,"Blog CMS Operations: Posts, Categories and Tags",blog-cms-operations,88,3188,Slug Conventions for Local Businesses in Multilingual Markets,Local business,slug conventions
32,"Blog CMS Operations: Posts, Categories and Tags",blog-cms-operations,89,3189,"Adapting Post Revisions for Nepal: Language, Payments and Behaviour",Local business,post revisions
32,"Blog CMS Operations: Posts, Categories and Tags",blog-cms-operations,90,3190,Local-First Bulk Editing: Winning Customers Within Ten Kilometres,Local business,bulk editing
32,"Blog CMS Operations: Posts, Categories and Tags",blog-cms-operations,91,3191,Media Library Management for B2B Teams With Long Sales Cycles,B2B,media library management
32,"Blog CMS Operations: Posts, Categories and Tags",blog-cms-operations,92,3192,How B2B Buying Committees Change Your Featured Image Standards Approach,B2B,featured image standards
32,"Blog CMS Operations: Posts, Categories and Tags",blog-cms-operations,93,3193,"Content Templates That Generates Pipeline, Not Just Traffic",B2B,content templates
32,"Blog CMS Operations: Posts, Categories and Tags",blog-cms-operations,94,3194,Duplicate Content Control for B2C Brands Competing on Attention,B2C,duplicate content control
32,"Blog CMS Operations: Posts, Categories and Tags",blog-cms-operations,95,3195,High-Volume Noindex Rules for Tags for Consumer Brands,B2C,noindex rules for tags
32,"Blog CMS Operations: Posts, Categories and Tags",blog-cms-operations,96,3196,"Archive Pagination That Drives Repeat Purchases, Not One-Off Sales",B2C,archive pagination
32,"Blog CMS Operations: Posts, Categories and Tags",blog-cms-operations,97,3197,Using AI to Improve Related Posts Logic Without Losing Quality Control,AI-powered,related posts logic
32,"Blog CMS Operations: Posts, Categories and Tags",blog-cms-operations,98,3198,AI-Assisted Content Migration: Where It Helps and Where It Hurts,AI-powered,content migration
32,"Blog CMS Operations: Posts, Categories and Tags",blog-cms-operations,99,3199,Can AI Agents Handle CMS Roles and Permissions End to End?,AI-powered,CMS roles and permissions
32,"Blog CMS Operations: Posts, Categories and Tags",blog-cms-operations,100,3200,How AI Search Is Changing Editorial Approvals,AI-powered,editorial approvals
33,"Author Authority, E-E-A-T and Content Credibility",author-authority-eeat,1,3201,What Is E-E-A-T Signals? A Beginner's Guide for E-E-A-T,Beginner guide,E-E-A-T signals
33,"Author Authority, E-E-A-T and Content Credibility",author-authority-eeat,2,3202,Experience Signals Explained: A Plain-English Introduction,Beginner guide,experience signals
33,"Author Authority, E-E-A-T and Content Credibility",author-authority-eeat,3,3203,Getting Started With Author Schema Markup: What Beginners Need to Know First,Beginner guide,author schema markup
33,"Author Authority, E-E-A-T and Content Credibility",author-authority-eeat,4,3204,Credential Display for Complete Beginners: Core Concepts and First Steps,Beginner guide,credential display
33,"Author Authority, E-E-A-T and Content Credibility",author-authority-eeat,5,3205,Advanced About and Contact Pages: Techniques Experienced Teams Actually Use,Advanced guide,about and contact pages
33,"Author Authority, E-E-A-T and Content Credibility",author-authority-eeat,6,3206,Editorial Policy Pages at Scale: What Changes Once You Outgrow the Basics,Advanced guide,editorial policy pages
33,"Author Authority, E-E-A-T and Content Credibility",author-authority-eeat,7,3207,Beyond the Basics: Sophisticated Fact-Checking Process Tactics That Still Work,Advanced guide,fact-checking process
33,"Author Authority, E-E-A-T and Content Credibility",author-authority-eeat,8,3208,How to Improve Source Citation Standards Without Increasing Your Budget,How-to,source citation standards
33,"Author Authority, E-E-A-T and Content Credibility",author-authority-eeat,9,3209,How to Set Up Original Research Correctly the First Time,How-to,original research
33,"Author Authority, E-E-A-T and Content Credibility",author-authority-eeat,10,3210,How to Fix First-Hand Experience When It Stops Delivering Results,How-to,first-hand experience
33,"Author Authority, E-E-A-T and Content Credibility",author-authority-eeat,11,3211,How to Audit Your Expert Review Workflows in Under an Hour,How-to,expert review workflows
33,"Author Authority, E-E-A-T and Content Credibility",author-authority-eeat,12,3212,Step-by-Step: Building Your First AI Content Disclosure Workflow,Step-by-step tutorial,AI content disclosure
33,"Author Authority, E-E-A-T and Content Credibility",author-authority-eeat,13,3213,"A Practical Walkthrough of Content Provenance, From Setup to First Result",Step-by-step tutorial,content provenance
33,"Author Authority, E-E-A-T and Content Credibility",author-authority-eeat,14,3214,Configuring Bylines and Attribution in Google Search Console: A Step-by-Step Tutorial,Step-by-step tutorial,bylines and attribution
33,"Author Authority, E-E-A-T and Content Credibility",author-authority-eeat,15,3215,The Complete Guide to Author Entity Building in 2026,Ultimate guide,author entity building
33,"Author Authority, E-E-A-T and Content Credibility",author-authority-eeat,16,3216,The Definitive Knowledge Panel for Authors Handbook for Modern Marketing Teams,Ultimate guide,knowledge panel for authors
33,"Author Authority, E-E-A-T and Content Credibility",author-authority-eeat,17,3217,Everything You Need to Know About Trust Signals,Ultimate guide,trust signals
33,"Author Authority, E-E-A-T and Content Credibility",author-authority-eeat,18,3218,The Corrections Policy Checklist Every Team Should Run Before Launch,Checklist,corrections policy
33,"Author Authority, E-E-A-T and Content Credibility",author-authority-eeat,19,3219,A Pre-Launch Transparency Pages Checklist You Can Finish in One Sitting,Checklist,transparency pages
33,"Author Authority, E-E-A-T and Content Credibility",author-authority-eeat,20,3220,Monthly E-E-A-T Signals Maintenance Checklist for Busy Marketers,Checklist,E-E-A-T signals
33,"Author Authority, E-E-A-T and Content Credibility",author-authority-eeat,21,3221,A Reusable Experience Signals Template You Can Adapt Today,Template,experience signals
33,"Author Authority, E-E-A-T and Content Credibility",author-authority-eeat,22,3222,"Free Author Bio Pages Framework: Structure, Fields and Worked Example",Template,author bio pages
33,"Author Authority, E-E-A-T and Content Credibility",author-authority-eeat,23,3223,The Author Schema Markup Brief Template That Cuts Revision Cycles,Template,author schema markup
33,"Author Authority, E-E-A-T and Content Credibility",author-authority-eeat,24,3224,12 Real Credential Display Examples Worth Studying,Examples,credential display
33,"Author Authority, E-E-A-T and Content Credibility",author-authority-eeat,25,3225,About and Contact Pages Examples That Show What Good Actually Looks Like,Examples,about and contact pages
33,"Author Authority, E-E-A-T and Content Credibility",author-authority-eeat,26,3226,Annotated Editorial Policy Pages Examples: Why Each One Works,Examples,editorial policy pages
33,"Author Authority, E-E-A-T and Content Credibility",author-authority-eeat,27,3227,Case Study: How One Retail Brand Rebuilt Its Fact-Checking Process,Case study,fact-checking process
33,"Author Authority, E-E-A-T and Content Credibility",author-authority-eeat,28,3228,Inside a Source Citation Standards Turnaround: What Changed and What It Cost,Case study,source citation standards
33,"Author Authority, E-E-A-T and Content Credibility",author-authority-eeat,29,3229,"A 90-Day Original Research Experiment: Method, Results and Lessons",Case study,original research
33,"Author Authority, E-E-A-T and Content Credibility",author-authority-eeat,30,3230,Building a First-Hand Experience Strategy That Survives Algorithm Changes,Strategy,first-hand experience
33,"Author Authority, E-E-A-T and Content Credibility",author-authority-eeat,31,3231,A Sustainable Expert Review Workflows Strategy for Teams With Limited Resources,Strategy,expert review workflows
33,"Author Authority, E-E-A-T and Content Credibility",author-authority-eeat,32,3232,How to Prioritise AI Content Disclosure When Everything Feels Urgent,Strategy,AI content disclosure
33,"Author Authority, E-E-A-T and Content Credibility",author-authority-eeat,33,3233,The Strategic Case for Investing in Content Provenance This Year,Strategy,content provenance
33,"Author Authority, E-E-A-T and Content Credibility",author-authority-eeat,34,3234,Bylines and Attribution Best Practices That Hold Up Under Scrutiny,Best practices,bylines and attribution
33,"Author Authority, E-E-A-T and Content Credibility",author-authority-eeat,35,3235,Proven Author Entity Building Principles for Consistent Results,Best practices,author entity building
33,"Author Authority, E-E-A-T and Content Credibility",author-authority-eeat,36,3236,What Disciplined Knowledge Panel for Authors Looks Like in Practice,Best practices,knowledge panel for authors
33,"Author Authority, E-E-A-T and Content Credibility",author-authority-eeat,37,3237,The Trust Signals Standards High-Performing Teams Enforce,Best practices,trust signals
33,"Author Authority, E-E-A-T and Content Credibility",author-authority-eeat,38,3238,Common Corrections Policy Mistakes That Quietly Cost You Revenue,Mistakes to avoid,corrections policy
33,"Author Authority, E-E-A-T and Content Credibility",author-authority-eeat,39,3239,Seven Transparency Pages Errors Almost Every Team Makes Early On,Mistakes to avoid,transparency pages
33,"Author Authority, E-E-A-T and Content Credibility",author-authority-eeat,40,3240,"Why Most E-E-A-T Signals Efforts Stall, and How to Avoid It",Mistakes to avoid,E-E-A-T signals
33,"Author Authority, E-E-A-T and Content Credibility",author-authority-eeat,41,3241,Experience Signals Anti-Patterns Worth Unlearning,Mistakes to avoid,experience signals
33,"Author Authority, E-E-A-T and Content Credibility",author-authority-eeat,42,3242,Author Bio Pages Not Working? A Diagnostic Guide,Problem/solution,author bio pages
33,"Author Authority, E-E-A-T and Content Credibility",author-authority-eeat,43,3243,"Troubleshooting Author Schema Markup: Symptoms, Causes and Fixes",Problem/solution,author schema markup
33,"Author Authority, E-E-A-T and Content Credibility",author-authority-eeat,44,3244,What to Do When Credential Display Suddenly Drops,Problem/solution,credential display
33,"Author Authority, E-E-A-T and Content Credibility",author-authority-eeat,45,3245,Fixing Broken About and Contact Pages: A Systematic Approach,Problem/solution,about and contact pages
33,"Author Authority, E-E-A-T and Content Credibility",author-authority-eeat,46,3246,"Editorial Policy Pages: Frequently Asked Questions, Answered Directly",FAQ,editorial policy pages
33,"Author Authority, E-E-A-T and Content Credibility",author-authority-eeat,47,3247,Is Fact-Checking Process Worth the Investment? An Honest Assessment,FAQ,fact-checking process
33,"Author Authority, E-E-A-T and Content Credibility",author-authority-eeat,48,3248,How Long Does Source Citation Standards Take to Show Results?,FAQ,source citation standards
33,"Author Authority, E-E-A-T and Content Credibility",author-authority-eeat,49,3249,Do You Actually Need Original Research? A Decision Guide,FAQ,original research
33,"Author Authority, E-E-A-T and Content Credibility",author-authority-eeat,50,3250,First-Hand Experience vs E-E-A-T Signals: Which Deserves Your Budget?,Comparison,first-hand experience
33,"Author Authority, E-E-A-T and Content Credibility",author-authority-eeat,51,3251,"Comparing Expert Review Workflows and Author Bio Pages: Strengths, Limits and Overlap",Comparison,expert review workflows
33,"Author Authority, E-E-A-T and Content Credibility",author-authority-eeat,52,3252,AI Content Disclosure or Credential Display? A Decision Framework for Marketing Teams,Comparison,AI content disclosure
33,"Author Authority, E-E-A-T and Content Credibility",author-authority-eeat,53,3253,When to Choose Content Provenance Over Editorial Policy Pages,Comparison,content provenance
33,"Author Authority, E-E-A-T and Content Credibility",author-authority-eeat,54,3254,Alternatives to Bylines and Attribution: When It Is the Wrong Tool for the Job,Alternatives,bylines and attribution
33,"Author Authority, E-E-A-T and Content Credibility",author-authority-eeat,55,3255,What to Use Instead of Author Entity Building for Constrained Teams,Alternatives,author entity building
33,"Author Authority, E-E-A-T and Content Credibility",author-authority-eeat,56,3256,Rethinking Knowledge Panel for Authors: Three Credible Alternatives,Alternatives,knowledge panel for authors
33,"Author Authority, E-E-A-T and Content Credibility",author-authority-eeat,57,3257,"The Best Tools for Trust Signals, Compared Honestly",Tools comparison,trust signals
33,"Author Authority, E-E-A-T and Content Credibility",author-authority-eeat,58,3258,"Google Search Console for Corrections Policy: Capabilities, Gaps and Fit",Tools comparison,corrections policy
33,"Author Authority, E-E-A-T and Content Credibility",author-authority-eeat,59,3259,Choosing Transparency Pages Software: Evaluation Criteria That Matter,Tools comparison,transparency pages
33,"Author Authority, E-E-A-T and Content Credibility",author-authority-eeat,60,3260,How Much Does E-E-A-T Signals Really Cost in 2026?,Pricing,E-E-A-T signals
33,"Author Authority, E-E-A-T and Content Credibility",author-authority-eeat,61,3261,Experience Signals Pricing Explained: What Drives the Bill,Pricing,experience signals
33,"Author Authority, E-E-A-T and Content Credibility",author-authority-eeat,62,3262,Budgeting for Author Bio Pages: Realistic Numbers by Company Size,Pricing,author bio pages
33,"Author Authority, E-E-A-T and Content Credibility",author-authority-eeat,63,3263,Measuring the ROI of Author Schema Markup Without Guesswork,ROI,author schema markup
33,"Author Authority, E-E-A-T and Content Credibility",author-authority-eeat,64,3264,Does Credential Display Pay for Itself? A Calculation Method,ROI,credential display
33,"Author Authority, E-E-A-T and Content Credibility",author-authority-eeat,65,3265,Proving the Business Value of About and Contact Pages to Finance,ROI,about and contact pages
33,"Author Authority, E-E-A-T and Content Credibility",author-authority-eeat,66,3266,Editorial Policy Pages Statistics That Should Shape Your 2026 Plan,Statistics,editorial policy pages
33,"Author Authority, E-E-A-T and Content Credibility",author-authority-eeat,67,3267,What the Data Says About Fact-Checking Process Performance,Statistics,fact-checking process
33,"Author Authority, E-E-A-T and Content Credibility",author-authority-eeat,68,3268,"Source Citation Standards by the Numbers: Adoption, Cost and Outcomes",Statistics,source citation standards
33,"Author Authority, E-E-A-T and Content Credibility",author-authority-eeat,69,3269,Original Research Trends Reshaping Marketing in 2026,Trends,original research
33,"Author Authority, E-E-A-T and Content Credibility",author-authority-eeat,70,3270,"What Changed in First-Hand Experience This Year, and Why It Matters",Trends,first-hand experience
33,"Author Authority, E-E-A-T and Content Credibility",author-authority-eeat,71,3271,Emerging Shifts in Expert Review Workflows Worth Watching,Trends,expert review workflows
33,"Author Authority, E-E-A-T and Content Credibility",author-authority-eeat,72,3272,Where AI Content Disclosure Is Heading Next: A Considered Forecast,Predictions,AI content disclosure
33,"Author Authority, E-E-A-T and Content Credibility",author-authority-eeat,73,3273,"Content Provenance in Three Years: Reasonable Predictions, Not Hype",Predictions,content provenance
33,"Author Authority, E-E-A-T and Content Credibility",author-authority-eeat,74,3274,Preparing Bylines and Attribution for the Post-Search Era,Predictions,bylines and attribution
33,"Author Authority, E-E-A-T and Content Credibility",author-authority-eeat,75,3275,What Is a Good Author Entity Building Benchmark? Numbers by Industry,Benchmarks,author entity building
33,"Author Authority, E-E-A-T and Content Credibility",author-authority-eeat,76,3276,Knowledge Panel for Authors Benchmarks: How to Tell Good From Average,Benchmarks,knowledge panel for authors
33,"Author Authority, E-E-A-T and Content Credibility",author-authority-eeat,77,3277,Setting Realistic Trust Signals Targets Your Team Can Hit,Benchmarks,trust signals
33,"Author Authority, E-E-A-T and Content Credibility",author-authority-eeat,78,3278,Corrections Policy for Healthcare Companies: What Is Different,Industry-specific,corrections policy
33,"Author Authority, E-E-A-T and Content Credibility",author-authority-eeat,79,3279,Applying Transparency Pages in Education: Constraints and Opportunities,Industry-specific,transparency pages
33,"Author Authority, E-E-A-T and Content Credibility",author-authority-eeat,80,3280,Real Estate E-E-A-T Signals: A Sector-Specific Playbook,Industry-specific,E-E-A-T signals
33,"Author Authority, E-E-A-T and Content Credibility",author-authority-eeat,81,3281,Why Standard Experience Signals Advice Fails in Hospitality,Industry-specific,experience signals
33,"Author Authority, E-E-A-T and Content Credibility",author-authority-eeat,82,3282,Author Bio Pages for Small Businesses on a Tight Budget,Small business,author bio pages
33,"Author Authority, E-E-A-T and Content Credibility",author-authority-eeat,83,3283,Practical Author Schema Markup When You Are the Entire Marketing Team,Small business,author schema markup
33,"Author Authority, E-E-A-T and Content Credibility",author-authority-eeat,84,3284,"Credential Display for Local Shops: Start Here, Skip the Rest",Small business,credential display
33,"Author Authority, E-E-A-T and Content Credibility",author-authority-eeat,85,3285,"About and Contact Pages for Multi-Brand Groups: Governance, Scale and Sign-Off",Enterprise,about and contact pages
33,"Author Authority, E-E-A-T and Content Credibility",author-authority-eeat,86,3286,Rolling Out Editorial Policy Pages Across Global Teams Without Chaos,Enterprise,editorial policy pages
33,"Author Authority, E-E-A-T and Content Credibility",author-authority-eeat,87,3287,Enterprise Fact-Checking Process: Coordination Costs and How to Contain Them,Enterprise,fact-checking process
33,"Author Authority, E-E-A-T and Content Credibility",author-authority-eeat,88,3288,Source Citation Standards for Local Businesses in Nepal,Local business,source citation standards
33,"Author Authority, E-E-A-T and Content Credibility",author-authority-eeat,89,3289,"Adapting Original Research for Kathmandu: Language, Payments and Behaviour",Local business,original research
33,"Author Authority, E-E-A-T and Content Credibility",author-authority-eeat,90,3290,Local-First First-Hand Experience: Winning Customers Within Ten Kilometres,Local business,first-hand experience
33,"Author Authority, E-E-A-T and Content Credibility",author-authority-eeat,91,3291,Expert Review Workflows for B2B Teams With Long Sales Cycles,B2B,expert review workflows
33,"Author Authority, E-E-A-T and Content Credibility",author-authority-eeat,92,3292,How B2B Buying Committees Change Your AI Content Disclosure Approach,B2B,AI content disclosure
33,"Author Authority, E-E-A-T and Content Credibility",author-authority-eeat,93,3293,"Content Provenance That Generates Pipeline, Not Just Traffic",B2B,content provenance
33,"Author Authority, E-E-A-T and Content Credibility",author-authority-eeat,94,3294,Bylines and Attribution for B2C Brands Competing on Attention,B2C,bylines and attribution
33,"Author Authority, E-E-A-T and Content Credibility",author-authority-eeat,95,3295,High-Volume Author Entity Building for Consumer Brands,B2C,author entity building
33,"Author Authority, E-E-A-T and Content Credibility",author-authority-eeat,96,3296,"Knowledge Panel for Authors That Drives Repeat Purchases, Not One-Off Sales",B2C,knowledge panel for authors
33,"Author Authority, E-E-A-T and Content Credibility",author-authority-eeat,97,3297,Using AI to Improve Trust Signals Without Losing Quality Control,AI-powered,trust signals
33,"Author Authority, E-E-A-T and Content Credibility",author-authority-eeat,98,3298,AI-Assisted Corrections Policy: Where It Helps and Where It Hurts,AI-powered,corrections policy
33,"Author Authority, E-E-A-T and Content Credibility",author-authority-eeat,99,3299,Can AI Agents Handle Transparency Pages End to End?,AI-powered,transparency pages
33,"Author Authority, E-E-A-T and Content Credibility",author-authority-eeat,100,3300,How AI Search Is Changing E-E-A-T Signals,AI-powered,E-E-A-T signals
34,"Blog Analytics, Content ROI and Optimization Cycles",blog-analytics,1,3301,What Is Blog Traffic Analysis? A Beginner's Guide for Blog Analytics,Beginner guide,blog traffic analysis
34,"Blog Analytics, Content ROI and Optimization Cycles",blog-analytics,2,3302,Scroll Depth Explained: A Plain-English Introduction,Beginner guide,scroll depth
34,"Blog Analytics, Content ROI and Optimization Cycles",blog-analytics,3,3303,Getting Started With Time on Page: What Beginners Need to Know First,Beginner guide,time on page
34,"Blog Analytics, Content ROI and Optimization Cycles",blog-analytics,4,3304,Engagement Rate for Complete Beginners: Core Concepts and First Steps,Beginner guide,engagement rate
34,"Blog Analytics, Content ROI and Optimization Cycles",blog-analytics,5,3305,Advanced Content Decay Curves: Techniques Experienced Teams Actually Use,Advanced guide,content decay curves
34,"Blog Analytics, Content ROI and Optimization Cycles",blog-analytics,6,3306,Refresh Prioritisation at Scale: What Changes Once You Outgrow the Basics,Advanced guide,refresh prioritisation
34,"Blog Analytics, Content ROI and Optimization Cycles",blog-analytics,7,3307,Beyond the Basics: Sophisticated Content Pruning Tactics That Still Work,Advanced guide,content pruning
34,"Blog Analytics, Content ROI and Optimization Cycles",blog-analytics,8,3308,How to Improve Assisted Conversions Without Increasing Your Budget,How-to,assisted conversions
34,"Blog Analytics, Content ROI and Optimization Cycles",blog-analytics,9,3309,How to Set Up Content ROI Models Correctly the First Time,How-to,content ROI models
34,"Blog Analytics, Content ROI and Optimization Cycles",blog-analytics,10,3310,How to Fix Cost per Acquisition from Content When It Stops Delivering Results,How-to,cost per acquisition from content
34,"Blog Analytics, Content ROI and Optimization Cycles",blog-analytics,11,3311,How to Audit Your Top-Of-Funnel Measurement in Under an Hour,How-to,top-of-funnel measurement
34,"Blog Analytics, Content ROI and Optimization Cycles",blog-analytics,12,3312,Step-by-Step: Building Your First Internal Search Analysis Workflow,Step-by-step tutorial,internal search analysis
34,"Blog Analytics, Content ROI and Optimization Cycles",blog-analytics,13,3313,"A Practical Walkthrough of Exit Pages, From Setup to First Result",Step-by-step tutorial,exit pages
34,"Blog Analytics, Content ROI and Optimization Cycles",blog-analytics,14,3314,Configuring Reader Cohorts in Google Search Console: A Step-by-Step Tutorial,Step-by-step tutorial,reader cohorts
34,"Blog Analytics, Content ROI and Optimization Cycles",blog-analytics,15,3315,The Complete Guide to Subscriber Conversion in 2026,Ultimate guide,subscriber conversion
34,"Blog Analytics, Content ROI and Optimization Cycles",blog-analytics,16,3316,The Definitive Content Scoring Models Handbook for Modern Marketing Teams,Ultimate guide,content scoring models
34,"Blog Analytics, Content ROI and Optimization Cycles",blog-analytics,17,3317,Everything You Need to Know About Blog Traffic Analysis,Ultimate guide,blog traffic analysis
34,"Blog Analytics, Content ROI and Optimization Cycles",blog-analytics,18,3318,The Scroll Depth Checklist Every Team Should Run Before Launch,Checklist,scroll depth
34,"Blog Analytics, Content ROI and Optimization Cycles",blog-analytics,19,3319,A Pre-Launch Time on Page Checklist You Can Finish in One Sitting,Checklist,time on page
34,"Blog Analytics, Content ROI and Optimization Cycles",blog-analytics,20,3320,Monthly Engagement Rate Maintenance Checklist for Busy Marketers,Checklist,engagement rate
34,"Blog Analytics, Content ROI and Optimization Cycles",blog-analytics,21,3321,A Reusable Content Decay Curves Template You Can Adapt Today,Template,content decay curves
34,"Blog Analytics, Content ROI and Optimization Cycles",blog-analytics,22,3322,"Free Refresh Prioritisation Framework: Structure, Fields and Worked Example",Template,refresh prioritisation
34,"Blog Analytics, Content ROI and Optimization Cycles",blog-analytics,23,3323,The Content Pruning Brief Template That Cuts Revision Cycles,Template,content pruning
34,"Blog Analytics, Content ROI and Optimization Cycles",blog-analytics,24,3324,12 Real Conversion Tracking Examples Worth Studying,Examples,conversion tracking
34,"Blog Analytics, Content ROI and Optimization Cycles",blog-analytics,25,3325,Assisted Conversions Examples That Show What Good Actually Looks Like,Examples,assisted conversions
34,"Blog Analytics, Content ROI and Optimization Cycles",blog-analytics,26,3326,Annotated Content ROI Models Examples: Why Each One Works,Examples,content ROI models
34,"Blog Analytics, Content ROI and Optimization Cycles",blog-analytics,27,3327,Case Study: How One SaaS Brand Rebuilt Its Cost per Acquisition from Content,Case study,cost per acquisition from content
34,"Blog Analytics, Content ROI and Optimization Cycles",blog-analytics,28,3328,Inside a Top-Of-Funnel Measurement Turnaround: What Changed and What It Cost,Case study,top-of-funnel measurement
34,"Blog Analytics, Content ROI and Optimization Cycles",blog-analytics,29,3329,"A 90-Day Internal Search Analysis Experiment: Method, Results and Lessons",Case study,internal search analysis
34,"Blog Analytics, Content ROI and Optimization Cycles",blog-analytics,30,3330,Building a Exit Pages Strategy That Survives Algorithm Changes,Strategy,exit pages
34,"Blog Analytics, Content ROI and Optimization Cycles",blog-analytics,31,3331,A Sustainable Reader Cohorts Strategy for Teams With Limited Resources,Strategy,reader cohorts
34,"Blog Analytics, Content ROI and Optimization Cycles",blog-analytics,32,3332,How to Prioritise Subscriber Conversion When Everything Feels Urgent,Strategy,subscriber conversion
34,"Blog Analytics, Content ROI and Optimization Cycles",blog-analytics,33,3333,The Strategic Case for Investing in Dashboard Design This Year,Strategy,dashboard design
34,"Blog Analytics, Content ROI and Optimization Cycles",blog-analytics,34,3334,Content Scoring Models Best Practices That Hold Up Under Scrutiny,Best practices,content scoring models
34,"Blog Analytics, Content ROI and Optimization Cycles",blog-analytics,35,3335,Proven Blog Traffic Analysis Principles for Consistent Results,Best practices,blog traffic analysis
34,"Blog Analytics, Content ROI and Optimization Cycles",blog-analytics,36,3336,What Disciplined Scroll Depth Looks Like in Practice,Best practices,scroll depth
34,"Blog Analytics, Content ROI and Optimization Cycles",blog-analytics,37,3337,The Time on Page Standards High-Performing Teams Enforce,Best practices,time on page
34,"Blog Analytics, Content ROI and Optimization Cycles",blog-analytics,38,3338,Common Engagement Rate Mistakes That Quietly Cost You Revenue,Mistakes to avoid,engagement rate
34,"Blog Analytics, Content ROI and Optimization Cycles",blog-analytics,39,3339,Seven Content Decay Curves Errors Almost Every Team Makes Early On,Mistakes to avoid,content decay curves
34,"Blog Analytics, Content ROI and Optimization Cycles",blog-analytics,40,3340,"Why Most Refresh Prioritisation Efforts Stall, and How to Avoid It",Mistakes to avoid,refresh prioritisation
34,"Blog Analytics, Content ROI and Optimization Cycles",blog-analytics,41,3341,Content Pruning Anti-Patterns Worth Unlearning,Mistakes to avoid,content pruning
34,"Blog Analytics, Content ROI and Optimization Cycles",blog-analytics,42,3342,Conversion Tracking Not Working? A Diagnostic Guide,Problem/solution,conversion tracking
34,"Blog Analytics, Content ROI and Optimization Cycles",blog-analytics,43,3343,"Troubleshooting Assisted Conversions: Symptoms, Causes and Fixes",Problem/solution,assisted conversions
34,"Blog Analytics, Content ROI and Optimization Cycles",blog-analytics,44,3344,What to Do When Content ROI Models Suddenly Drops,Problem/solution,content ROI models
34,"Blog Analytics, Content ROI and Optimization Cycles",blog-analytics,45,3345,Fixing Broken Cost per Acquisition from Content: A Systematic Approach,Problem/solution,cost per acquisition from content
34,"Blog Analytics, Content ROI and Optimization Cycles",blog-analytics,46,3346,"Top-Of-Funnel Measurement: Frequently Asked Questions, Answered Directly",FAQ,top-of-funnel measurement
34,"Blog Analytics, Content ROI and Optimization Cycles",blog-analytics,47,3347,Is Internal Search Analysis Worth the Investment? An Honest Assessment,FAQ,internal search analysis
34,"Blog Analytics, Content ROI and Optimization Cycles",blog-analytics,48,3348,How Long Does Exit Pages Take to Show Results?,FAQ,exit pages
34,"Blog Analytics, Content ROI and Optimization Cycles",blog-analytics,49,3349,Do You Actually Need Reader Cohorts? A Decision Guide,FAQ,reader cohorts
34,"Blog Analytics, Content ROI and Optimization Cycles",blog-analytics,50,3350,Subscriber Conversion vs Top-Of-Funnel Measurement: Which Deserves Your Budget?,Comparison,subscriber conversion
34,"Blog Analytics, Content ROI and Optimization Cycles",blog-analytics,51,3351,"Comparing Dashboard Design and Exit Pages: Strengths, Limits and Overlap",Comparison,dashboard design
34,"Blog Analytics, Content ROI and Optimization Cycles",blog-analytics,52,3352,Content Scoring Models or Subscriber Conversion? A Decision Framework for Marketing Teams,Comparison,content scoring models
34,"Blog Analytics, Content ROI and Optimization Cycles",blog-analytics,53,3353,When to Choose Blog Traffic Analysis Over Content Scoring Models,Comparison,blog traffic analysis
34,"Blog Analytics, Content ROI and Optimization Cycles",blog-analytics,54,3354,Alternatives to Scroll Depth: When It Is the Wrong Tool for the Job,Alternatives,scroll depth
34,"Blog Analytics, Content ROI and Optimization Cycles",blog-analytics,55,3355,What to Use Instead of Time on Page for Constrained Teams,Alternatives,time on page
34,"Blog Analytics, Content ROI and Optimization Cycles",blog-analytics,56,3356,Rethinking Engagement Rate: Three Credible Alternatives,Alternatives,engagement rate
34,"Blog Analytics, Content ROI and Optimization Cycles",blog-analytics,57,3357,"The Best Tools for Content Decay Curves, Compared Honestly",Tools comparison,content decay curves
34,"Blog Analytics, Content ROI and Optimization Cycles",blog-analytics,58,3358,"Google Search Console for Refresh Prioritisation: Capabilities, Gaps and Fit",Tools comparison,refresh prioritisation
34,"Blog Analytics, Content ROI and Optimization Cycles",blog-analytics,59,3359,Choosing Content Pruning Software: Evaluation Criteria That Matter,Tools comparison,content pruning
34,"Blog Analytics, Content ROI and Optimization Cycles",blog-analytics,60,3360,How Much Does Conversion Tracking Really Cost in 2026?,Pricing,conversion tracking
34,"Blog Analytics, Content ROI and Optimization Cycles",blog-analytics,61,3361,Assisted Conversions Pricing Explained: What Drives the Bill,Pricing,assisted conversions
34,"Blog Analytics, Content ROI and Optimization Cycles",blog-analytics,62,3362,Budgeting for Content ROI Models: Realistic Numbers by Company Size,Pricing,content ROI models
34,"Blog Analytics, Content ROI and Optimization Cycles",blog-analytics,63,3363,Measuring the ROI of Cost per Acquisition from Content Without Guesswork,ROI,cost per acquisition from content
34,"Blog Analytics, Content ROI and Optimization Cycles",blog-analytics,64,3364,Does Top-Of-Funnel Measurement Pay for Itself? A Calculation Method,ROI,top-of-funnel measurement
34,"Blog Analytics, Content ROI and Optimization Cycles",blog-analytics,65,3365,Proving the Business Value of Internal Search Analysis to Finance,ROI,internal search analysis
34,"Blog Analytics, Content ROI and Optimization Cycles",blog-analytics,66,3366,Exit Pages Statistics That Should Shape Your 2026 Plan,Statistics,exit pages
34,"Blog Analytics, Content ROI and Optimization Cycles",blog-analytics,67,3367,What the Data Says About Reader Cohorts Performance,Statistics,reader cohorts
34,"Blog Analytics, Content ROI and Optimization Cycles",blog-analytics,68,3368,"Subscriber Conversion by the Numbers: Adoption, Cost and Outcomes",Statistics,subscriber conversion
34,"Blog Analytics, Content ROI and Optimization Cycles",blog-analytics,69,3369,Dashboard Design Trends Reshaping Marketing in 2026,Trends,dashboard design
34,"Blog Analytics, Content ROI and Optimization Cycles",blog-analytics,70,3370,"What Changed in Content Scoring Models This Year, and Why It Matters",Trends,content scoring models
34,"Blog Analytics, Content ROI and Optimization Cycles",blog-analytics,71,3371,Emerging Shifts in Blog Traffic Analysis Worth Watching,Trends,blog traffic analysis
34,"Blog Analytics, Content ROI and Optimization Cycles",blog-analytics,72,3372,Where Scroll Depth Is Heading Next: A Considered Forecast,Predictions,scroll depth
34,"Blog Analytics, Content ROI and Optimization Cycles",blog-analytics,73,3373,"Time on Page in Three Years: Reasonable Predictions, Not Hype",Predictions,time on page
34,"Blog Analytics, Content ROI and Optimization Cycles",blog-analytics,74,3374,Preparing Engagement Rate for the Post-Search Era,Predictions,engagement rate
34,"Blog Analytics, Content ROI and Optimization Cycles",blog-analytics,75,3375,What Is a Good Content Decay Curves Benchmark? Numbers by Industry,Benchmarks,content decay curves
34,"Blog Analytics, Content ROI and Optimization Cycles",blog-analytics,76,3376,Refresh Prioritisation Benchmarks: How to Tell Good From Average,Benchmarks,refresh prioritisation
34,"Blog Analytics, Content ROI and Optimization Cycles",blog-analytics,77,3377,Setting Realistic Content Pruning Targets Your Team Can Hit,Benchmarks,content pruning
34,"Blog Analytics, Content ROI and Optimization Cycles",blog-analytics,78,3378,Conversion Tracking for Education Companies: What Is Different,Industry-specific,conversion tracking
34,"Blog Analytics, Content ROI and Optimization Cycles",blog-analytics,79,3379,Applying Assisted Conversions in Real Estate: Constraints and Opportunities,Industry-specific,assisted conversions
34,"Blog Analytics, Content ROI and Optimization Cycles",blog-analytics,80,3380,Hospitality Content ROI Models: A Sector-Specific Playbook,Industry-specific,content ROI models
34,"Blog Analytics, Content ROI and Optimization Cycles",blog-analytics,81,3381,Why Standard Cost per Acquisition from Content Advice Fails in Financial Services,Industry-specific,cost per acquisition from content
34,"Blog Analytics, Content ROI and Optimization Cycles",blog-analytics,82,3382,Top-Of-Funnel Measurement for Solo Founders on a Tight Budget,Small business,top-of-funnel measurement
34,"Blog Analytics, Content ROI and Optimization Cycles",blog-analytics,83,3383,Practical Internal Search Analysis When You Are the Entire Marketing Team,Small business,internal search analysis
34,"Blog Analytics, Content ROI and Optimization Cycles",blog-analytics,84,3384,"Exit Pages for Startups: Start Here, Skip the Rest",Small business,exit pages
34,"Blog Analytics, Content ROI and Optimization Cycles",blog-analytics,85,3385,"Reader Cohorts for Global Teams: Governance, Scale and Sign-Off",Enterprise,reader cohorts
34,"Blog Analytics, Content ROI and Optimization Cycles",blog-analytics,86,3386,Rolling Out Subscriber Conversion Across Regulated Industries Without Chaos,Enterprise,subscriber conversion
34,"Blog Analytics, Content ROI and Optimization Cycles",blog-analytics,87,3387,Enterprise Dashboard Design: Coordination Costs and How to Contain Them,Enterprise,dashboard design
34,"Blog Analytics, Content ROI and Optimization Cycles",blog-analytics,88,3388,Content Scoring Models for Local Businesses in Kathmandu,Local business,content scoring models
34,"Blog Analytics, Content ROI and Optimization Cycles",blog-analytics,89,3389,"Adapting Blog Traffic Analysis for South Asia: Language, Payments and Behaviour",Local business,blog traffic analysis
34,"Blog Analytics, Content ROI and Optimization Cycles",blog-analytics,90,3390,Local-First Scroll Depth: Winning Customers Within Ten Kilometres,Local business,scroll depth
34,"Blog Analytics, Content ROI and Optimization Cycles",blog-analytics,91,3391,Time on Page for B2B Teams With Long Sales Cycles,B2B,time on page
34,"Blog Analytics, Content ROI and Optimization Cycles",blog-analytics,92,3392,How B2B Buying Committees Change Your Engagement Rate Approach,B2B,engagement rate
34,"Blog Analytics, Content ROI and Optimization Cycles",blog-analytics,93,3393,"Content Decay Curves That Generates Pipeline, Not Just Traffic",B2B,content decay curves
34,"Blog Analytics, Content ROI and Optimization Cycles",blog-analytics,94,3394,Refresh Prioritisation for B2C Brands Competing on Attention,B2C,refresh prioritisation
34,"Blog Analytics, Content ROI and Optimization Cycles",blog-analytics,95,3395,High-Volume Content Pruning for Consumer Brands,B2C,content pruning
34,"Blog Analytics, Content ROI and Optimization Cycles",blog-analytics,96,3396,"Conversion Tracking That Drives Repeat Purchases, Not One-Off Sales",B2C,conversion tracking
34,"Blog Analytics, Content ROI and Optimization Cycles",blog-analytics,97,3397,Using AI to Improve Assisted Conversions Without Losing Quality Control,AI-powered,assisted conversions
34,"Blog Analytics, Content ROI and Optimization Cycles",blog-analytics,98,3398,AI-Assisted Content ROI Models: Where It Helps and Where It Hurts,AI-powered,content ROI models
34,"Blog Analytics, Content ROI and Optimization Cycles",blog-analytics,99,3399,Can AI Agents Handle Cost per Acquisition from Content End to End?,AI-powered,cost per acquisition from content
34,"Blog Analytics, Content ROI and Optimization Cycles",blog-analytics,100,3400,How AI Search Is Changing Top-Of-Funnel Measurement,AI-powered,top-of-funnel measurement
35,Answer Engine Optimization (AEO),answer-engine-optimization,1,3401,What Is Featured Snippets? A Beginner's Guide for Answer Engine Optimization,Beginner guide,featured snippets
35,Answer Engine Optimization (AEO),answer-engine-optimization,2,3402,Paragraph Snippets Explained: A Plain-English Introduction,Beginner guide,paragraph snippets
35,Answer Engine Optimization (AEO),answer-engine-optimization,3,3403,Getting Started With List Snippets: What Beginners Need to Know First,Beginner guide,list snippets
35,Answer Engine Optimization (AEO),answer-engine-optimization,4,3404,Table Snippets for Complete Beginners: Core Concepts and First Steps,Beginner guide,table snippets
35,Answer Engine Optimization (AEO),answer-engine-optimization,5,3405,Advanced People Also Ask: Techniques Experienced Teams Actually Use,Advanced guide,People Also Ask
35,Answer Engine Optimization (AEO),answer-engine-optimization,6,3406,FAQ Schema at Scale: What Changes Once You Outgrow the Basics,Advanced guide,FAQ schema
35,Answer Engine Optimization (AEO),answer-engine-optimization,7,3407,Beyond the Basics: Sophisticated HowTo Schema Tactics That Still Work,Advanced guide,HowTo schema
35,Answer Engine Optimization (AEO),answer-engine-optimization,8,3408,How to Improve Question Research Without Increasing Your Budget,How-to,question research
35,Answer Engine Optimization (AEO),answer-engine-optimization,9,3409,How to Set Up Answer-First Writing Correctly the First Time,How-to,answer-first writing
35,Answer Engine Optimization (AEO),answer-engine-optimization,10,3410,How to Fix Concise Answer Blocks When It Stops Delivering Results,How-to,concise answer blocks
35,Answer Engine Optimization (AEO),answer-engine-optimization,11,3411,How to Audit Your Definition Boxes in Under an Hour,How-to,definition boxes
35,Answer Engine Optimization (AEO),answer-engine-optimization,12,3412,Step-by-Step: Building Your First Voice Search Optimisation Workflow,Step-by-step tutorial,voice search optimisation
35,Answer Engine Optimization (AEO),answer-engine-optimization,13,3413,"A Practical Walkthrough of Conversational Queries, From Setup to First Result",Step-by-step tutorial,conversational queries
35,Answer Engine Optimization (AEO),answer-engine-optimization,14,3414,Configuring Snippet Defence in AnswerThePublic: A Step-by-Step Tutorial,Step-by-step tutorial,snippet defence
35,Answer Engine Optimization (AEO),answer-engine-optimization,15,3415,The Complete Guide to Zero-Click Search in 2026,Ultimate guide,zero-click search
35,Answer Engine Optimization (AEO),answer-engine-optimization,16,3416,The Definitive Direct Answer Formatting Handbook for Modern Marketing Teams,Ultimate guide,direct answer formatting
35,Answer Engine Optimization (AEO),answer-engine-optimization,17,3417,Everything You Need to Know About Entity Disambiguation,Ultimate guide,entity disambiguation
35,Answer Engine Optimization (AEO),answer-engine-optimization,18,3418,The Semantic Markup Checklist Every Team Should Run Before Launch,Checklist,semantic markup
35,Answer Engine Optimization (AEO),answer-engine-optimization,19,3419,A Pre-Launch Q&A Pages Checklist You Can Finish in One Sitting,Checklist,Q&A pages
35,Answer Engine Optimization (AEO),answer-engine-optimization,20,3420,Monthly Structured Answers Maintenance Checklist for Busy Marketers,Checklist,structured answers
35,Answer Engine Optimization (AEO),answer-engine-optimization,21,3421,A Reusable Featured Snippets Template You Can Adapt Today,Template,featured snippets
35,Answer Engine Optimization (AEO),answer-engine-optimization,22,3422,"Free Paragraph Snippets Framework: Structure, Fields and Worked Example",Template,paragraph snippets
35,Answer Engine Optimization (AEO),answer-engine-optimization,23,3423,The List Snippets Brief Template That Cuts Revision Cycles,Template,list snippets
35,Answer Engine Optimization (AEO),answer-engine-optimization,24,3424,12 Real Table Snippets Examples Worth Studying,Examples,table snippets
35,Answer Engine Optimization (AEO),answer-engine-optimization,25,3425,People Also Ask Examples That Show What Good Actually Looks Like,Examples,People Also Ask
35,Answer Engine Optimization (AEO),answer-engine-optimization,26,3426,Annotated FAQ Schema Examples: Why Each One Works,Examples,FAQ schema
35,Answer Engine Optimization (AEO),answer-engine-optimization,27,3427,Case Study: How One E-Commerce Brand Rebuilt Its HowTo Schema,Case study,HowTo schema
35,Answer Engine Optimization (AEO),answer-engine-optimization,28,3428,Inside a Question Research Turnaround: What Changed and What It Cost,Case study,question research
35,Answer Engine Optimization (AEO),answer-engine-optimization,29,3429,"A 90-Day Answer-First Writing Experiment: Method, Results and Lessons",Case study,answer-first writing
35,Answer Engine Optimization (AEO),answer-engine-optimization,30,3430,Building a Concise Answer Blocks Strategy That Survives Algorithm Changes,Strategy,concise answer blocks
35,Answer Engine Optimization (AEO),answer-engine-optimization,31,3431,A Sustainable Definition Boxes Strategy for Teams With Limited Resources,Strategy,definition boxes
35,Answer Engine Optimization (AEO),answer-engine-optimization,32,3432,How to Prioritise Voice Search Optimisation When Everything Feels Urgent,Strategy,voice search optimisation
35,Answer Engine Optimization (AEO),answer-engine-optimization,33,3433,The Strategic Case for Investing in Conversational Queries This Year,Strategy,conversational queries
35,Answer Engine Optimization (AEO),answer-engine-optimization,34,3434,Snippet Defence Best Practices That Hold Up Under Scrutiny,Best practices,snippet defence
35,Answer Engine Optimization (AEO),answer-engine-optimization,35,3435,Proven Zero-Click Search Principles for Consistent Results,Best practices,zero-click search
35,Answer Engine Optimization (AEO),answer-engine-optimization,36,3436,What Disciplined Direct Answer Formatting Looks Like in Practice,Best practices,direct answer formatting
35,Answer Engine Optimization (AEO),answer-engine-optimization,37,3437,The Entity Disambiguation Standards High-Performing Teams Enforce,Best practices,entity disambiguation
35,Answer Engine Optimization (AEO),answer-engine-optimization,38,3438,Common Semantic Markup Mistakes That Quietly Cost You Revenue,Mistakes to avoid,semantic markup
35,Answer Engine Optimization (AEO),answer-engine-optimization,39,3439,Seven Q&A Pages Errors Almost Every Team Makes Early On,Mistakes to avoid,Q&A pages
35,Answer Engine Optimization (AEO),answer-engine-optimization,40,3440,"Why Most Structured Answers Efforts Stall, and How to Avoid It",Mistakes to avoid,structured answers
35,Answer Engine Optimization (AEO),answer-engine-optimization,41,3441,Featured Snippets Anti-Patterns Worth Unlearning,Mistakes to avoid,featured snippets
35,Answer Engine Optimization (AEO),answer-engine-optimization,42,3442,Paragraph Snippets Not Working? A Diagnostic Guide,Problem/solution,paragraph snippets
35,Answer Engine Optimization (AEO),answer-engine-optimization,43,3443,"Troubleshooting List Snippets: Symptoms, Causes and Fixes",Problem/solution,list snippets
35,Answer Engine Optimization (AEO),answer-engine-optimization,44,3444,What to Do When Table Snippets Suddenly Drops,Problem/solution,table snippets
35,Answer Engine Optimization (AEO),answer-engine-optimization,45,3445,Fixing Broken People Also Ask: A Systematic Approach,Problem/solution,People Also Ask
35,Answer Engine Optimization (AEO),answer-engine-optimization,46,3446,"FAQ Schema: Frequently Asked Questions, Answered Directly",FAQ,FAQ schema
35,Answer Engine Optimization (AEO),answer-engine-optimization,47,3447,Is HowTo Schema Worth the Investment? An Honest Assessment,FAQ,HowTo schema
35,Answer Engine Optimization (AEO),answer-engine-optimization,48,3448,How Long Does Question Research Take to Show Results?,FAQ,question research
35,Answer Engine Optimization (AEO),answer-engine-optimization,49,3449,Do You Actually Need Answer-First Writing? A Decision Guide,FAQ,answer-first writing
35,Answer Engine Optimization (AEO),answer-engine-optimization,50,3450,Concise Answer Blocks vs Structured Answers: Which Deserves Your Budget?,Comparison,concise answer blocks
35,Answer Engine Optimization (AEO),answer-engine-optimization,51,3451,"Comparing Definition Boxes and Paragraph Snippets: Strengths, Limits and Overlap",Comparison,definition boxes
35,Answer Engine Optimization (AEO),answer-engine-optimization,52,3452,Voice Search Optimisation or Table Snippets? A Decision Framework for Marketing Teams,Comparison,voice search optimisation
35,Answer Engine Optimization (AEO),answer-engine-optimization,53,3453,When to Choose Conversational Queries Over FAQ Schema,Comparison,conversational queries
35,Answer Engine Optimization (AEO),answer-engine-optimization,54,3454,Alternatives to Snippet Defence: When It Is the Wrong Tool for the Job,Alternatives,snippet defence
35,Answer Engine Optimization (AEO),answer-engine-optimization,55,3455,What to Use Instead of Zero-Click Search for Constrained Teams,Alternatives,zero-click search
35,Answer Engine Optimization (AEO),answer-engine-optimization,56,3456,Rethinking Direct Answer Formatting: Three Credible Alternatives,Alternatives,direct answer formatting
35,Answer Engine Optimization (AEO),answer-engine-optimization,57,3457,"The Best Tools for Entity Disambiguation, Compared Honestly",Tools comparison,entity disambiguation
35,Answer Engine Optimization (AEO),answer-engine-optimization,58,3458,"AnswerThePublic for Semantic Markup: Capabilities, Gaps and Fit",Tools comparison,semantic markup
35,Answer Engine Optimization (AEO),answer-engine-optimization,59,3459,Choosing Q&A Pages Software: Evaluation Criteria That Matter,Tools comparison,Q&A pages
35,Answer Engine Optimization (AEO),answer-engine-optimization,60,3460,How Much Does Structured Answers Really Cost in 2026?,Pricing,structured answers
35,Answer Engine Optimization (AEO),answer-engine-optimization,61,3461,Featured Snippets Pricing Explained: What Drives the Bill,Pricing,featured snippets
35,Answer Engine Optimization (AEO),answer-engine-optimization,62,3462,Budgeting for Paragraph Snippets: Realistic Numbers by Company Size,Pricing,paragraph snippets
35,Answer Engine Optimization (AEO),answer-engine-optimization,63,3463,Measuring the ROI of List Snippets Without Guesswork,ROI,list snippets
35,Answer Engine Optimization (AEO),answer-engine-optimization,64,3464,Does Table Snippets Pay for Itself? A Calculation Method,ROI,table snippets
35,Answer Engine Optimization (AEO),answer-engine-optimization,65,3465,Proving the Business Value of People Also Ask to Finance,ROI,People Also Ask
35,Answer Engine Optimization (AEO),answer-engine-optimization,66,3466,FAQ Schema Statistics That Should Shape Your 2026 Plan,Statistics,FAQ schema
35,Answer Engine Optimization (AEO),answer-engine-optimization,67,3467,What the Data Says About HowTo Schema Performance,Statistics,HowTo schema
35,Answer Engine Optimization (AEO),answer-engine-optimization,68,3468,"Question Research by the Numbers: Adoption, Cost and Outcomes",Statistics,question research
35,Answer Engine Optimization (AEO),answer-engine-optimization,69,3469,Answer-First Writing Trends Reshaping Marketing in 2026,Trends,answer-first writing
35,Answer Engine Optimization (AEO),answer-engine-optimization,70,3470,"What Changed in Concise Answer Blocks This Year, and Why It Matters",Trends,concise answer blocks
35,Answer Engine Optimization (AEO),answer-engine-optimization,71,3471,Emerging Shifts in Definition Boxes Worth Watching,Trends,definition boxes
35,Answer Engine Optimization (AEO),answer-engine-optimization,72,3472,Where Voice Search Optimisation Is Heading Next: A Considered Forecast,Predictions,voice search optimisation
35,Answer Engine Optimization (AEO),answer-engine-optimization,73,3473,"Conversational Queries in Three Years: Reasonable Predictions, Not Hype",Predictions,conversational queries
35,Answer Engine Optimization (AEO),answer-engine-optimization,74,3474,Preparing Snippet Defence for the Post-Search Era,Predictions,snippet defence
35,Answer Engine Optimization (AEO),answer-engine-optimization,75,3475,What Is a Good Zero-Click Search Benchmark? Numbers by Industry,Benchmarks,zero-click search
35,Answer Engine Optimization (AEO),answer-engine-optimization,76,3476,Direct Answer Formatting Benchmarks: How to Tell Good From Average,Benchmarks,direct answer formatting
35,Answer Engine Optimization (AEO),answer-engine-optimization,77,3477,Setting Realistic Entity Disambiguation Targets Your Team Can Hit,Benchmarks,entity disambiguation
35,Answer Engine Optimization (AEO),answer-engine-optimization,78,3478,Semantic Markup for Real Estate Companies: What Is Different,Industry-specific,semantic markup
35,Answer Engine Optimization (AEO),answer-engine-optimization,79,3479,Applying Q&A Pages in Hospitality: Constraints and Opportunities,Industry-specific,Q&A pages
35,Answer Engine Optimization (AEO),answer-engine-optimization,80,3480,Financial Services Structured Answers: A Sector-Specific Playbook,Industry-specific,structured answers
35,Answer Engine Optimization (AEO),answer-engine-optimization,81,3481,Why Standard Featured Snippets Advice Fails in Travel,Industry-specific,featured snippets
35,Answer Engine Optimization (AEO),answer-engine-optimization,82,3482,Paragraph Snippets for Local Shops on a Tight Budget,Small business,paragraph snippets
35,Answer Engine Optimization (AEO),answer-engine-optimization,83,3483,Practical List Snippets When You Are the Entire Marketing Team,Small business,list snippets
35,Answer Engine Optimization (AEO),answer-engine-optimization,84,3484,"Table Snippets for Freelancers: Start Here, Skip the Rest",Small business,table snippets
35,Answer Engine Optimization (AEO),answer-engine-optimization,85,3485,"People Also Ask for Regulated Industries: Governance, Scale and Sign-Off",Enterprise,People Also Ask
35,Answer Engine Optimization (AEO),answer-engine-optimization,86,3486,Rolling Out FAQ Schema Across Enterprise Teams Without Chaos,Enterprise,FAQ schema
35,Answer Engine Optimization (AEO),answer-engine-optimization,87,3487,Enterprise HowTo Schema: Coordination Costs and How to Contain Them,Enterprise,HowTo schema
35,Answer Engine Optimization (AEO),answer-engine-optimization,88,3488,Question Research for Local Businesses in South Asia,Local business,question research
35,Answer Engine Optimization (AEO),answer-engine-optimization,89,3489,"Adapting Answer-First Writing for Emerging Markets: Language, Payments and Behaviour",Local business,answer-first writing
35,Answer Engine Optimization (AEO),answer-engine-optimization,90,3490,Local-First Concise Answer Blocks: Winning Customers Within Ten Kilometres,Local business,concise answer blocks
35,Answer Engine Optimization (AEO),answer-engine-optimization,91,3491,Definition Boxes for B2B Teams With Long Sales Cycles,B2B,definition boxes
35,Answer Engine Optimization (AEO),answer-engine-optimization,92,3492,How B2B Buying Committees Change Your Voice Search Optimisation Approach,B2B,voice search optimisation
35,Answer Engine Optimization (AEO),answer-engine-optimization,93,3493,"Conversational Queries That Generates Pipeline, Not Just Traffic",B2B,conversational queries
35,Answer Engine Optimization (AEO),answer-engine-optimization,94,3494,Snippet Defence for B2C Brands Competing on Attention,B2C,snippet defence
35,Answer Engine Optimization (AEO),answer-engine-optimization,95,3495,High-Volume Zero-Click Search for Consumer Brands,B2C,zero-click search
35,Answer Engine Optimization (AEO),answer-engine-optimization,96,3496,"Direct Answer Formatting That Drives Repeat Purchases, Not One-Off Sales",B2C,direct answer formatting
35,Answer Engine Optimization (AEO),answer-engine-optimization,97,3497,Using AI to Improve Entity Disambiguation Without Losing Quality Control,AI-powered,entity disambiguation
35,Answer Engine Optimization (AEO),answer-engine-optimization,98,3498,AI-Assisted Semantic Markup: Where It Helps and Where It Hurts,AI-powered,semantic markup
35,Answer Engine Optimization (AEO),answer-engine-optimization,99,3499,Can AI Agents Handle Q&A Pages End to End?,AI-powered,Q&A pages
35,Answer Engine Optimization (AEO),answer-engine-optimization,100,3500,How AI Search Is Changing Structured Answers,AI-powered,structured answers
36,Generative Engine Optimization (GEO),generative-engine-optimization,1,3501,What Is AI Citation Mechanics? A Beginner's Guide for Generative Engine Optimization,Beginner guide,AI citation mechanics
36,Generative Engine Optimization (GEO),generative-engine-optimization,2,3502,Google AI Overviews Explained: A Plain-English Introduction,Beginner guide,Google AI Overviews
36,Generative Engine Optimization (GEO),generative-engine-optimization,3,3503,Getting Started With Perplexity Visibility: What Beginners Need to Know First,Beginner guide,Perplexity visibility
36,Generative Engine Optimization (GEO),generative-engine-optimization,4,3504,ChatGPT Search for Complete Beginners: Core Concepts and First Steps,Beginner guide,ChatGPT search
36,Generative Engine Optimization (GEO),generative-engine-optimization,5,3505,Advanced Gemini Answers: Techniques Experienced Teams Actually Use,Advanced guide,Gemini answers
36,Generative Engine Optimization (GEO),generative-engine-optimization,6,3506,Brand Mentions in LLMs at Scale: What Changes Once You Outgrow the Basics,Advanced guide,brand mentions in LLMs
36,Generative Engine Optimization (GEO),generative-engine-optimization,7,3507,Beyond the Basics: Sophisticated LLM Training Data Tactics That Still Work,Advanced guide,LLM training data
36,Generative Engine Optimization (GEO),generative-engine-optimization,8,3508,How to Improve Retrieval Augmented Generation Without Increasing Your Budget,How-to,retrieval augmented generation
36,Generative Engine Optimization (GEO),generative-engine-optimization,9,3509,How to Set Up Llms.txt Correctly the First Time,How-to,llms.txt
36,Generative Engine Optimization (GEO),generative-engine-optimization,10,3510,How to Fix AI Crawler Permissions When It Stops Delivering Results,How-to,AI crawler permissions
36,Generative Engine Optimization (GEO),generative-engine-optimization,11,3511,How to Audit Your Content Chunking for Retrieval in Under an Hour,How-to,content chunking for retrieval
36,Generative Engine Optimization (GEO),generative-engine-optimization,12,3512,Step-by-Step: Building Your First Structured Facts Workflow,Step-by-step tutorial,structured facts
36,Generative Engine Optimization (GEO),generative-engine-optimization,13,3513,"A Practical Walkthrough of Original Data for Citation, From Setup to First Result",Step-by-step tutorial,original data for citation
36,Generative Engine Optimization (GEO),generative-engine-optimization,14,3514,Configuring Source Authority Signals in Otterly: A Step-by-Step Tutorial,Step-by-step tutorial,source authority signals
36,Generative Engine Optimization (GEO),generative-engine-optimization,15,3515,The Complete Guide to Measuring AI Visibility in 2026,Ultimate guide,measuring AI visibility
36,Generative Engine Optimization (GEO),generative-engine-optimization,16,3516,The Definitive AI Referral Traffic Handbook for Modern Marketing Teams,Ultimate guide,AI referral traffic
36,Generative Engine Optimization (GEO),generative-engine-optimization,17,3517,Everything You Need to Know About Prompt-Level Ranking,Ultimate guide,prompt-level ranking
36,Generative Engine Optimization (GEO),generative-engine-optimization,18,3518,The Answer Share of Voice Checklist Every Team Should Run Before Launch,Checklist,answer share of voice
36,Generative Engine Optimization (GEO),generative-engine-optimization,19,3519,A Pre-Launch Entity Consistency Checklist You Can Finish in One Sitting,Checklist,entity consistency
36,Generative Engine Optimization (GEO),generative-engine-optimization,20,3520,Monthly Citation-Worthy Formatting Maintenance Checklist for Busy Marketers,Checklist,citation-worthy formatting
36,Generative Engine Optimization (GEO),generative-engine-optimization,21,3521,A Reusable AI Citation Mechanics Template You Can Adapt Today,Template,AI citation mechanics
36,Generative Engine Optimization (GEO),generative-engine-optimization,22,3522,"Free Google AI Overviews Framework: Structure, Fields and Worked Example",Template,Google AI Overviews
36,Generative Engine Optimization (GEO),generative-engine-optimization,23,3523,The Perplexity Visibility Brief Template That Cuts Revision Cycles,Template,Perplexity visibility
36,Generative Engine Optimization (GEO),generative-engine-optimization,24,3524,12 Real ChatGPT Search Examples Worth Studying,Examples,ChatGPT search
36,Generative Engine Optimization (GEO),generative-engine-optimization,25,3525,Gemini Answers Examples That Show What Good Actually Looks Like,Examples,Gemini answers
36,Generative Engine Optimization (GEO),generative-engine-optimization,26,3526,Annotated Brand Mentions in LLMs Examples: Why Each One Works,Examples,brand mentions in LLMs
36,Generative Engine Optimization (GEO),generative-engine-optimization,27,3527,Case Study: How One Healthcare Brand Rebuilt Its LLM Training Data,Case study,LLM training data
36,Generative Engine Optimization (GEO),generative-engine-optimization,28,3528,Inside a Retrieval Augmented Generation Turnaround: What Changed and What It Cost,Case study,retrieval augmented generation
36,Generative Engine Optimization (GEO),generative-engine-optimization,29,3529,"A 90-Day Llms.txt Experiment: Method, Results and Lessons",Case study,llms.txt
36,Generative Engine Optimization (GEO),generative-engine-optimization,30,3530,Building a AI Crawler Permissions Strategy That Survives Algorithm Changes,Strategy,AI crawler permissions
36,Generative Engine Optimization (GEO),generative-engine-optimization,31,3531,A Sustainable Content Chunking for Retrieval Strategy for Teams With Limited Resources,Strategy,content chunking for retrieval
36,Generative Engine Optimization (GEO),generative-engine-optimization,32,3532,How to Prioritise Structured Facts When Everything Feels Urgent,Strategy,structured facts
36,Generative Engine Optimization (GEO),generative-engine-optimization,33,3533,The Strategic Case for Investing in Original Data for Citation This Year,Strategy,original data for citation
36,Generative Engine Optimization (GEO),generative-engine-optimization,34,3534,Source Authority Signals Best Practices That Hold Up Under Scrutiny,Best practices,source authority signals
36,Generative Engine Optimization (GEO),generative-engine-optimization,35,3535,Proven Measuring AI Visibility Principles for Consistent Results,Best practices,measuring AI visibility
36,Generative Engine Optimization (GEO),generative-engine-optimization,36,3536,What Disciplined AI Referral Traffic Looks Like in Practice,Best practices,AI referral traffic
36,Generative Engine Optimization (GEO),generative-engine-optimization,37,3537,The Prompt-Level Ranking Standards High-Performing Teams Enforce,Best practices,prompt-level ranking
36,Generative Engine Optimization (GEO),generative-engine-optimization,38,3538,Common Answer Share of Voice Mistakes That Quietly Cost You Revenue,Mistakes to avoid,answer share of voice
36,Generative Engine Optimization (GEO),generative-engine-optimization,39,3539,Seven Entity Consistency Errors Almost Every Team Makes Early On,Mistakes to avoid,entity consistency
36,Generative Engine Optimization (GEO),generative-engine-optimization,40,3540,"Why Most Citation-Worthy Formatting Efforts Stall, and How to Avoid It",Mistakes to avoid,citation-worthy formatting
36,Generative Engine Optimization (GEO),generative-engine-optimization,41,3541,AI Citation Mechanics Anti-Patterns Worth Unlearning,Mistakes to avoid,AI citation mechanics
36,Generative Engine Optimization (GEO),generative-engine-optimization,42,3542,Google AI Overviews Not Working? A Diagnostic Guide,Problem/solution,Google AI Overviews
36,Generative Engine Optimization (GEO),generative-engine-optimization,43,3543,"Troubleshooting Perplexity Visibility: Symptoms, Causes and Fixes",Problem/solution,Perplexity visibility
36,Generative Engine Optimization (GEO),generative-engine-optimization,44,3544,What to Do When ChatGPT Search Suddenly Drops,Problem/solution,ChatGPT search
36,Generative Engine Optimization (GEO),generative-engine-optimization,45,3545,Fixing Broken Gemini Answers: A Systematic Approach,Problem/solution,Gemini answers
36,Generative Engine Optimization (GEO),generative-engine-optimization,46,3546,"Brand Mentions in LLMs: Frequently Asked Questions, Answered Directly",FAQ,brand mentions in LLMs
36,Generative Engine Optimization (GEO),generative-engine-optimization,47,3547,Is LLM Training Data Worth the Investment? An Honest Assessment,FAQ,LLM training data
36,Generative Engine Optimization (GEO),generative-engine-optimization,48,3548,How Long Does Retrieval Augmented Generation Take to Show Results?,FAQ,retrieval augmented generation
36,Generative Engine Optimization (GEO),generative-engine-optimization,49,3549,Do You Actually Need Llms.txt? A Decision Guide,FAQ,llms.txt
36,Generative Engine Optimization (GEO),generative-engine-optimization,50,3550,AI Crawler Permissions vs Citation-Worthy Formatting: Which Deserves Your Budget?,Comparison,AI crawler permissions
36,Generative Engine Optimization (GEO),generative-engine-optimization,51,3551,"Comparing Content Chunking for Retrieval and Google AI Overviews: Strengths, Limits and Overlap",Comparison,content chunking for retrieval
36,Generative Engine Optimization (GEO),generative-engine-optimization,52,3552,Structured Facts or ChatGPT Search? A Decision Framework for Marketing Teams,Comparison,structured facts
36,Generative Engine Optimization (GEO),generative-engine-optimization,53,3553,When to Choose Original Data for Citation Over Brand Mentions in LLMs,Comparison,original data for citation
36,Generative Engine Optimization (GEO),generative-engine-optimization,54,3554,Alternatives to Source Authority Signals: When It Is the Wrong Tool for the Job,Alternatives,source authority signals
36,Generative Engine Optimization (GEO),generative-engine-optimization,55,3555,What to Use Instead of Measuring AI Visibility for Constrained Teams,Alternatives,measuring AI visibility
36,Generative Engine Optimization (GEO),generative-engine-optimization,56,3556,Rethinking AI Referral Traffic: Three Credible Alternatives,Alternatives,AI referral traffic
36,Generative Engine Optimization (GEO),generative-engine-optimization,57,3557,"The Best Tools for Prompt-Level Ranking, Compared Honestly",Tools comparison,prompt-level ranking
36,Generative Engine Optimization (GEO),generative-engine-optimization,58,3558,"Profound for Answer Share of Voice: Capabilities, Gaps and Fit",Tools comparison,answer share of voice
36,Generative Engine Optimization (GEO),generative-engine-optimization,59,3559,Choosing Entity Consistency Software: Evaluation Criteria That Matter,Tools comparison,entity consistency
36,Generative Engine Optimization (GEO),generative-engine-optimization,60,3560,How Much Does Citation-Worthy Formatting Really Cost in 2026?,Pricing,citation-worthy formatting
36,Generative Engine Optimization (GEO),generative-engine-optimization,61,3561,AI Citation Mechanics Pricing Explained: What Drives the Bill,Pricing,AI citation mechanics
36,Generative Engine Optimization (GEO),generative-engine-optimization,62,3562,Budgeting for Google AI Overviews: Realistic Numbers by Company Size,Pricing,Google AI Overviews
36,Generative Engine Optimization (GEO),generative-engine-optimization,63,3563,Measuring the ROI of Perplexity Visibility Without Guesswork,ROI,Perplexity visibility
36,Generative Engine Optimization (GEO),generative-engine-optimization,64,3564,Does ChatGPT Search Pay for Itself? A Calculation Method,ROI,ChatGPT search
36,Generative Engine Optimization (GEO),generative-engine-optimization,65,3565,Proving the Business Value of Gemini Answers to Finance,ROI,Gemini answers
36,Generative Engine Optimization (GEO),generative-engine-optimization,66,3566,Brand Mentions in LLMs Statistics That Should Shape Your 2026 Plan,Statistics,brand mentions in LLMs
36,Generative Engine Optimization (GEO),generative-engine-optimization,67,3567,What the Data Says About LLM Training Data Performance,Statistics,LLM training data
36,Generative Engine Optimization (GEO),generative-engine-optimization,68,3568,"Retrieval Augmented Generation by the Numbers: Adoption, Cost and Outcomes",Statistics,retrieval augmented generation
36,Generative Engine Optimization (GEO),generative-engine-optimization,69,3569,Llms.txt Trends Reshaping Marketing in 2026,Trends,llms.txt
36,Generative Engine Optimization (GEO),generative-engine-optimization,70,3570,"What Changed in AI Crawler Permissions This Year, and Why It Matters",Trends,AI crawler permissions
36,Generative Engine Optimization (GEO),generative-engine-optimization,71,3571,Emerging Shifts in Content Chunking for Retrieval Worth Watching,Trends,content chunking for retrieval
36,Generative Engine Optimization (GEO),generative-engine-optimization,72,3572,Where Structured Facts Is Heading Next: A Considered Forecast,Predictions,structured facts
36,Generative Engine Optimization (GEO),generative-engine-optimization,73,3573,"Original Data for Citation in Three Years: Reasonable Predictions, Not Hype",Predictions,original data for citation
36,Generative Engine Optimization (GEO),generative-engine-optimization,74,3574,Preparing Source Authority Signals for the Post-Search Era,Predictions,source authority signals
36,Generative Engine Optimization (GEO),generative-engine-optimization,75,3575,What Is a Good Measuring AI Visibility Benchmark? Numbers by Industry,Benchmarks,measuring AI visibility
36,Generative Engine Optimization (GEO),generative-engine-optimization,76,3576,AI Referral Traffic Benchmarks: How to Tell Good From Average,Benchmarks,AI referral traffic
36,Generative Engine Optimization (GEO),generative-engine-optimization,77,3577,Setting Realistic Prompt-Level Ranking Targets Your Team Can Hit,Benchmarks,prompt-level ranking
36,Generative Engine Optimization (GEO),generative-engine-optimization,78,3578,Answer Share of Voice for Hospitality Companies: What Is Different,Industry-specific,answer share of voice
36,Generative Engine Optimization (GEO),generative-engine-optimization,79,3579,Applying Entity Consistency in Financial Services: Constraints and Opportunities,Industry-specific,entity consistency
36,Generative Engine Optimization (GEO),generative-engine-optimization,80,3580,Travel Citation-Worthy Formatting: A Sector-Specific Playbook,Industry-specific,citation-worthy formatting
36,Generative Engine Optimization (GEO),generative-engine-optimization,81,3581,Why Standard AI Citation Mechanics Advice Fails in Fitness,Industry-specific,AI citation mechanics
36,Generative Engine Optimization (GEO),generative-engine-optimization,82,3582,Google AI Overviews for Startups on a Tight Budget,Small business,Google AI Overviews
36,Generative Engine Optimization (GEO),generative-engine-optimization,83,3583,Practical Perplexity Visibility When You Are the Entire Marketing Team,Small business,Perplexity visibility
36,Generative Engine Optimization (GEO),generative-engine-optimization,84,3584,"ChatGPT Search for Family Businesses: Start Here, Skip the Rest",Small business,ChatGPT search
36,Generative Engine Optimization (GEO),generative-engine-optimization,85,3585,"Gemini Answers for Enterprise Teams: Governance, Scale and Sign-Off",Enterprise,Gemini answers
36,Generative Engine Optimization (GEO),generative-engine-optimization,86,3586,Rolling Out Brand Mentions in LLMs Across Large Organisations Without Chaos,Enterprise,brand mentions in LLMs
36,Generative Engine Optimization (GEO),generative-engine-optimization,87,3587,Enterprise LLM Training Data: Coordination Costs and How to Contain Them,Enterprise,LLM training data
36,Generative Engine Optimization (GEO),generative-engine-optimization,88,3588,Retrieval Augmented Generation for Local Businesses in Emerging Markets,Local business,retrieval augmented generation
36,Generative Engine Optimization (GEO),generative-engine-optimization,89,3589,"Adapting Llms.txt for Multilingual Markets: Language, Payments and Behaviour",Local business,llms.txt
36,Generative Engine Optimization (GEO),generative-engine-optimization,90,3590,Local-First AI Crawler Permissions: Winning Customers Within Ten Kilometres,Local business,AI crawler permissions
36,Generative Engine Optimization (GEO),generative-engine-optimization,91,3591,Content Chunking for Retrieval for B2B Teams With Long Sales Cycles,B2B,content chunking for retrieval
36,Generative Engine Optimization (GEO),generative-engine-optimization,92,3592,How B2B Buying Committees Change Your Structured Facts Approach,B2B,structured facts
36,Generative Engine Optimization (GEO),generative-engine-optimization,93,3593,"Original Data for Citation That Generates Pipeline, Not Just Traffic",B2B,original data for citation
36,Generative Engine Optimization (GEO),generative-engine-optimization,94,3594,Source Authority Signals for B2C Brands Competing on Attention,B2C,source authority signals
36,Generative Engine Optimization (GEO),generative-engine-optimization,95,3595,High-Volume Measuring AI Visibility for Consumer Brands,B2C,measuring AI visibility
36,Generative Engine Optimization (GEO),generative-engine-optimization,96,3596,"AI Referral Traffic That Drives Repeat Purchases, Not One-Off Sales",B2C,AI referral traffic
36,Generative Engine Optimization (GEO),generative-engine-optimization,97,3597,Using AI to Improve Prompt-Level Ranking Without Losing Quality Control,AI-powered,prompt-level ranking
36,Generative Engine Optimization (GEO),generative-engine-optimization,98,3598,AI-Assisted Answer Share of Voice: Where It Helps and Where It Hurts,AI-powered,answer share of voice
36,Generative Engine Optimization (GEO),generative-engine-optimization,99,3599,Can AI Agents Handle Entity Consistency End to End?,AI-powered,entity consistency
36,Generative Engine Optimization (GEO),generative-engine-optimization,100,3600,How AI Search Is Changing Citation-Worthy Formatting,AI-powered,citation-worthy formatting
37,AI Search Optimization and AI-Assisted Marketing (AIO),ai-optimization,1,3601,What Is AI Content Workflows? A Beginner's Guide for AI Marketing,Beginner guide,AI content workflows
37,AI Search Optimization and AI-Assisted Marketing (AIO),ai-optimization,2,3602,Prompt Engineering for Marketers Explained: A Plain-English Introduction,Beginner guide,prompt engineering for marketers
37,AI Search Optimization and AI-Assisted Marketing (AIO),ai-optimization,3,3603,Getting Started With Marketing AI Agents: What Beginners Need to Know First,Beginner guide,marketing AI agents
37,AI Search Optimization and AI-Assisted Marketing (AIO),ai-optimization,4,3604,AI Personalisation for Complete Beginners: Core Concepts and First Steps,Beginner guide,AI personalisation
37,AI Search Optimization and AI-Assisted Marketing (AIO),ai-optimization,5,3605,Advanced AI Analytics: Techniques Experienced Teams Actually Use,Advanced guide,AI analytics
37,AI Search Optimization and AI-Assisted Marketing (AIO),ai-optimization,6,3606,Predictive Segmentation at Scale: What Changes Once You Outgrow the Basics,Advanced guide,predictive segmentation
37,AI Search Optimization and AI-Assisted Marketing (AIO),ai-optimization,7,3607,Beyond the Basics: Sophisticated AI Copywriting Tactics That Still Work,Advanced guide,AI copywriting
37,AI Search Optimization and AI-Assisted Marketing (AIO),ai-optimization,8,3608,How to Improve AI Image Generation Without Increasing Your Budget,How-to,AI image generation
37,AI Search Optimization and AI-Assisted Marketing (AIO),ai-optimization,9,3609,How to Set Up AI Video Generation Correctly the First Time,How-to,AI video generation
37,AI Search Optimization and AI-Assisted Marketing (AIO),ai-optimization,10,3610,How to Fix Human-In-The-Loop Review When It Stops Delivering Results,How-to,human-in-the-loop review
37,AI Search Optimization and AI-Assisted Marketing (AIO),ai-optimization,11,3611,How to Audit Your AI Governance Policy in Under an Hour,How-to,AI governance policy
37,AI Search Optimization and AI-Assisted Marketing (AIO),ai-optimization,12,3612,Step-by-Step: Building Your First Hallucination Controls Workflow,Step-by-step tutorial,hallucination controls
37,AI Search Optimization and AI-Assisted Marketing (AIO),ai-optimization,13,3613,"A Practical Walkthrough of AI Tool Selection, From Setup to First Result",Step-by-step tutorial,AI tool selection
37,AI Search Optimization and AI-Assisted Marketing (AIO),ai-optimization,14,3614,Configuring Retrieval Augmented Marketing in Zapier: A Step-by-Step Tutorial,Step-by-step tutorial,retrieval augmented marketing
37,AI Search Optimization and AI-Assisted Marketing (AIO),ai-optimization,15,3615,The Complete Guide to AI for Keyword Research in 2026,Ultimate guide,AI for keyword research
37,AI Search Optimization and AI-Assisted Marketing (AIO),ai-optimization,16,3616,The Definitive AI for Ad Copy Handbook for Modern Marketing Teams,Ultimate guide,AI for ad copy
37,AI Search Optimization and AI-Assisted Marketing (AIO),ai-optimization,17,3617,Everything You Need to Know About AI Chat Agents,Ultimate guide,AI chat agents
37,AI Search Optimization and AI-Assisted Marketing (AIO),ai-optimization,18,3618,The AI Workflow Automation Checklist Every Team Should Run Before Launch,Checklist,AI workflow automation
37,AI Search Optimization and AI-Assisted Marketing (AIO),ai-optimization,19,3619,A Pre-Launch Model Selection Checklist You Can Finish in One Sitting,Checklist,model selection
37,AI Search Optimization and AI-Assisted Marketing (AIO),ai-optimization,20,3620,Monthly AI Cost Management Maintenance Checklist for Busy Marketers,Checklist,AI cost management
37,AI Search Optimization and AI-Assisted Marketing (AIO),ai-optimization,21,3621,A Reusable AI Content Workflows Template You Can Adapt Today,Template,AI content workflows
37,AI Search Optimization and AI-Assisted Marketing (AIO),ai-optimization,22,3622,"Free Prompt Engineering for Marketers Framework: Structure, Fields and Worked Example",Template,prompt engineering for marketers
37,AI Search Optimization and AI-Assisted Marketing (AIO),ai-optimization,23,3623,The Marketing AI Agents Brief Template That Cuts Revision Cycles,Template,marketing AI agents
37,AI Search Optimization and AI-Assisted Marketing (AIO),ai-optimization,24,3624,12 Real AI Personalisation Examples Worth Studying,Examples,AI personalisation
37,AI Search Optimization and AI-Assisted Marketing (AIO),ai-optimization,25,3625,AI Analytics Examples That Show What Good Actually Looks Like,Examples,AI analytics
37,AI Search Optimization and AI-Assisted Marketing (AIO),ai-optimization,26,3626,Annotated Predictive Segmentation Examples: Why Each One Works,Examples,predictive segmentation
37,AI Search Optimization and AI-Assisted Marketing (AIO),ai-optimization,27,3627,Case Study: How One Education Brand Rebuilt Its AI Copywriting,Case study,AI copywriting
37,AI Search Optimization and AI-Assisted Marketing (AIO),ai-optimization,28,3628,Inside a AI Image Generation Turnaround: What Changed and What It Cost,Case study,AI image generation
37,AI Search Optimization and AI-Assisted Marketing (AIO),ai-optimization,29,3629,"A 90-Day AI Video Generation Experiment: Method, Results and Lessons",Case study,AI video generation
37,AI Search Optimization and AI-Assisted Marketing (AIO),ai-optimization,30,3630,Building a Human-In-The-Loop Review Strategy That Survives Algorithm Changes,Strategy,human-in-the-loop review
37,AI Search Optimization and AI-Assisted Marketing (AIO),ai-optimization,31,3631,A Sustainable AI Governance Policy Strategy for Teams With Limited Resources,Strategy,AI governance policy
37,AI Search Optimization and AI-Assisted Marketing (AIO),ai-optimization,32,3632,How to Prioritise Hallucination Controls When Everything Feels Urgent,Strategy,hallucination controls
37,AI Search Optimization and AI-Assisted Marketing (AIO),ai-optimization,33,3633,The Strategic Case for Investing in AI Tool Selection This Year,Strategy,AI tool selection
37,AI Search Optimization and AI-Assisted Marketing (AIO),ai-optimization,34,3634,Retrieval Augmented Marketing Best Practices That Hold Up Under Scrutiny,Best practices,retrieval augmented marketing
37,AI Search Optimization and AI-Assisted Marketing (AIO),ai-optimization,35,3635,Proven AI for Keyword Research Principles for Consistent Results,Best practices,AI for keyword research
37,AI Search Optimization and AI-Assisted Marketing (AIO),ai-optimization,36,3636,What Disciplined AI for Ad Copy Looks Like in Practice,Best practices,AI for ad copy
37,AI Search Optimization and AI-Assisted Marketing (AIO),ai-optimization,37,3637,The AI Chat Agents Standards High-Performing Teams Enforce,Best practices,AI chat agents
37,AI Search Optimization and AI-Assisted Marketing (AIO),ai-optimization,38,3638,Common AI Workflow Automation Mistakes That Quietly Cost You Revenue,Mistakes to avoid,AI workflow automation
37,AI Search Optimization and AI-Assisted Marketing (AIO),ai-optimization,39,3639,Seven Model Selection Errors Almost Every Team Makes Early On,Mistakes to avoid,model selection
37,AI Search Optimization and AI-Assisted Marketing (AIO),ai-optimization,40,3640,"Why Most AI Cost Management Efforts Stall, and How to Avoid It",Mistakes to avoid,AI cost management
37,AI Search Optimization and AI-Assisted Marketing (AIO),ai-optimization,41,3641,AI Content Workflows Anti-Patterns Worth Unlearning,Mistakes to avoid,AI content workflows
37,AI Search Optimization and AI-Assisted Marketing (AIO),ai-optimization,42,3642,Prompt Engineering for Marketers Not Working? A Diagnostic Guide,Problem/solution,prompt engineering for marketers
37,AI Search Optimization and AI-Assisted Marketing (AIO),ai-optimization,43,3643,"Troubleshooting Marketing AI Agents: Symptoms, Causes and Fixes",Problem/solution,marketing AI agents
37,AI Search Optimization and AI-Assisted Marketing (AIO),ai-optimization,44,3644,What to Do When AI Personalisation Suddenly Drops,Problem/solution,AI personalisation
37,AI Search Optimization and AI-Assisted Marketing (AIO),ai-optimization,45,3645,Fixing Broken AI Analytics: A Systematic Approach,Problem/solution,AI analytics
37,AI Search Optimization and AI-Assisted Marketing (AIO),ai-optimization,46,3646,"Predictive Segmentation: Frequently Asked Questions, Answered Directly",FAQ,predictive segmentation
37,AI Search Optimization and AI-Assisted Marketing (AIO),ai-optimization,47,3647,Is AI Copywriting Worth the Investment? An Honest Assessment,FAQ,AI copywriting
37,AI Search Optimization and AI-Assisted Marketing (AIO),ai-optimization,48,3648,How Long Does AI Image Generation Take to Show Results?,FAQ,AI image generation
37,AI Search Optimization and AI-Assisted Marketing (AIO),ai-optimization,49,3649,Do You Actually Need AI Video Generation? A Decision Guide,FAQ,AI video generation
37,AI Search Optimization and AI-Assisted Marketing (AIO),ai-optimization,50,3650,Human-In-The-Loop Review vs AI Cost Management: Which Deserves Your Budget?,Comparison,human-in-the-loop review
37,AI Search Optimization and AI-Assisted Marketing (AIO),ai-optimization,51,3651,"Comparing AI Governance Policy and Prompt Engineering for Marketers: Strengths, Limits and Overlap",Comparison,AI governance policy
37,AI Search Optimization and AI-Assisted Marketing (AIO),ai-optimization,52,3652,Hallucination Controls or AI Personalisation? A Decision Framework for Marketing Teams,Comparison,hallucination controls
37,AI Search Optimization and AI-Assisted Marketing (AIO),ai-optimization,53,3653,When to Choose AI Tool Selection Over Predictive Segmentation,Comparison,AI tool selection
37,AI Search Optimization and AI-Assisted Marketing (AIO),ai-optimization,54,3654,Alternatives to Retrieval Augmented Marketing: When It Is the Wrong Tool for the Job,Alternatives,retrieval augmented marketing
37,AI Search Optimization and AI-Assisted Marketing (AIO),ai-optimization,55,3655,What to Use Instead of AI for Keyword Research for Constrained Teams,Alternatives,AI for keyword research
37,AI Search Optimization and AI-Assisted Marketing (AIO),ai-optimization,56,3656,Rethinking AI for Ad Copy: Three Credible Alternatives,Alternatives,AI for ad copy
37,AI Search Optimization and AI-Assisted Marketing (AIO),ai-optimization,57,3657,"The Best Tools for AI Chat Agents, Compared Honestly",Tools comparison,AI chat agents
37,AI Search Optimization and AI-Assisted Marketing (AIO),ai-optimization,58,3658,"Gemini for AI Workflow Automation: Capabilities, Gaps and Fit",Tools comparison,AI workflow automation
37,AI Search Optimization and AI-Assisted Marketing (AIO),ai-optimization,59,3659,Choosing Model Selection Software: Evaluation Criteria That Matter,Tools comparison,model selection
37,AI Search Optimization and AI-Assisted Marketing (AIO),ai-optimization,60,3660,How Much Does AI Cost Management Really Cost in 2026?,Pricing,AI cost management
37,AI Search Optimization and AI-Assisted Marketing (AIO),ai-optimization,61,3661,AI Content Workflows Pricing Explained: What Drives the Bill,Pricing,AI content workflows
37,AI Search Optimization and AI-Assisted Marketing (AIO),ai-optimization,62,3662,Budgeting for Prompt Engineering for Marketers: Realistic Numbers by Company Size,Pricing,prompt engineering for marketers
37,AI Search Optimization and AI-Assisted Marketing (AIO),ai-optimization,63,3663,Measuring the ROI of Marketing AI Agents Without Guesswork,ROI,marketing AI agents
37,AI Search Optimization and AI-Assisted Marketing (AIO),ai-optimization,64,3664,Does AI Personalisation Pay for Itself? A Calculation Method,ROI,AI personalisation
37,AI Search Optimization and AI-Assisted Marketing (AIO),ai-optimization,65,3665,Proving the Business Value of AI Analytics to Finance,ROI,AI analytics
37,AI Search Optimization and AI-Assisted Marketing (AIO),ai-optimization,66,3666,Predictive Segmentation Statistics That Should Shape Your 2026 Plan,Statistics,predictive segmentation
37,AI Search Optimization and AI-Assisted Marketing (AIO),ai-optimization,67,3667,What the Data Says About AI Copywriting Performance,Statistics,AI copywriting
37,AI Search Optimization and AI-Assisted Marketing (AIO),ai-optimization,68,3668,"AI Image Generation by the Numbers: Adoption, Cost and Outcomes",Statistics,AI image generation
37,AI Search Optimization and AI-Assisted Marketing (AIO),ai-optimization,69,3669,AI Video Generation Trends Reshaping Marketing in 2026,Trends,AI video generation
37,AI Search Optimization and AI-Assisted Marketing (AIO),ai-optimization,70,3670,"What Changed in Human-In-The-Loop Review This Year, and Why It Matters",Trends,human-in-the-loop review
37,AI Search Optimization and AI-Assisted Marketing (AIO),ai-optimization,71,3671,Emerging Shifts in AI Governance Policy Worth Watching,Trends,AI governance policy
37,AI Search Optimization and AI-Assisted Marketing (AIO),ai-optimization,72,3672,Where Hallucination Controls Is Heading Next: A Considered Forecast,Predictions,hallucination controls
37,AI Search Optimization and AI-Assisted Marketing (AIO),ai-optimization,73,3673,"AI Tool Selection in Three Years: Reasonable Predictions, Not Hype",Predictions,AI tool selection
37,AI Search Optimization and AI-Assisted Marketing (AIO),ai-optimization,74,3674,Preparing Retrieval Augmented Marketing for the Post-Search Era,Predictions,retrieval augmented marketing
37,AI Search Optimization and AI-Assisted Marketing (AIO),ai-optimization,75,3675,What Is a Good AI for Keyword Research Benchmark? Numbers by Industry,Benchmarks,AI for keyword research
37,AI Search Optimization and AI-Assisted Marketing (AIO),ai-optimization,76,3676,AI for Ad Copy Benchmarks: How to Tell Good From Average,Benchmarks,AI for ad copy
37,AI Search Optimization and AI-Assisted Marketing (AIO),ai-optimization,77,3677,Setting Realistic AI Chat Agents Targets Your Team Can Hit,Benchmarks,AI chat agents
37,AI Search Optimization and AI-Assisted Marketing (AIO),ai-optimization,78,3678,AI Workflow Automation for Financial Services Companies: What Is Different,Industry-specific,AI workflow automation
37,AI Search Optimization and AI-Assisted Marketing (AIO),ai-optimization,79,3679,Applying Model Selection in Travel: Constraints and Opportunities,Industry-specific,model selection
37,AI Search Optimization and AI-Assisted Marketing (AIO),ai-optimization,80,3680,Fitness AI Cost Management: A Sector-Specific Playbook,Industry-specific,AI cost management
37,AI Search Optimization and AI-Assisted Marketing (AIO),ai-optimization,81,3681,Why Standard AI Content Workflows Advice Fails in Professional Services,Industry-specific,AI content workflows
37,AI Search Optimization and AI-Assisted Marketing (AIO),ai-optimization,82,3682,Prompt Engineering for Marketers for Freelancers on a Tight Budget,Small business,prompt engineering for marketers
37,AI Search Optimization and AI-Assisted Marketing (AIO),ai-optimization,83,3683,Practical Marketing AI Agents When You Are the Entire Marketing Team,Small business,marketing AI agents
37,AI Search Optimization and AI-Assisted Marketing (AIO),ai-optimization,84,3684,"AI Personalisation for Small Businesses: Start Here, Skip the Rest",Small business,AI personalisation
37,AI Search Optimization and AI-Assisted Marketing (AIO),ai-optimization,85,3685,"AI Analytics for Large Organisations: Governance, Scale and Sign-Off",Enterprise,AI analytics
37,AI Search Optimization and AI-Assisted Marketing (AIO),ai-optimization,86,3686,Rolling Out Predictive Segmentation Across Multi-Brand Groups Without Chaos,Enterprise,predictive segmentation
37,AI Search Optimization and AI-Assisted Marketing (AIO),ai-optimization,87,3687,Enterprise AI Copywriting: Coordination Costs and How to Contain Them,Enterprise,AI copywriting
37,AI Search Optimization and AI-Assisted Marketing (AIO),ai-optimization,88,3688,AI Image Generation for Local Businesses in Multilingual Markets,Local business,AI image generation
37,AI Search Optimization and AI-Assisted Marketing (AIO),ai-optimization,89,3689,"Adapting AI Video Generation for Nepal: Language, Payments and Behaviour",Local business,AI video generation
37,AI Search Optimization and AI-Assisted Marketing (AIO),ai-optimization,90,3690,Local-First Human-In-The-Loop Review: Winning Customers Within Ten Kilometres,Local business,human-in-the-loop review
37,AI Search Optimization and AI-Assisted Marketing (AIO),ai-optimization,91,3691,AI Governance Policy for B2B Teams With Long Sales Cycles,B2B,AI governance policy
37,AI Search Optimization and AI-Assisted Marketing (AIO),ai-optimization,92,3692,How B2B Buying Committees Change Your Hallucination Controls Approach,B2B,hallucination controls
37,AI Search Optimization and AI-Assisted Marketing (AIO),ai-optimization,93,3693,"AI Tool Selection That Generates Pipeline, Not Just Traffic",B2B,AI tool selection
37,AI Search Optimization and AI-Assisted Marketing (AIO),ai-optimization,94,3694,Retrieval Augmented Marketing for B2C Brands Competing on Attention,B2C,retrieval augmented marketing
37,AI Search Optimization and AI-Assisted Marketing (AIO),ai-optimization,95,3695,High-Volume AI for Keyword Research for Consumer Brands,B2C,AI for keyword research
37,AI Search Optimization and AI-Assisted Marketing (AIO),ai-optimization,96,3696,"AI for Ad Copy That Drives Repeat Purchases, Not One-Off Sales",B2C,AI for ad copy
37,AI Search Optimization and AI-Assisted Marketing (AIO),ai-optimization,97,3697,Using AI to Improve AI Chat Agents Without Losing Quality Control,AI-powered,AI chat agents
37,AI Search Optimization and AI-Assisted Marketing (AIO),ai-optimization,98,3698,AI-Assisted AI Workflow Automation: Where It Helps and Where It Hurts,AI-powered,AI workflow automation
37,AI Search Optimization and AI-Assisted Marketing (AIO),ai-optimization,99,3699,Can AI Agents Handle Model Selection End to End?,AI-powered,model selection
37,AI Search Optimization and AI-Assisted Marketing (AIO),ai-optimization,100,3700,How AI Search Is Changing AI Cost Management,AI-powered,AI cost management
38,Marketing Automation and Workflow Orchestration,marketing-automation,1,3701,What Is Workflow Design Patterns? A Beginner's Guide for Marketing Automation,Beginner guide,workflow design patterns
38,Marketing Automation and Workflow Orchestration,marketing-automation,2,3702,Lead Scoring Models Explained: A Plain-English Introduction,Beginner guide,lead scoring models
38,Marketing Automation and Workflow Orchestration,marketing-automation,3,3703,Getting Started With Cross-Channel Orchestration: What Beginners Need to Know First,Beginner guide,cross-channel orchestration
38,Marketing Automation and Workflow Orchestration,marketing-automation,4,3704,Trigger Architecture for Complete Beginners: Core Concepts and First Steps,Beginner guide,trigger architecture
38,Marketing Automation and Workflow Orchestration,marketing-automation,5,3705,Advanced Data Synchronisation: Techniques Experienced Teams Actually Use,Advanced guide,data synchronisation
38,Marketing Automation and Workflow Orchestration,marketing-automation,6,3706,API Integrations at Scale: What Changes Once You Outgrow the Basics,Advanced guide,API integrations
38,Marketing Automation and Workflow Orchestration,marketing-automation,7,3707,Beyond the Basics: Sophisticated Webhooks Tactics That Still Work,Advanced guide,webhooks
38,Marketing Automation and Workflow Orchestration,marketing-automation,8,3708,How to Improve Event Tracking Without Increasing Your Budget,How-to,event tracking
38,Marketing Automation and Workflow Orchestration,marketing-automation,9,3709,How to Set Up Idempotency and Retries Correctly the First Time,How-to,idempotency and retries
38,Marketing Automation and Workflow Orchestration,marketing-automation,10,3710,How to Fix Error Handling When It Stops Delivering Results,How-to,error handling
38,Marketing Automation and Workflow Orchestration,marketing-automation,11,3711,How to Audit Your Sandbox Testing in Under an Hour,How-to,sandbox testing
38,Marketing Automation and Workflow Orchestration,marketing-automation,12,3712,Step-by-Step: Building Your First Platform Migration Workflow,Step-by-step tutorial,platform migration
38,Marketing Automation and Workflow Orchestration,marketing-automation,13,3713,"A Practical Walkthrough of No-Code Automation, From Setup to First Result",Step-by-step tutorial,no-code automation
38,Marketing Automation and Workflow Orchestration,marketing-automation,14,3714,Configuring Reverse ETL in HubSpot: A Step-by-Step Tutorial,Step-by-step tutorial,reverse ETL
38,Marketing Automation and Workflow Orchestration,marketing-automation,15,3715,The Complete Guide to Customer Data Platforms in 2026,Ultimate guide,customer data platforms
38,Marketing Automation and Workflow Orchestration,marketing-automation,16,3716,The Definitive Consent Propagation Handbook for Modern Marketing Teams,Ultimate guide,consent propagation
38,Marketing Automation and Workflow Orchestration,marketing-automation,17,3717,Everything You Need to Know About Automation Governance,Ultimate guide,automation governance
38,Marketing Automation and Workflow Orchestration,marketing-automation,18,3718,The Workflow Documentation Checklist Every Team Should Run Before Launch,Checklist,workflow documentation
38,Marketing Automation and Workflow Orchestration,marketing-automation,19,3719,A Pre-Launch SLA Monitoring Checklist You Can Finish in One Sitting,Checklist,SLA monitoring
38,Marketing Automation and Workflow Orchestration,marketing-automation,20,3720,Monthly Orchestration at Scale Maintenance Checklist for Busy Marketers,Checklist,orchestration at scale
38,Marketing Automation and Workflow Orchestration,marketing-automation,21,3721,A Reusable Workflow Design Patterns Template You Can Adapt Today,Template,workflow design patterns
38,Marketing Automation and Workflow Orchestration,marketing-automation,22,3722,"Free Lead Scoring Models Framework: Structure, Fields and Worked Example",Template,lead scoring models
38,Marketing Automation and Workflow Orchestration,marketing-automation,23,3723,The Cross-Channel Orchestration Brief Template That Cuts Revision Cycles,Template,cross-channel orchestration
38,Marketing Automation and Workflow Orchestration,marketing-automation,24,3724,12 Real Trigger Architecture Examples Worth Studying,Examples,trigger architecture
38,Marketing Automation and Workflow Orchestration,marketing-automation,25,3725,Data Synchronisation Examples That Show What Good Actually Looks Like,Examples,data synchronisation
38,Marketing Automation and Workflow Orchestration,marketing-automation,26,3726,Annotated API Integrations Examples: Why Each One Works,Examples,API integrations
38,Marketing Automation and Workflow Orchestration,marketing-automation,27,3727,Case Study: How One Real Estate Brand Rebuilt Its Webhooks,Case study,webhooks
38,Marketing Automation and Workflow Orchestration,marketing-automation,28,3728,Inside a Event Tracking Turnaround: What Changed and What It Cost,Case study,event tracking
38,Marketing Automation and Workflow Orchestration,marketing-automation,29,3729,"A 90-Day Idempotency and Retries Experiment: Method, Results and Lessons",Case study,idempotency and retries
38,Marketing Automation and Workflow Orchestration,marketing-automation,30,3730,Building a Error Handling Strategy That Survives Algorithm Changes,Strategy,error handling
38,Marketing Automation and Workflow Orchestration,marketing-automation,31,3731,A Sustainable Sandbox Testing Strategy for Teams With Limited Resources,Strategy,sandbox testing
38,Marketing Automation and Workflow Orchestration,marketing-automation,32,3732,How to Prioritise Platform Migration When Everything Feels Urgent,Strategy,platform migration
38,Marketing Automation and Workflow Orchestration,marketing-automation,33,3733,The Strategic Case for Investing in No-Code Automation This Year,Strategy,no-code automation
38,Marketing Automation and Workflow Orchestration,marketing-automation,34,3734,Reverse ETL Best Practices That Hold Up Under Scrutiny,Best practices,reverse ETL
38,Marketing Automation and Workflow Orchestration,marketing-automation,35,3735,Proven Customer Data Platforms Principles for Consistent Results,Best practices,customer data platforms
38,Marketing Automation and Workflow Orchestration,marketing-automation,36,3736,What Disciplined Consent Propagation Looks Like in Practice,Best practices,consent propagation
38,Marketing Automation and Workflow Orchestration,marketing-automation,37,3737,The Automation Governance Standards High-Performing Teams Enforce,Best practices,automation governance
38,Marketing Automation and Workflow Orchestration,marketing-automation,38,3738,Common Workflow Documentation Mistakes That Quietly Cost You Revenue,Mistakes to avoid,workflow documentation
38,Marketing Automation and Workflow Orchestration,marketing-automation,39,3739,Seven SLA Monitoring Errors Almost Every Team Makes Early On,Mistakes to avoid,SLA monitoring
38,Marketing Automation and Workflow Orchestration,marketing-automation,40,3740,"Why Most Orchestration at Scale Efforts Stall, and How to Avoid It",Mistakes to avoid,orchestration at scale
38,Marketing Automation and Workflow Orchestration,marketing-automation,41,3741,Workflow Design Patterns Anti-Patterns Worth Unlearning,Mistakes to avoid,workflow design patterns
38,Marketing Automation and Workflow Orchestration,marketing-automation,42,3742,Lead Scoring Models Not Working? A Diagnostic Guide,Problem/solution,lead scoring models
38,Marketing Automation and Workflow Orchestration,marketing-automation,43,3743,"Troubleshooting Cross-Channel Orchestration: Symptoms, Causes and Fixes",Problem/solution,cross-channel orchestration
38,Marketing Automation and Workflow Orchestration,marketing-automation,44,3744,What to Do When Trigger Architecture Suddenly Drops,Problem/solution,trigger architecture
38,Marketing Automation and Workflow Orchestration,marketing-automation,45,3745,Fixing Broken Data Synchronisation: A Systematic Approach,Problem/solution,data synchronisation
38,Marketing Automation and Workflow Orchestration,marketing-automation,46,3746,"API Integrations: Frequently Asked Questions, Answered Directly",FAQ,API integrations
38,Marketing Automation and Workflow Orchestration,marketing-automation,47,3747,Is Webhooks Worth the Investment? An Honest Assessment,FAQ,webhooks
38,Marketing Automation and Workflow Orchestration,marketing-automation,48,3748,How Long Does Event Tracking Take to Show Results?,FAQ,event tracking
38,Marketing Automation and Workflow Orchestration,marketing-automation,49,3749,Do You Actually Need Idempotency and Retries? A Decision Guide,FAQ,idempotency and retries
38,Marketing Automation and Workflow Orchestration,marketing-automation,50,3750,Error Handling vs Orchestration at Scale: Which Deserves Your Budget?,Comparison,error handling
38,Marketing Automation and Workflow Orchestration,marketing-automation,51,3751,"Comparing Sandbox Testing and Lead Scoring Models: Strengths, Limits and Overlap",Comparison,sandbox testing
38,Marketing Automation and Workflow Orchestration,marketing-automation,52,3752,Platform Migration or Trigger Architecture? A Decision Framework for Marketing Teams,Comparison,platform migration
38,Marketing Automation and Workflow Orchestration,marketing-automation,53,3753,When to Choose No-Code Automation Over API Integrations,Comparison,no-code automation
38,Marketing Automation and Workflow Orchestration,marketing-automation,54,3754,Alternatives to Reverse ETL: When It Is the Wrong Tool for the Job,Alternatives,reverse ETL
38,Marketing Automation and Workflow Orchestration,marketing-automation,55,3755,What to Use Instead of Customer Data Platforms for Constrained Teams,Alternatives,customer data platforms
38,Marketing Automation and Workflow Orchestration,marketing-automation,56,3756,Rethinking Consent Propagation: Three Credible Alternatives,Alternatives,consent propagation
38,Marketing Automation and Workflow Orchestration,marketing-automation,57,3757,"The Best Tools for Automation Governance, Compared Honestly",Tools comparison,automation governance
38,Marketing Automation and Workflow Orchestration,marketing-automation,58,3758,"N8n for Workflow Documentation: Capabilities, Gaps and Fit",Tools comparison,workflow documentation
38,Marketing Automation and Workflow Orchestration,marketing-automation,59,3759,Choosing SLA Monitoring Software: Evaluation Criteria That Matter,Tools comparison,SLA monitoring
38,Marketing Automation and Workflow Orchestration,marketing-automation,60,3760,How Much Does Orchestration at Scale Really Cost in 2026?,Pricing,orchestration at scale
38,Marketing Automation and Workflow Orchestration,marketing-automation,61,3761,Workflow Design Patterns Pricing Explained: What Drives the Bill,Pricing,workflow design patterns
38,Marketing Automation and Workflow Orchestration,marketing-automation,62,3762,Budgeting for Lead Scoring Models: Realistic Numbers by Company Size,Pricing,lead scoring models
38,Marketing Automation and Workflow Orchestration,marketing-automation,63,3763,Measuring the ROI of Cross-Channel Orchestration Without Guesswork,ROI,cross-channel orchestration
38,Marketing Automation and Workflow Orchestration,marketing-automation,64,3764,Does Trigger Architecture Pay for Itself? A Calculation Method,ROI,trigger architecture
38,Marketing Automation and Workflow Orchestration,marketing-automation,65,3765,Proving the Business Value of Data Synchronisation to Finance,ROI,data synchronisation
38,Marketing Automation and Workflow Orchestration,marketing-automation,66,3766,API Integrations Statistics That Should Shape Your 2026 Plan,Statistics,API integrations
38,Marketing Automation and Workflow Orchestration,marketing-automation,67,3767,What the Data Says About Webhooks Performance,Statistics,webhooks
38,Marketing Automation and Workflow Orchestration,marketing-automation,68,3768,"Event Tracking by the Numbers: Adoption, Cost and Outcomes",Statistics,event tracking
38,Marketing Automation and Workflow Orchestration,marketing-automation,69,3769,Idempotency and Retries Trends Reshaping Marketing in 2026,Trends,idempotency and retries
38,Marketing Automation and Workflow Orchestration,marketing-automation,70,3770,"What Changed in Error Handling This Year, and Why It Matters",Trends,error handling
38,Marketing Automation and Workflow Orchestration,marketing-automation,71,3771,Emerging Shifts in Sandbox Testing Worth Watching,Trends,sandbox testing
38,Marketing Automation and Workflow Orchestration,marketing-automation,72,3772,Where Platform Migration Is Heading Next: A Considered Forecast,Predictions,platform migration
38,Marketing Automation and Workflow Orchestration,marketing-automation,73,3773,"No-Code Automation in Three Years: Reasonable Predictions, Not Hype",Predictions,no-code automation
38,Marketing Automation and Workflow Orchestration,marketing-automation,74,3774,Preparing Reverse ETL for the Post-Search Era,Predictions,reverse ETL
38,Marketing Automation and Workflow Orchestration,marketing-automation,75,3775,What Is a Good Customer Data Platforms Benchmark? Numbers by Industry,Benchmarks,customer data platforms
38,Marketing Automation and Workflow Orchestration,marketing-automation,76,3776,Consent Propagation Benchmarks: How to Tell Good From Average,Benchmarks,consent propagation
38,Marketing Automation and Workflow Orchestration,marketing-automation,77,3777,Setting Realistic Automation Governance Targets Your Team Can Hit,Benchmarks,automation governance
38,Marketing Automation and Workflow Orchestration,marketing-automation,78,3778,Workflow Documentation for Travel Companies: What Is Different,Industry-specific,workflow documentation
38,Marketing Automation and Workflow Orchestration,marketing-automation,79,3779,Applying SLA Monitoring in Fitness: Constraints and Opportunities,Industry-specific,SLA monitoring
38,Marketing Automation and Workflow Orchestration,marketing-automation,80,3780,Professional Services Orchestration at Scale: A Sector-Specific Playbook,Industry-specific,orchestration at scale
38,Marketing Automation and Workflow Orchestration,marketing-automation,81,3781,Why Standard Workflow Design Patterns Advice Fails in Logistics,Industry-specific,workflow design patterns
38,Marketing Automation and Workflow Orchestration,marketing-automation,82,3782,Lead Scoring Models for Family Businesses on a Tight Budget,Small business,lead scoring models
38,Marketing Automation and Workflow Orchestration,marketing-automation,83,3783,Practical Cross-Channel Orchestration When You Are the Entire Marketing Team,Small business,cross-channel orchestration
38,Marketing Automation and Workflow Orchestration,marketing-automation,84,3784,"Trigger Architecture for Solo Founders: Start Here, Skip the Rest",Small business,trigger architecture
38,Marketing Automation and Workflow Orchestration,marketing-automation,85,3785,"Data Synchronisation for Multi-Brand Groups: Governance, Scale and Sign-Off",Enterprise,data synchronisation
38,Marketing Automation and Workflow Orchestration,marketing-automation,86,3786,Rolling Out API Integrations Across Global Teams Without Chaos,Enterprise,API integrations
38,Marketing Automation and Workflow Orchestration,marketing-automation,87,3787,Enterprise Webhooks: Coordination Costs and How to Contain Them,Enterprise,webhooks
38,Marketing Automation and Workflow Orchestration,marketing-automation,88,3788,Event Tracking for Local Businesses in Nepal,Local business,event tracking
38,Marketing Automation and Workflow Orchestration,marketing-automation,89,3789,"Adapting Idempotency and Retries for Kathmandu: Language, Payments and Behaviour",Local business,idempotency and retries
38,Marketing Automation and Workflow Orchestration,marketing-automation,90,3790,Local-First Error Handling: Winning Customers Within Ten Kilometres,Local business,error handling
38,Marketing Automation and Workflow Orchestration,marketing-automation,91,3791,Sandbox Testing for B2B Teams With Long Sales Cycles,B2B,sandbox testing
38,Marketing Automation and Workflow Orchestration,marketing-automation,92,3792,How B2B Buying Committees Change Your Platform Migration Approach,B2B,platform migration
38,Marketing Automation and Workflow Orchestration,marketing-automation,93,3793,"No-Code Automation That Generates Pipeline, Not Just Traffic",B2B,no-code automation
38,Marketing Automation and Workflow Orchestration,marketing-automation,94,3794,Reverse ETL for B2C Brands Competing on Attention,B2C,reverse ETL
38,Marketing Automation and Workflow Orchestration,marketing-automation,95,3795,High-Volume Customer Data Platforms for Consumer Brands,B2C,customer data platforms
38,Marketing Automation and Workflow Orchestration,marketing-automation,96,3796,"Consent Propagation That Drives Repeat Purchases, Not One-Off Sales",B2C,consent propagation
38,Marketing Automation and Workflow Orchestration,marketing-automation,97,3797,Using AI to Improve Automation Governance Without Losing Quality Control,AI-powered,automation governance
38,Marketing Automation and Workflow Orchestration,marketing-automation,98,3798,AI-Assisted Workflow Documentation: Where It Helps and Where It Hurts,AI-powered,workflow documentation
38,Marketing Automation and Workflow Orchestration,marketing-automation,99,3799,Can AI Agents Handle SLA Monitoring End to End?,AI-powered,SLA monitoring
38,Marketing Automation and Workflow Orchestration,marketing-automation,100,3800,How AI Search Is Changing Orchestration at Scale,AI-powered,orchestration at scale
39,Paid Search and Google Ads,google-ads-ppc,1,3801,What Is Campaign Structure? A Beginner's Guide for Google Ads,Beginner guide,campaign structure
39,Paid Search and Google Ads,google-ads-ppc,2,3802,Ad Groups Explained: A Plain-English Introduction,Beginner guide,ad groups
39,Paid Search and Google Ads,google-ads-ppc,3,3803,Getting Started With Keyword Match Types: What Beginners Need to Know First,Beginner guide,keyword match types
39,Paid Search and Google Ads,google-ads-ppc,4,3804,Negative Keywords for Complete Beginners: Core Concepts and First Steps,Beginner guide,negative keywords
39,Paid Search and Google Ads,google-ads-ppc,5,3805,Advanced Quality Score: Techniques Experienced Teams Actually Use,Advanced guide,Quality Score
39,Paid Search and Google Ads,google-ads-ppc,6,3806,Ad Rank at Scale: What Changes Once You Outgrow the Basics,Advanced guide,ad rank
39,Paid Search and Google Ads,google-ads-ppc,7,3807,Beyond the Basics: Sophisticated Bidding Strategies Tactics That Still Work,Advanced guide,bidding strategies
39,Paid Search and Google Ads,google-ads-ppc,8,3808,How to Improve Target ROAS Without Increasing Your Budget,How-to,target ROAS
39,Paid Search and Google Ads,google-ads-ppc,9,3809,How to Set Up Target CPA Correctly the First Time,How-to,target CPA
39,Paid Search and Google Ads,google-ads-ppc,10,3810,How to Fix Performance Max When It Stops Delivering Results,How-to,Performance Max
39,Paid Search and Google Ads,google-ads-ppc,11,3811,How to Audit Your Shopping Campaigns in Under an Hour,How-to,Shopping campaigns
39,Paid Search and Google Ads,google-ads-ppc,12,3812,Step-by-Step: Building Your First Responsive Search Ads Workflow,Step-by-step tutorial,responsive search ads
39,Paid Search and Google Ads,google-ads-ppc,13,3813,"A Practical Walkthrough of Ad Extensions, From Setup to First Result",Step-by-step tutorial,ad extensions
39,Paid Search and Google Ads,google-ads-ppc,14,3814,Configuring Landing Page Experience in Google Merchant Center: A Step-by-Step Tutorial,Step-by-step tutorial,landing page experience
39,Paid Search and Google Ads,google-ads-ppc,15,3815,The Complete Guide to Conversion Tracking in 2026,Ultimate guide,conversion tracking
39,Paid Search and Google Ads,google-ads-ppc,16,3816,The Definitive Budget Pacing Handbook for Modern Marketing Teams,Ultimate guide,budget pacing
39,Paid Search and Google Ads,google-ads-ppc,17,3817,Everything You Need to Know About Dayparting,Ultimate guide,dayparting
39,Paid Search and Google Ads,google-ads-ppc,18,3818,The Geo-Targeting Checklist Every Team Should Run Before Launch,Checklist,geo-targeting
39,Paid Search and Google Ads,google-ads-ppc,19,3819,A Pre-Launch Audience Layering Checklist You Can Finish in One Sitting,Checklist,audience layering
39,Paid Search and Google Ads,google-ads-ppc,20,3820,Monthly Search Terms Report Maintenance Checklist for Busy Marketers,Checklist,search terms report
39,Paid Search and Google Ads,google-ads-ppc,21,3821,A Reusable Campaign Structure Template You Can Adapt Today,Template,campaign structure
39,Paid Search and Google Ads,google-ads-ppc,22,3822,"Free Ad Groups Framework: Structure, Fields and Worked Example",Template,ad groups
39,Paid Search and Google Ads,google-ads-ppc,23,3823,The Keyword Match Types Brief Template That Cuts Revision Cycles,Template,keyword match types
39,Paid Search and Google Ads,google-ads-ppc,24,3824,12 Real Negative Keywords Examples Worth Studying,Examples,negative keywords
39,Paid Search and Google Ads,google-ads-ppc,25,3825,Quality Score Examples That Show What Good Actually Looks Like,Examples,Quality Score
39,Paid Search and Google Ads,google-ads-ppc,26,3826,Annotated Ad Rank Examples: Why Each One Works,Examples,ad rank
39,Paid Search and Google Ads,google-ads-ppc,27,3827,Case Study: How One Hospitality Brand Rebuilt Its Bidding Strategies,Case study,bidding strategies
39,Paid Search and Google Ads,google-ads-ppc,28,3828,Inside a Target ROAS Turnaround: What Changed and What It Cost,Case study,target ROAS
39,Paid Search and Google Ads,google-ads-ppc,29,3829,"A 90-Day Target CPA Experiment: Method, Results and Lessons",Case study,target CPA
39,Paid Search and Google Ads,google-ads-ppc,30,3830,Building a Performance Max Strategy That Survives Algorithm Changes,Strategy,Performance Max
39,Paid Search and Google Ads,google-ads-ppc,31,3831,A Sustainable Shopping Campaigns Strategy for Teams With Limited Resources,Strategy,Shopping campaigns
39,Paid Search and Google Ads,google-ads-ppc,32,3832,How to Prioritise Responsive Search Ads When Everything Feels Urgent,Strategy,responsive search ads
39,Paid Search and Google Ads,google-ads-ppc,33,3833,The Strategic Case for Investing in Ad Extensions This Year,Strategy,ad extensions
39,Paid Search and Google Ads,google-ads-ppc,34,3834,Landing Page Experience Best Practices That Hold Up Under Scrutiny,Best practices,landing page experience
39,Paid Search and Google Ads,google-ads-ppc,35,3835,Proven Conversion Tracking Principles for Consistent Results,Best practices,conversion tracking
39,Paid Search and Google Ads,google-ads-ppc,36,3836,What Disciplined Budget Pacing Looks Like in Practice,Best practices,budget pacing
39,Paid Search and Google Ads,google-ads-ppc,37,3837,The Dayparting Standards High-Performing Teams Enforce,Best practices,dayparting
39,Paid Search and Google Ads,google-ads-ppc,38,3838,Common Geo-Targeting Mistakes That Quietly Cost You Revenue,Mistakes to avoid,geo-targeting
39,Paid Search and Google Ads,google-ads-ppc,39,3839,Seven Audience Layering Errors Almost Every Team Makes Early On,Mistakes to avoid,audience layering
39,Paid Search and Google Ads,google-ads-ppc,40,3840,"Why Most Search Terms Report Efforts Stall, and How to Avoid It",Mistakes to avoid,search terms report
39,Paid Search and Google Ads,google-ads-ppc,41,3841,Campaign Structure Anti-Patterns Worth Unlearning,Mistakes to avoid,campaign structure
39,Paid Search and Google Ads,google-ads-ppc,42,3842,Ad Groups Not Working? A Diagnostic Guide,Problem/solution,ad groups
39,Paid Search and Google Ads,google-ads-ppc,43,3843,"Troubleshooting Keyword Match Types: Symptoms, Causes and Fixes",Problem/solution,keyword match types
39,Paid Search and Google Ads,google-ads-ppc,44,3844,What to Do When Negative Keywords Suddenly Drops,Problem/solution,negative keywords
39,Paid Search and Google Ads,google-ads-ppc,45,3845,Fixing Broken Quality Score: A Systematic Approach,Problem/solution,Quality Score
39,Paid Search and Google Ads,google-ads-ppc,46,3846,"Ad Rank: Frequently Asked Questions, Answered Directly",FAQ,ad rank
39,Paid Search and Google Ads,google-ads-ppc,47,3847,Is Bidding Strategies Worth the Investment? An Honest Assessment,FAQ,bidding strategies
39,Paid Search and Google Ads,google-ads-ppc,48,3848,How Long Does Target ROAS Take to Show Results?,FAQ,target ROAS
39,Paid Search and Google Ads,google-ads-ppc,49,3849,Do You Actually Need Target CPA? A Decision Guide,FAQ,target CPA
39,Paid Search and Google Ads,google-ads-ppc,50,3850,Performance Max vs Search Terms Report: Which Deserves Your Budget?,Comparison,Performance Max
39,Paid Search and Google Ads,google-ads-ppc,51,3851,"Comparing Shopping Campaigns and Ad Groups: Strengths, Limits and Overlap",Comparison,Shopping campaigns
39,Paid Search and Google Ads,google-ads-ppc,52,3852,Responsive Search Ads or Negative Keywords? A Decision Framework for Marketing Teams,Comparison,responsive search ads
39,Paid Search and Google Ads,google-ads-ppc,53,3853,When to Choose Ad Extensions Over Ad Rank,Comparison,ad extensions
39,Paid Search and Google Ads,google-ads-ppc,54,3854,Alternatives to Landing Page Experience: When It Is the Wrong Tool for the Job,Alternatives,landing page experience
39,Paid Search and Google Ads,google-ads-ppc,55,3855,What to Use Instead of Conversion Tracking for Constrained Teams,Alternatives,conversion tracking
39,Paid Search and Google Ads,google-ads-ppc,56,3856,Rethinking Budget Pacing: Three Credible Alternatives,Alternatives,budget pacing
39,Paid Search and Google Ads,google-ads-ppc,57,3857,"The Best Tools for Dayparting, Compared Honestly",Tools comparison,dayparting
39,Paid Search and Google Ads,google-ads-ppc,58,3858,"Google Merchant Center for Geo-Targeting: Capabilities, Gaps and Fit",Tools comparison,geo-targeting
39,Paid Search and Google Ads,google-ads-ppc,59,3859,Choosing Audience Layering Software: Evaluation Criteria That Matter,Tools comparison,audience layering
39,Paid Search and Google Ads,google-ads-ppc,60,3860,How Much Does Search Terms Report Really Cost in 2026?,Pricing,search terms report
39,Paid Search and Google Ads,google-ads-ppc,61,3861,Campaign Structure Pricing Explained: What Drives the Bill,Pricing,campaign structure
39,Paid Search and Google Ads,google-ads-ppc,62,3862,Budgeting for Ad Groups: Realistic Numbers by Company Size,Pricing,ad groups
39,Paid Search and Google Ads,google-ads-ppc,63,3863,Measuring the ROI of Keyword Match Types Without Guesswork,ROI,keyword match types
39,Paid Search and Google Ads,google-ads-ppc,64,3864,Does Negative Keywords Pay for Itself? A Calculation Method,ROI,negative keywords
39,Paid Search and Google Ads,google-ads-ppc,65,3865,Proving the Business Value of Quality Score to Finance,ROI,Quality Score
39,Paid Search and Google Ads,google-ads-ppc,66,3866,Ad Rank Statistics That Should Shape Your 2026 Plan,Statistics,ad rank
39,Paid Search and Google Ads,google-ads-ppc,67,3867,What the Data Says About Bidding Strategies Performance,Statistics,bidding strategies
39,Paid Search and Google Ads,google-ads-ppc,68,3868,"Target ROAS by the Numbers: Adoption, Cost and Outcomes",Statistics,target ROAS
39,Paid Search and Google Ads,google-ads-ppc,69,3869,Target CPA Trends Reshaping Marketing in 2026,Trends,target CPA
39,Paid Search and Google Ads,google-ads-ppc,70,3870,"What Changed in Performance Max This Year, and Why It Matters",Trends,Performance Max
39,Paid Search and Google Ads,google-ads-ppc,71,3871,Emerging Shifts in Shopping Campaigns Worth Watching,Trends,Shopping campaigns
39,Paid Search and Google Ads,google-ads-ppc,72,3872,Where Responsive Search Ads Is Heading Next: A Considered Forecast,Predictions,responsive search ads
39,Paid Search and Google Ads,google-ads-ppc,73,3873,"Ad Extensions in Three Years: Reasonable Predictions, Not Hype",Predictions,ad extensions
39,Paid Search and Google Ads,google-ads-ppc,74,3874,Preparing Landing Page Experience for the Post-Search Era,Predictions,landing page experience
39,Paid Search and Google Ads,google-ads-ppc,75,3875,What Is a Good Conversion Tracking Benchmark? Numbers by Industry,Benchmarks,conversion tracking
39,Paid Search and Google Ads,google-ads-ppc,76,3876,Budget Pacing Benchmarks: How to Tell Good From Average,Benchmarks,budget pacing
39,Paid Search and Google Ads,google-ads-ppc,77,3877,Setting Realistic Dayparting Targets Your Team Can Hit,Benchmarks,dayparting
39,Paid Search and Google Ads,google-ads-ppc,78,3878,Geo-Targeting for Fitness Companies: What Is Different,Industry-specific,geo-targeting
39,Paid Search and Google Ads,google-ads-ppc,79,3879,Applying Audience Layering in Professional Services: Constraints and Opportunities,Industry-specific,audience layering
39,Paid Search and Google Ads,google-ads-ppc,80,3880,Logistics Search Terms Report: A Sector-Specific Playbook,Industry-specific,search terms report
39,Paid Search and Google Ads,google-ads-ppc,81,3881,Why Standard Campaign Structure Advice Fails in Retail,Industry-specific,campaign structure
39,Paid Search and Google Ads,google-ads-ppc,82,3882,Ad Groups for Small Businesses on a Tight Budget,Small business,ad groups
39,Paid Search and Google Ads,google-ads-ppc,83,3883,Practical Keyword Match Types When You Are the Entire Marketing Team,Small business,keyword match types
39,Paid Search and Google Ads,google-ads-ppc,84,3884,"Negative Keywords for Local Shops: Start Here, Skip the Rest",Small business,negative keywords
39,Paid Search and Google Ads,google-ads-ppc,85,3885,"Quality Score for Global Teams: Governance, Scale and Sign-Off",Enterprise,Quality Score
39,Paid Search and Google Ads,google-ads-ppc,86,3886,Rolling Out Ad Rank Across Regulated Industries Without Chaos,Enterprise,ad rank
39,Paid Search and Google Ads,google-ads-ppc,87,3887,Enterprise Bidding Strategies: Coordination Costs and How to Contain Them,Enterprise,bidding strategies
39,Paid Search and Google Ads,google-ads-ppc,88,3888,Target ROAS for Local Businesses in Kathmandu,Local business,target ROAS
39,Paid Search and Google Ads,google-ads-ppc,89,3889,"Adapting Target CPA for South Asia: Language, Payments and Behaviour",Local business,target CPA
39,Paid Search and Google Ads,google-ads-ppc,90,3890,Local-First Performance Max: Winning Customers Within Ten Kilometres,Local business,Performance Max
39,Paid Search and Google Ads,google-ads-ppc,91,3891,Shopping Campaigns for B2B Teams With Long Sales Cycles,B2B,Shopping campaigns
39,Paid Search and Google Ads,google-ads-ppc,92,3892,How B2B Buying Committees Change Your Responsive Search Ads Approach,B2B,responsive search ads
39,Paid Search and Google Ads,google-ads-ppc,93,3893,"Ad Extensions That Generates Pipeline, Not Just Traffic",B2B,ad extensions
39,Paid Search and Google Ads,google-ads-ppc,94,3894,Landing Page Experience for B2C Brands Competing on Attention,B2C,landing page experience
39,Paid Search and Google Ads,google-ads-ppc,95,3895,High-Volume Conversion Tracking for Consumer Brands,B2C,conversion tracking
39,Paid Search and Google Ads,google-ads-ppc,96,3896,"Budget Pacing That Drives Repeat Purchases, Not One-Off Sales",B2C,budget pacing
39,Paid Search and Google Ads,google-ads-ppc,97,3897,Using AI to Improve Dayparting Without Losing Quality Control,AI-powered,dayparting
39,Paid Search and Google Ads,google-ads-ppc,98,3898,AI-Assisted Geo-Targeting: Where It Helps and Where It Hurts,AI-powered,geo-targeting
39,Paid Search and Google Ads,google-ads-ppc,99,3899,Can AI Agents Handle Audience Layering End to End?,AI-powered,audience layering
39,Paid Search and Google Ads,google-ads-ppc,100,3900,How AI Search Is Changing Search Terms Report,AI-powered,search terms report
40,Meta Ads and Paid Social,meta-ads-paid-social,1,3901,What Is Campaign Objectives? A Beginner's Guide for Meta Ads,Beginner guide,campaign objectives
40,Meta Ads and Paid Social,meta-ads-paid-social,2,3902,Audience Targeting Explained: A Plain-English Introduction,Beginner guide,audience targeting
40,Meta Ads and Paid Social,meta-ads-paid-social,3,3903,Getting Started With Lookalike Audiences: What Beginners Need to Know First,Beginner guide,lookalike audiences
40,Meta Ads and Paid Social,meta-ads-paid-social,4,3904,Custom Audiences for Complete Beginners: Core Concepts and First Steps,Beginner guide,custom audiences
40,Meta Ads and Paid Social,meta-ads-paid-social,5,3905,Advanced Broad Targeting: Techniques Experienced Teams Actually Use,Advanced guide,broad targeting
40,Meta Ads and Paid Social,meta-ads-paid-social,6,3906,Creative Testing Frameworks at Scale: What Changes Once You Outgrow the Basics,Advanced guide,creative testing frameworks
40,Meta Ads and Paid Social,meta-ads-paid-social,7,3907,Beyond the Basics: Sophisticated Ad Creative Formats Tactics That Still Work,Advanced guide,ad creative formats
40,Meta Ads and Paid Social,meta-ads-paid-social,8,3908,How to Improve UGC Ads Without Increasing Your Budget,How-to,UGC ads
40,Meta Ads and Paid Social,meta-ads-paid-social,9,3909,How to Set Up Video Ads Correctly the First Time,How-to,video ads
40,Meta Ads and Paid Social,meta-ads-paid-social,10,3910,How to Fix Advantage+ Shopping When It Stops Delivering Results,How-to,Advantage+ shopping
40,Meta Ads and Paid Social,meta-ads-paid-social,11,3911,How to Audit Your Meta Pixel in Under an Hour,How-to,Meta Pixel
40,Meta Ads and Paid Social,meta-ads-paid-social,12,3912,Step-by-Step: Building Your First Conversions API Workflow,Step-by-step tutorial,Conversions API
40,Meta Ads and Paid Social,meta-ads-paid-social,13,3913,"A Practical Walkthrough of iOS Privacy Impact, From Setup to First Result",Step-by-step tutorial,iOS privacy impact
40,Meta Ads and Paid Social,meta-ads-paid-social,14,3914,Configuring Attribution Windows in Meta Business Suite: A Step-by-Step Tutorial,Step-by-step tutorial,attribution windows
40,Meta Ads and Paid Social,meta-ads-paid-social,15,3915,The Complete Guide to Retargeting Funnels in 2026,Ultimate guide,retargeting funnels
40,Meta Ads and Paid Social,meta-ads-paid-social,16,3916,The Definitive Budget Scaling Handbook for Modern Marketing Teams,Ultimate guide,budget scaling
40,Meta Ads and Paid Social,meta-ads-paid-social,17,3917,Everything You Need to Know About Creative Fatigue,Ultimate guide,creative fatigue
40,Meta Ads and Paid Social,meta-ads-paid-social,18,3918,The Frequency Capping Checklist Every Team Should Run Before Launch,Checklist,frequency capping
40,Meta Ads and Paid Social,meta-ads-paid-social,19,3919,A Pre-Launch Catalogue Ads Checklist You Can Finish in One Sitting,Checklist,catalogue ads
40,Meta Ads and Paid Social,meta-ads-paid-social,20,3920,Monthly Click-To-Message Ads Maintenance Checklist for Busy Marketers,Checklist,click-to-message ads
40,Meta Ads and Paid Social,meta-ads-paid-social,21,3921,A Reusable Campaign Objectives Template You Can Adapt Today,Template,campaign objectives
40,Meta Ads and Paid Social,meta-ads-paid-social,22,3922,"Free Audience Targeting Framework: Structure, Fields and Worked Example",Template,audience targeting
40,Meta Ads and Paid Social,meta-ads-paid-social,23,3923,The Lookalike Audiences Brief Template That Cuts Revision Cycles,Template,lookalike audiences
40,Meta Ads and Paid Social,meta-ads-paid-social,24,3924,12 Real Custom Audiences Examples Worth Studying,Examples,custom audiences
40,Meta Ads and Paid Social,meta-ads-paid-social,25,3925,Broad Targeting Examples That Show What Good Actually Looks Like,Examples,broad targeting
40,Meta Ads and Paid Social,meta-ads-paid-social,26,3926,Annotated Creative Testing Frameworks Examples: Why Each One Works,Examples,creative testing frameworks
40,Meta Ads and Paid Social,meta-ads-paid-social,27,3927,Case Study: How One Financial Services Brand Rebuilt Its Ad Creative Formats,Case study,ad creative formats
40,Meta Ads and Paid Social,meta-ads-paid-social,28,3928,Inside a UGC Ads Turnaround: What Changed and What It Cost,Case study,UGC ads
40,Meta Ads and Paid Social,meta-ads-paid-social,29,3929,"A 90-Day Video Ads Experiment: Method, Results and Lessons",Case study,video ads
40,Meta Ads and Paid Social,meta-ads-paid-social,30,3930,Building a Advantage+ Shopping Strategy That Survives Algorithm Changes,Strategy,Advantage+ shopping
40,Meta Ads and Paid Social,meta-ads-paid-social,31,3931,A Sustainable Meta Pixel Strategy for Teams With Limited Resources,Strategy,Meta Pixel
40,Meta Ads and Paid Social,meta-ads-paid-social,32,3932,How to Prioritise Conversions API When Everything Feels Urgent,Strategy,Conversions API
40,Meta Ads and Paid Social,meta-ads-paid-social,33,3933,The Strategic Case for Investing in iOS Privacy Impact This Year,Strategy,iOS privacy impact
40,Meta Ads and Paid Social,meta-ads-paid-social,34,3934,Attribution Windows Best Practices That Hold Up Under Scrutiny,Best practices,attribution windows
40,Meta Ads and Paid Social,meta-ads-paid-social,35,3935,Proven Retargeting Funnels Principles for Consistent Results,Best practices,retargeting funnels
40,Meta Ads and Paid Social,meta-ads-paid-social,36,3936,What Disciplined Budget Scaling Looks Like in Practice,Best practices,budget scaling
40,Meta Ads and Paid Social,meta-ads-paid-social,37,3937,The Creative Fatigue Standards High-Performing Teams Enforce,Best practices,creative fatigue
40,Meta Ads and Paid Social,meta-ads-paid-social,38,3938,Common Frequency Capping Mistakes That Quietly Cost You Revenue,Mistakes to avoid,frequency capping
40,Meta Ads and Paid Social,meta-ads-paid-social,39,3939,Seven Catalogue Ads Errors Almost Every Team Makes Early On,Mistakes to avoid,catalogue ads
40,Meta Ads and Paid Social,meta-ads-paid-social,40,3940,"Why Most Click-To-Message Ads Efforts Stall, and How to Avoid It",Mistakes to avoid,click-to-message ads
40,Meta Ads and Paid Social,meta-ads-paid-social,41,3941,Campaign Objectives Anti-Patterns Worth Unlearning,Mistakes to avoid,campaign objectives
40,Meta Ads and Paid Social,meta-ads-paid-social,42,3942,Audience Targeting Not Working? A Diagnostic Guide,Problem/solution,audience targeting
40,Meta Ads and Paid Social,meta-ads-paid-social,43,3943,"Troubleshooting Lookalike Audiences: Symptoms, Causes and Fixes",Problem/solution,lookalike audiences
40,Meta Ads and Paid Social,meta-ads-paid-social,44,3944,What to Do When Custom Audiences Suddenly Drops,Problem/solution,custom audiences
40,Meta Ads and Paid Social,meta-ads-paid-social,45,3945,Fixing Broken Broad Targeting: A Systematic Approach,Problem/solution,broad targeting
40,Meta Ads and Paid Social,meta-ads-paid-social,46,3946,"Creative Testing Frameworks: Frequently Asked Questions, Answered Directly",FAQ,creative testing frameworks
40,Meta Ads and Paid Social,meta-ads-paid-social,47,3947,Is Ad Creative Formats Worth the Investment? An Honest Assessment,FAQ,ad creative formats
40,Meta Ads and Paid Social,meta-ads-paid-social,48,3948,How Long Does UGC Ads Take to Show Results?,FAQ,UGC ads
40,Meta Ads and Paid Social,meta-ads-paid-social,49,3949,Do You Actually Need Video Ads? A Decision Guide,FAQ,video ads
40,Meta Ads and Paid Social,meta-ads-paid-social,50,3950,Advantage+ Shopping vs Click-To-Message Ads: Which Deserves Your Budget?,Comparison,Advantage+ shopping
40,Meta Ads and Paid Social,meta-ads-paid-social,51,3951,"Comparing Meta Pixel and Audience Targeting: Strengths, Limits and Overlap",Comparison,Meta Pixel
40,Meta Ads and Paid Social,meta-ads-paid-social,52,3952,Conversions API or Custom Audiences? A Decision Framework for Marketing Teams,Comparison,Conversions API
40,Meta Ads and Paid Social,meta-ads-paid-social,53,3953,When to Choose iOS Privacy Impact Over Creative Testing Frameworks,Comparison,iOS privacy impact
40,Meta Ads and Paid Social,meta-ads-paid-social,54,3954,Alternatives to Attribution Windows: When It Is the Wrong Tool for the Job,Alternatives,attribution windows
40,Meta Ads and Paid Social,meta-ads-paid-social,55,3955,What to Use Instead of Retargeting Funnels for Constrained Teams,Alternatives,retargeting funnels
40,Meta Ads and Paid Social,meta-ads-paid-social,56,3956,Rethinking Budget Scaling: Three Credible Alternatives,Alternatives,budget scaling
40,Meta Ads and Paid Social,meta-ads-paid-social,57,3957,"The Best Tools for Creative Fatigue, Compared Honestly",Tools comparison,creative fatigue
40,Meta Ads and Paid Social,meta-ads-paid-social,58,3958,"Meta Business Suite for Frequency Capping: Capabilities, Gaps and Fit",Tools comparison,frequency capping
40,Meta Ads and Paid Social,meta-ads-paid-social,59,3959,Choosing Catalogue Ads Software: Evaluation Criteria That Matter,Tools comparison,catalogue ads
40,Meta Ads and Paid Social,meta-ads-paid-social,60,3960,How Much Does Click-To-Message Ads Really Cost in 2026?,Pricing,click-to-message ads
40,Meta Ads and Paid Social,meta-ads-paid-social,61,3961,Campaign Objectives Pricing Explained: What Drives the Bill,Pricing,campaign objectives
40,Meta Ads and Paid Social,meta-ads-paid-social,62,3962,Budgeting for Audience Targeting: Realistic Numbers by Company Size,Pricing,audience targeting
40,Meta Ads and Paid Social,meta-ads-paid-social,63,3963,Measuring the ROI of Lookalike Audiences Without Guesswork,ROI,lookalike audiences
40,Meta Ads and Paid Social,meta-ads-paid-social,64,3964,Does Custom Audiences Pay for Itself? A Calculation Method,ROI,custom audiences
40,Meta Ads and Paid Social,meta-ads-paid-social,65,3965,Proving the Business Value of Broad Targeting to Finance,ROI,broad targeting
40,Meta Ads and Paid Social,meta-ads-paid-social,66,3966,Creative Testing Frameworks Statistics That Should Shape Your 2026 Plan,Statistics,creative testing frameworks
40,Meta Ads and Paid Social,meta-ads-paid-social,67,3967,What the Data Says About Ad Creative Formats Performance,Statistics,ad creative formats
40,Meta Ads and Paid Social,meta-ads-paid-social,68,3968,"UGC Ads by the Numbers: Adoption, Cost and Outcomes",Statistics,UGC ads
40,Meta Ads and Paid Social,meta-ads-paid-social,69,3969,Video Ads Trends Reshaping Marketing in 2026,Trends,video ads
40,Meta Ads and Paid Social,meta-ads-paid-social,70,3970,"What Changed in Advantage+ Shopping This Year, and Why It Matters",Trends,Advantage+ shopping
40,Meta Ads and Paid Social,meta-ads-paid-social,71,3971,Emerging Shifts in Meta Pixel Worth Watching,Trends,Meta Pixel
40,Meta Ads and Paid Social,meta-ads-paid-social,72,3972,Where Conversions API Is Heading Next: A Considered Forecast,Predictions,Conversions API
40,Meta Ads and Paid Social,meta-ads-paid-social,73,3973,"iOS Privacy Impact in Three Years: Reasonable Predictions, Not Hype",Predictions,iOS privacy impact
40,Meta Ads and Paid Social,meta-ads-paid-social,74,3974,Preparing Attribution Windows for the Post-Search Era,Predictions,attribution windows
40,Meta Ads and Paid Social,meta-ads-paid-social,75,3975,What Is a Good Retargeting Funnels Benchmark? Numbers by Industry,Benchmarks,retargeting funnels
40,Meta Ads and Paid Social,meta-ads-paid-social,76,3976,Budget Scaling Benchmarks: How to Tell Good From Average,Benchmarks,budget scaling
40,Meta Ads and Paid Social,meta-ads-paid-social,77,3977,Setting Realistic Creative Fatigue Targets Your Team Can Hit,Benchmarks,creative fatigue
40,Meta Ads and Paid Social,meta-ads-paid-social,78,3978,Frequency Capping for Professional Services Companies: What Is Different,Industry-specific,frequency capping
40,Meta Ads and Paid Social,meta-ads-paid-social,79,3979,Applying Catalogue Ads in Logistics: Constraints and Opportunities,Industry-specific,catalogue ads
40,Meta Ads and Paid Social,meta-ads-paid-social,80,3980,Retail Click-To-Message Ads: A Sector-Specific Playbook,Industry-specific,click-to-message ads
40,Meta Ads and Paid Social,meta-ads-paid-social,81,3981,Why Standard Campaign Objectives Advice Fails in SaaS,Industry-specific,campaign objectives
40,Meta Ads and Paid Social,meta-ads-paid-social,82,3982,Audience Targeting for Solo Founders on a Tight Budget,Small business,audience targeting
40,Meta Ads and Paid Social,meta-ads-paid-social,83,3983,Practical Lookalike Audiences When You Are the Entire Marketing Team,Small business,lookalike audiences
40,Meta Ads and Paid Social,meta-ads-paid-social,84,3984,"Custom Audiences for Startups: Start Here, Skip the Rest",Small business,custom audiences
40,Meta Ads and Paid Social,meta-ads-paid-social,85,3985,"Broad Targeting for Regulated Industries: Governance, Scale and Sign-Off",Enterprise,broad targeting
40,Meta Ads and Paid Social,meta-ads-paid-social,86,3986,Rolling Out Creative Testing Frameworks Across Enterprise Teams Without Chaos,Enterprise,creative testing frameworks
40,Meta Ads and Paid Social,meta-ads-paid-social,87,3987,Enterprise Ad Creative Formats: Coordination Costs and How to Contain Them,Enterprise,ad creative formats
40,Meta Ads and Paid Social,meta-ads-paid-social,88,3988,UGC Ads for Local Businesses in South Asia,Local business,UGC ads
40,Meta Ads and Paid Social,meta-ads-paid-social,89,3989,"Adapting Video Ads for Emerging Markets: Language, Payments and Behaviour",Local business,video ads
40,Meta Ads and Paid Social,meta-ads-paid-social,90,3990,Local-First Advantage+ Shopping: Winning Customers Within Ten Kilometres,Local business,Advantage+ shopping
40,Meta Ads and Paid Social,meta-ads-paid-social,91,3991,Meta Pixel for B2B Teams With Long Sales Cycles,B2B,Meta Pixel
40,Meta Ads and Paid Social,meta-ads-paid-social,92,3992,How B2B Buying Committees Change Your Conversions API Approach,B2B,Conversions API
40,Meta Ads and Paid Social,meta-ads-paid-social,93,3993,"iOS Privacy Impact That Generates Pipeline, Not Just Traffic",B2B,iOS privacy impact
40,Meta Ads and Paid Social,meta-ads-paid-social,94,3994,Attribution Windows for B2C Brands Competing on Attention,B2C,attribution windows
40,Meta Ads and Paid Social,meta-ads-paid-social,95,3995,High-Volume Retargeting Funnels for Consumer Brands,B2C,retargeting funnels
40,Meta Ads and Paid Social,meta-ads-paid-social,96,3996,"Budget Scaling That Drives Repeat Purchases, Not One-Off Sales",B2C,budget scaling
40,Meta Ads and Paid Social,meta-ads-paid-social,97,3997,Using AI to Improve Creative Fatigue Without Losing Quality Control,AI-powered,creative fatigue
40,Meta Ads and Paid Social,meta-ads-paid-social,98,3998,AI-Assisted Frequency Capping: Where It Helps and Where It Hurts,AI-powered,frequency capping
40,Meta Ads and Paid Social,meta-ads-paid-social,99,3999,Can AI Agents Handle Catalogue Ads End to End?,AI-powered,catalogue ads
40,Meta Ads and Paid Social,meta-ads-paid-social,100,4000,How AI Search Is Changing Click-To-Message Ads,AI-powered,click-to-message ads
41,Social Media Marketing and Community,social-media-marketing,1,4001,What Is Platform Selection? A Beginner's Guide for Social Media Marketing,Beginner guide,platform selection
41,Social Media Marketing and Community,social-media-marketing,2,4002,Content Pillars for Social Explained: A Plain-English Introduction,Beginner guide,content pillars for social
41,Social Media Marketing and Community,social-media-marketing,3,4003,Getting Started With Short-Form Video: What Beginners Need to Know First,Beginner guide,short-form video
41,Social Media Marketing and Community,social-media-marketing,4,4004,Carousel Posts for Complete Beginners: Core Concepts and First Steps,Beginner guide,carousel posts
41,Social Media Marketing and Community,social-media-marketing,5,4005,Advanced Posting Cadence: Techniques Experienced Teams Actually Use,Advanced guide,posting cadence
41,Social Media Marketing and Community,social-media-marketing,6,4006,Social Content Calendar at Scale: What Changes Once You Outgrow the Basics,Advanced guide,social content calendar
41,Social Media Marketing and Community,social-media-marketing,7,4007,Beyond the Basics: Sophisticated Community Management Tactics That Still Work,Advanced guide,community management
41,Social Media Marketing and Community,social-media-marketing,8,4008,How to Improve Social Listening Without Increasing Your Budget,How-to,social listening
41,Social Media Marketing and Community,social-media-marketing,9,4009,How to Set Up User-Generated Content Correctly the First Time,How-to,user-generated content
41,Social Media Marketing and Community,social-media-marketing,10,4010,How to Fix Employee Advocacy When It Stops Delivering Results,How-to,employee advocacy
41,Social Media Marketing and Community,social-media-marketing,11,4011,How to Audit Your Social Commerce in Under an Hour,How-to,social commerce
41,Social Media Marketing and Community,social-media-marketing,12,4012,Step-by-Step: Building Your First Hashtag Strategy Workflow,Step-by-step tutorial,hashtag strategy
41,Social Media Marketing and Community,social-media-marketing,13,4013,"A Practical Walkthrough of Engagement Tactics, From Setup to First Result",Step-by-step tutorial,engagement tactics
41,Social Media Marketing and Community,social-media-marketing,14,4014,Configuring Brand Voice on Social in Sprout Social: A Step-by-Step Tutorial,Step-by-step tutorial,brand voice on social
41,Social Media Marketing and Community,social-media-marketing,15,4015,The Complete Guide to Crisis Communication in 2026,Ultimate guide,crisis communication
41,Social Media Marketing and Community,social-media-marketing,16,4016,The Definitive Creator Partnerships Handbook for Modern Marketing Teams,Ultimate guide,creator partnerships
41,Social Media Marketing and Community,social-media-marketing,17,4017,Everything You Need to Know About Social Customer Service,Ultimate guide,social customer service
41,Social Media Marketing and Community,social-media-marketing,18,4018,The Platform Algorithm Changes Checklist Every Team Should Run Before Launch,Checklist,platform algorithm changes
41,Social Media Marketing and Community,social-media-marketing,19,4019,A Pre-Launch Cross-Posting Checklist You Can Finish in One Sitting,Checklist,cross-posting
41,Social Media Marketing and Community,social-media-marketing,20,4020,Monthly Social Proof Maintenance Checklist for Busy Marketers,Checklist,social proof
41,Social Media Marketing and Community,social-media-marketing,21,4021,A Reusable Platform Selection Template You Can Adapt Today,Template,platform selection
41,Social Media Marketing and Community,social-media-marketing,22,4022,"Free Content Pillars for Social Framework: Structure, Fields and Worked Example",Template,content pillars for social
41,Social Media Marketing and Community,social-media-marketing,23,4023,The Short-Form Video Brief Template That Cuts Revision Cycles,Template,short-form video
41,Social Media Marketing and Community,social-media-marketing,24,4024,12 Real Carousel Posts Examples Worth Studying,Examples,carousel posts
41,Social Media Marketing and Community,social-media-marketing,25,4025,Posting Cadence Examples That Show What Good Actually Looks Like,Examples,posting cadence
41,Social Media Marketing and Community,social-media-marketing,26,4026,Annotated Social Content Calendar Examples: Why Each One Works,Examples,social content calendar
41,Social Media Marketing and Community,social-media-marketing,27,4027,Case Study: How One Travel Brand Rebuilt Its Community Management,Case study,community management
41,Social Media Marketing and Community,social-media-marketing,28,4028,Inside a Social Listening Turnaround: What Changed and What It Cost,Case study,social listening
41,Social Media Marketing and Community,social-media-marketing,29,4029,"A 90-Day User-Generated Content Experiment: Method, Results and Lessons",Case study,user-generated content
41,Social Media Marketing and Community,social-media-marketing,30,4030,Building a Employee Advocacy Strategy That Survives Algorithm Changes,Strategy,employee advocacy
41,Social Media Marketing and Community,social-media-marketing,31,4031,A Sustainable Social Commerce Strategy for Teams With Limited Resources,Strategy,social commerce
41,Social Media Marketing and Community,social-media-marketing,32,4032,How to Prioritise Hashtag Strategy When Everything Feels Urgent,Strategy,hashtag strategy
41,Social Media Marketing and Community,social-media-marketing,33,4033,The Strategic Case for Investing in Engagement Tactics This Year,Strategy,engagement tactics
41,Social Media Marketing and Community,social-media-marketing,34,4034,Brand Voice on Social Best Practices That Hold Up Under Scrutiny,Best practices,brand voice on social
41,Social Media Marketing and Community,social-media-marketing,35,4035,Proven Crisis Communication Principles for Consistent Results,Best practices,crisis communication
41,Social Media Marketing and Community,social-media-marketing,36,4036,What Disciplined Creator Partnerships Looks Like in Practice,Best practices,creator partnerships
41,Social Media Marketing and Community,social-media-marketing,37,4037,The Social Customer Service Standards High-Performing Teams Enforce,Best practices,social customer service
41,Social Media Marketing and Community,social-media-marketing,38,4038,Common Platform Algorithm Changes Mistakes That Quietly Cost You Revenue,Mistakes to avoid,platform algorithm changes
41,Social Media Marketing and Community,social-media-marketing,39,4039,Seven Cross-Posting Errors Almost Every Team Makes Early On,Mistakes to avoid,cross-posting
41,Social Media Marketing and Community,social-media-marketing,40,4040,"Why Most Social Proof Efforts Stall, and How to Avoid It",Mistakes to avoid,social proof
41,Social Media Marketing and Community,social-media-marketing,41,4041,Platform Selection Anti-Patterns Worth Unlearning,Mistakes to avoid,platform selection
41,Social Media Marketing and Community,social-media-marketing,42,4042,Content Pillars for Social Not Working? A Diagnostic Guide,Problem/solution,content pillars for social
41,Social Media Marketing and Community,social-media-marketing,43,4043,"Troubleshooting Short-Form Video: Symptoms, Causes and Fixes",Problem/solution,short-form video
41,Social Media Marketing and Community,social-media-marketing,44,4044,What to Do When Carousel Posts Suddenly Drops,Problem/solution,carousel posts
41,Social Media Marketing and Community,social-media-marketing,45,4045,Fixing Broken Posting Cadence: A Systematic Approach,Problem/solution,posting cadence
41,Social Media Marketing and Community,social-media-marketing,46,4046,"Social Content Calendar: Frequently Asked Questions, Answered Directly",FAQ,social content calendar
41,Social Media Marketing and Community,social-media-marketing,47,4047,Is Community Management Worth the Investment? An Honest Assessment,FAQ,community management
41,Social Media Marketing and Community,social-media-marketing,48,4048,How Long Does Social Listening Take to Show Results?,FAQ,social listening
41,Social Media Marketing and Community,social-media-marketing,49,4049,Do You Actually Need User-Generated Content? A Decision Guide,FAQ,user-generated content
41,Social Media Marketing and Community,social-media-marketing,50,4050,Employee Advocacy vs Social Proof: Which Deserves Your Budget?,Comparison,employee advocacy
41,Social Media Marketing and Community,social-media-marketing,51,4051,"Comparing Social Commerce and Content Pillars for Social: Strengths, Limits and Overlap",Comparison,social commerce
41,Social Media Marketing and Community,social-media-marketing,52,4052,Hashtag Strategy or Carousel Posts? A Decision Framework for Marketing Teams,Comparison,hashtag strategy
41,Social Media Marketing and Community,social-media-marketing,53,4053,When to Choose Engagement Tactics Over Social Content Calendar,Comparison,engagement tactics
41,Social Media Marketing and Community,social-media-marketing,54,4054,Alternatives to Brand Voice on Social: When It Is the Wrong Tool for the Job,Alternatives,brand voice on social
41,Social Media Marketing and Community,social-media-marketing,55,4055,What to Use Instead of Crisis Communication for Constrained Teams,Alternatives,crisis communication
41,Social Media Marketing and Community,social-media-marketing,56,4056,Rethinking Creator Partnerships: Three Credible Alternatives,Alternatives,creator partnerships
41,Social Media Marketing and Community,social-media-marketing,57,4057,"The Best Tools for Social Customer Service, Compared Honestly",Tools comparison,social customer service
41,Social Media Marketing and Community,social-media-marketing,58,4058,"Later for Platform Algorithm Changes: Capabilities, Gaps and Fit",Tools comparison,platform algorithm changes
41,Social Media Marketing and Community,social-media-marketing,59,4059,Choosing Cross-Posting Software: Evaluation Criteria That Matter,Tools comparison,cross-posting
41,Social Media Marketing and Community,social-media-marketing,60,4060,How Much Does Social Proof Really Cost in 2026?,Pricing,social proof
41,Social Media Marketing and Community,social-media-marketing,61,4061,Platform Selection Pricing Explained: What Drives the Bill,Pricing,platform selection
41,Social Media Marketing and Community,social-media-marketing,62,4062,Budgeting for Content Pillars for Social: Realistic Numbers by Company Size,Pricing,content pillars for social
41,Social Media Marketing and Community,social-media-marketing,63,4063,Measuring the ROI of Short-Form Video Without Guesswork,ROI,short-form video
41,Social Media Marketing and Community,social-media-marketing,64,4064,Does Carousel Posts Pay for Itself? A Calculation Method,ROI,carousel posts
41,Social Media Marketing and Community,social-media-marketing,65,4065,Proving the Business Value of Posting Cadence to Finance,ROI,posting cadence
41,Social Media Marketing and Community,social-media-marketing,66,4066,Social Content Calendar Statistics That Should Shape Your 2026 Plan,Statistics,social content calendar
41,Social Media Marketing and Community,social-media-marketing,67,4067,What the Data Says About Community Management Performance,Statistics,community management
41,Social Media Marketing and Community,social-media-marketing,68,4068,"Social Listening by the Numbers: Adoption, Cost and Outcomes",Statistics,social listening
41,Social Media Marketing and Community,social-media-marketing,69,4069,User-Generated Content Trends Reshaping Marketing in 2026,Trends,user-generated content
41,Social Media Marketing and Community,social-media-marketing,70,4070,"What Changed in Employee Advocacy This Year, and Why It Matters",Trends,employee advocacy
41,Social Media Marketing and Community,social-media-marketing,71,4071,Emerging Shifts in Social Commerce Worth Watching,Trends,social commerce
41,Social Media Marketing and Community,social-media-marketing,72,4072,Where Hashtag Strategy Is Heading Next: A Considered Forecast,Predictions,hashtag strategy
41,Social Media Marketing and Community,social-media-marketing,73,4073,"Engagement Tactics in Three Years: Reasonable Predictions, Not Hype",Predictions,engagement tactics
41,Social Media Marketing and Community,social-media-marketing,74,4074,Preparing Brand Voice on Social for the Post-Search Era,Predictions,brand voice on social
41,Social Media Marketing and Community,social-media-marketing,75,4075,What Is a Good Crisis Communication Benchmark? Numbers by Industry,Benchmarks,crisis communication
41,Social Media Marketing and Community,social-media-marketing,76,4076,Creator Partnerships Benchmarks: How to Tell Good From Average,Benchmarks,creator partnerships
41,Social Media Marketing and Community,social-media-marketing,77,4077,Setting Realistic Social Customer Service Targets Your Team Can Hit,Benchmarks,social customer service
41,Social Media Marketing and Community,social-media-marketing,78,4078,Platform Algorithm Changes for Logistics Companies: What Is Different,Industry-specific,platform algorithm changes
41,Social Media Marketing and Community,social-media-marketing,79,4079,Applying Cross-Posting in Retail: Constraints and Opportunities,Industry-specific,cross-posting
41,Social Media Marketing and Community,social-media-marketing,80,4080,SaaS Social Proof: A Sector-Specific Playbook,Industry-specific,social proof
41,Social Media Marketing and Community,social-media-marketing,81,4081,Why Standard Platform Selection Advice Fails in E-Commerce,Industry-specific,platform selection
41,Social Media Marketing and Community,social-media-marketing,82,4082,Content Pillars for Social for Local Shops on a Tight Budget,Small business,content pillars for social
41,Social Media Marketing and Community,social-media-marketing,83,4083,Practical Short-Form Video When You Are the Entire Marketing Team,Small business,short-form video
41,Social Media Marketing and Community,social-media-marketing,84,4084,"Carousel Posts for Freelancers: Start Here, Skip the Rest",Small business,carousel posts
41,Social Media Marketing and Community,social-media-marketing,85,4085,"Posting Cadence for Enterprise Teams: Governance, Scale and Sign-Off",Enterprise,posting cadence
41,Social Media Marketing and Community,social-media-marketing,86,4086,Rolling Out Social Content Calendar Across Large Organisations Without Chaos,Enterprise,social content calendar
41,Social Media Marketing and Community,social-media-marketing,87,4087,Enterprise Community Management: Coordination Costs and How to Contain Them,Enterprise,community management
41,Social Media Marketing and Community,social-media-marketing,88,4088,Social Listening for Local Businesses in Emerging Markets,Local business,social listening
41,Social Media Marketing and Community,social-media-marketing,89,4089,"Adapting User-Generated Content for Multilingual Markets: Language, Payments and Behaviour",Local business,user-generated content
41,Social Media Marketing and Community,social-media-marketing,90,4090,Local-First Employee Advocacy: Winning Customers Within Ten Kilometres,Local business,employee advocacy
41,Social Media Marketing and Community,social-media-marketing,91,4091,Social Commerce for B2B Teams With Long Sales Cycles,B2B,social commerce
41,Social Media Marketing and Community,social-media-marketing,92,4092,How B2B Buying Committees Change Your Hashtag Strategy Approach,B2B,hashtag strategy
41,Social Media Marketing and Community,social-media-marketing,93,4093,"Engagement Tactics That Generates Pipeline, Not Just Traffic",B2B,engagement tactics
41,Social Media Marketing and Community,social-media-marketing,94,4094,Brand Voice on Social for B2C Brands Competing on Attention,B2C,brand voice on social
41,Social Media Marketing and Community,social-media-marketing,95,4095,High-Volume Crisis Communication for Consumer Brands,B2C,crisis communication
41,Social Media Marketing and Community,social-media-marketing,96,4096,"Creator Partnerships That Drives Repeat Purchases, Not One-Off Sales",B2C,creator partnerships
41,Social Media Marketing and Community,social-media-marketing,97,4097,Using AI to Improve Social Customer Service Without Losing Quality Control,AI-powered,social customer service
41,Social Media Marketing and Community,social-media-marketing,98,4098,AI-Assisted Platform Algorithm Changes: Where It Helps and Where It Hurts,AI-powered,platform algorithm changes
41,Social Media Marketing and Community,social-media-marketing,99,4099,Can AI Agents Handle Cross-Posting End to End?,AI-powered,cross-posting
41,Social Media Marketing and Community,social-media-marketing,100,4100,How AI Search Is Changing Social Proof,AI-powered,social proof
42,Conversion Rate Optimization and Landing Pages,conversion-optimization,1,4101,What Is Landing Page Anatomy? A Beginner's Guide for Conversion Rate Optimization,Beginner guide,landing page anatomy
42,Conversion Rate Optimization and Landing Pages,conversion-optimization,2,4102,Above-The-Fold Design Explained: A Plain-English Introduction,Beginner guide,above-the-fold design
42,Conversion Rate Optimization and Landing Pages,conversion-optimization,3,4103,Getting Started With Headline Testing: What Beginners Need to Know First,Beginner guide,headline testing
42,Conversion Rate Optimization and Landing Pages,conversion-optimization,4,4104,Call-To-Action Optimisation for Complete Beginners: Core Concepts and First Steps,Beginner guide,call-to-action optimisation
42,Conversion Rate Optimization and Landing Pages,conversion-optimization,5,4105,Advanced Form Field Reduction: Techniques Experienced Teams Actually Use,Advanced guide,form field reduction
42,Conversion Rate Optimization and Landing Pages,conversion-optimization,6,4106,Multi-Step Forms at Scale: What Changes Once You Outgrow the Basics,Advanced guide,multi-step forms
42,Conversion Rate Optimization and Landing Pages,conversion-optimization,7,4107,Beyond the Basics: Sophisticated Social Proof Placement Tactics That Still Work,Advanced guide,social proof placement
42,Conversion Rate Optimization and Landing Pages,conversion-optimization,8,4108,How to Improve Trust Badges Without Increasing Your Budget,How-to,trust badges
42,Conversion Rate Optimization and Landing Pages,conversion-optimization,9,4109,How to Set Up Urgency and Scarcity Correctly the First Time,How-to,urgency and scarcity
42,Conversion Rate Optimization and Landing Pages,conversion-optimization,10,4110,How to Fix A/B Testing Methodology When It Stops Delivering Results,How-to,A/B testing methodology
42,Conversion Rate Optimization and Landing Pages,conversion-optimization,11,4111,How to Audit Your Sample Size Calculation in Under an Hour,How-to,sample size calculation
42,Conversion Rate Optimization and Landing Pages,conversion-optimization,12,4112,Step-by-Step: Building Your First Statistical Significance Workflow,Step-by-step tutorial,statistical significance
42,Conversion Rate Optimization and Landing Pages,conversion-optimization,13,4113,"A Practical Walkthrough of Heatmaps and Session Recordings, From Setup to First Result",Step-by-step tutorial,heatmaps and session recordings
42,Conversion Rate Optimization and Landing Pages,conversion-optimization,14,4114,Configuring User Research Interviews in Unbounce: A Step-by-Step Tutorial,Step-by-step tutorial,user research interviews
42,Conversion Rate Optimization and Landing Pages,conversion-optimization,15,4115,The Complete Guide to Friction Audits in 2026,Ultimate guide,friction audits
42,Conversion Rate Optimization and Landing Pages,conversion-optimization,16,4116,The Definitive Mobile Conversion Handbook for Modern Marketing Teams,Ultimate guide,mobile conversion
42,Conversion Rate Optimization and Landing Pages,conversion-optimization,17,4117,Everything You Need to Know About Checkout Optimisation,Ultimate guide,checkout optimisation
42,Conversion Rate Optimization and Landing Pages,conversion-optimization,18,4118,The Personalisation Checklist Every Team Should Run Before Launch,Checklist,personalisation
42,Conversion Rate Optimization and Landing Pages,conversion-optimization,19,4119,A Pre-Launch Exit Intent Checklist You Can Finish in One Sitting,Checklist,exit intent
42,Conversion Rate Optimization and Landing Pages,conversion-optimization,20,4120,Monthly Pricing Page Design Maintenance Checklist for Busy Marketers,Checklist,pricing page design
42,Conversion Rate Optimization and Landing Pages,conversion-optimization,21,4121,A Reusable Landing Page Anatomy Template You Can Adapt Today,Template,landing page anatomy
42,Conversion Rate Optimization and Landing Pages,conversion-optimization,22,4122,"Free Above-The-Fold Design Framework: Structure, Fields and Worked Example",Template,above-the-fold design
42,Conversion Rate Optimization and Landing Pages,conversion-optimization,23,4123,The Headline Testing Brief Template That Cuts Revision Cycles,Template,headline testing
42,Conversion Rate Optimization and Landing Pages,conversion-optimization,24,4124,12 Real Call-To-Action Optimisation Examples Worth Studying,Examples,call-to-action optimisation
42,Conversion Rate Optimization and Landing Pages,conversion-optimization,25,4125,Form Field Reduction Examples That Show What Good Actually Looks Like,Examples,form field reduction
42,Conversion Rate Optimization and Landing Pages,conversion-optimization,26,4126,Annotated Multi-Step Forms Examples: Why Each One Works,Examples,multi-step forms
42,Conversion Rate Optimization and Landing Pages,conversion-optimization,27,4127,Case Study: How One Fitness Brand Rebuilt Its Social Proof Placement,Case study,social proof placement
42,Conversion Rate Optimization and Landing Pages,conversion-optimization,28,4128,Inside a Trust Badges Turnaround: What Changed and What It Cost,Case study,trust badges
42,Conversion Rate Optimization and Landing Pages,conversion-optimization,29,4129,"A 90-Day Urgency and Scarcity Experiment: Method, Results and Lessons",Case study,urgency and scarcity
42,Conversion Rate Optimization and Landing Pages,conversion-optimization,30,4130,Building a A/B Testing Methodology Strategy That Survives Algorithm Changes,Strategy,A/B testing methodology
42,Conversion Rate Optimization and Landing Pages,conversion-optimization,31,4131,A Sustainable Sample Size Calculation Strategy for Teams With Limited Resources,Strategy,sample size calculation
42,Conversion Rate Optimization and Landing Pages,conversion-optimization,32,4132,How to Prioritise Statistical Significance When Everything Feels Urgent,Strategy,statistical significance
42,Conversion Rate Optimization and Landing Pages,conversion-optimization,33,4133,The Strategic Case for Investing in Heatmaps and Session Recordings This Year,Strategy,heatmaps and session recordings
42,Conversion Rate Optimization and Landing Pages,conversion-optimization,34,4134,User Research Interviews Best Practices That Hold Up Under Scrutiny,Best practices,user research interviews
42,Conversion Rate Optimization and Landing Pages,conversion-optimization,35,4135,Proven Friction Audits Principles for Consistent Results,Best practices,friction audits
42,Conversion Rate Optimization and Landing Pages,conversion-optimization,36,4136,What Disciplined Mobile Conversion Looks Like in Practice,Best practices,mobile conversion
42,Conversion Rate Optimization and Landing Pages,conversion-optimization,37,4137,The Checkout Optimisation Standards High-Performing Teams Enforce,Best practices,checkout optimisation
42,Conversion Rate Optimization and Landing Pages,conversion-optimization,38,4138,Common Personalisation Mistakes That Quietly Cost You Revenue,Mistakes to avoid,personalisation
42,Conversion Rate Optimization and Landing Pages,conversion-optimization,39,4139,Seven Exit Intent Errors Almost Every Team Makes Early On,Mistakes to avoid,exit intent
42,Conversion Rate Optimization and Landing Pages,conversion-optimization,40,4140,"Why Most Pricing Page Design Efforts Stall, and How to Avoid It",Mistakes to avoid,pricing page design
42,Conversion Rate Optimization and Landing Pages,conversion-optimization,41,4141,Landing Page Anatomy Anti-Patterns Worth Unlearning,Mistakes to avoid,landing page anatomy
42,Conversion Rate Optimization and Landing Pages,conversion-optimization,42,4142,Above-The-Fold Design Not Working? A Diagnostic Guide,Problem/solution,above-the-fold design
42,Conversion Rate Optimization and Landing Pages,conversion-optimization,43,4143,"Troubleshooting Headline Testing: Symptoms, Causes and Fixes",Problem/solution,headline testing
42,Conversion Rate Optimization and Landing Pages,conversion-optimization,44,4144,What to Do When Call-To-Action Optimisation Suddenly Drops,Problem/solution,call-to-action optimisation
42,Conversion Rate Optimization and Landing Pages,conversion-optimization,45,4145,Fixing Broken Form Field Reduction: A Systematic Approach,Problem/solution,form field reduction
42,Conversion Rate Optimization and Landing Pages,conversion-optimization,46,4146,"Multi-Step Forms: Frequently Asked Questions, Answered Directly",FAQ,multi-step forms
42,Conversion Rate Optimization and Landing Pages,conversion-optimization,47,4147,Is Social Proof Placement Worth the Investment? An Honest Assessment,FAQ,social proof placement
42,Conversion Rate Optimization and Landing Pages,conversion-optimization,48,4148,How Long Does Trust Badges Take to Show Results?,FAQ,trust badges
42,Conversion Rate Optimization and Landing Pages,conversion-optimization,49,4149,Do You Actually Need Urgency and Scarcity? A Decision Guide,FAQ,urgency and scarcity
42,Conversion Rate Optimization and Landing Pages,conversion-optimization,50,4150,A/B Testing Methodology vs Pricing Page Design: Which Deserves Your Budget?,Comparison,A/B testing methodology
42,Conversion Rate Optimization and Landing Pages,conversion-optimization,51,4151,"Comparing Sample Size Calculation and Above-The-Fold Design: Strengths, Limits and Overlap",Comparison,sample size calculation
42,Conversion Rate Optimization and Landing Pages,conversion-optimization,52,4152,Statistical Significance or Call-To-Action Optimisation? A Decision Framework for Marketing Teams,Comparison,statistical significance
42,Conversion Rate Optimization and Landing Pages,conversion-optimization,53,4153,When to Choose Heatmaps and Session Recordings Over Multi-Step Forms,Comparison,heatmaps and session recordings
42,Conversion Rate Optimization and Landing Pages,conversion-optimization,54,4154,Alternatives to User Research Interviews: When It Is the Wrong Tool for the Job,Alternatives,user research interviews
42,Conversion Rate Optimization and Landing Pages,conversion-optimization,55,4155,What to Use Instead of Friction Audits for Constrained Teams,Alternatives,friction audits
42,Conversion Rate Optimization and Landing Pages,conversion-optimization,56,4156,Rethinking Mobile Conversion: Three Credible Alternatives,Alternatives,mobile conversion
42,Conversion Rate Optimization and Landing Pages,conversion-optimization,57,4157,"The Best Tools for Checkout Optimisation, Compared Honestly",Tools comparison,checkout optimisation
42,Conversion Rate Optimization and Landing Pages,conversion-optimization,58,4158,"Hotjar for Personalisation: Capabilities, Gaps and Fit",Tools comparison,personalisation
42,Conversion Rate Optimization and Landing Pages,conversion-optimization,59,4159,Choosing Exit Intent Software: Evaluation Criteria That Matter,Tools comparison,exit intent
42,Conversion Rate Optimization and Landing Pages,conversion-optimization,60,4160,How Much Does Pricing Page Design Really Cost in 2026?,Pricing,pricing page design
42,Conversion Rate Optimization and Landing Pages,conversion-optimization,61,4161,Landing Page Anatomy Pricing Explained: What Drives the Bill,Pricing,landing page anatomy
42,Conversion Rate Optimization and Landing Pages,conversion-optimization,62,4162,Budgeting for Above-The-Fold Design: Realistic Numbers by Company Size,Pricing,above-the-fold design
42,Conversion Rate Optimization and Landing Pages,conversion-optimization,63,4163,Measuring the ROI of Headline Testing Without Guesswork,ROI,headline testing
42,Conversion Rate Optimization and Landing Pages,conversion-optimization,64,4164,Does Call-To-Action Optimisation Pay for Itself? A Calculation Method,ROI,call-to-action optimisation
42,Conversion Rate Optimization and Landing Pages,conversion-optimization,65,4165,Proving the Business Value of Form Field Reduction to Finance,ROI,form field reduction
42,Conversion Rate Optimization and Landing Pages,conversion-optimization,66,4166,Multi-Step Forms Statistics That Should Shape Your 2026 Plan,Statistics,multi-step forms
42,Conversion Rate Optimization and Landing Pages,conversion-optimization,67,4167,What the Data Says About Social Proof Placement Performance,Statistics,social proof placement
42,Conversion Rate Optimization and Landing Pages,conversion-optimization,68,4168,"Trust Badges by the Numbers: Adoption, Cost and Outcomes",Statistics,trust badges
42,Conversion Rate Optimization and Landing Pages,conversion-optimization,69,4169,Urgency and Scarcity Trends Reshaping Marketing in 2026,Trends,urgency and scarcity
42,Conversion Rate Optimization and Landing Pages,conversion-optimization,70,4170,"What Changed in A/B Testing Methodology This Year, and Why It Matters",Trends,A/B testing methodology
42,Conversion Rate Optimization and Landing Pages,conversion-optimization,71,4171,Emerging Shifts in Sample Size Calculation Worth Watching,Trends,sample size calculation
42,Conversion Rate Optimization and Landing Pages,conversion-optimization,72,4172,Where Statistical Significance Is Heading Next: A Considered Forecast,Predictions,statistical significance
42,Conversion Rate Optimization and Landing Pages,conversion-optimization,73,4173,"Heatmaps and Session Recordings in Three Years: Reasonable Predictions, Not Hype",Predictions,heatmaps and session recordings
42,Conversion Rate Optimization and Landing Pages,conversion-optimization,74,4174,Preparing User Research Interviews for the Post-Search Era,Predictions,user research interviews
42,Conversion Rate Optimization and Landing Pages,conversion-optimization,75,4175,What Is a Good Friction Audits Benchmark? Numbers by Industry,Benchmarks,friction audits
42,Conversion Rate Optimization and Landing Pages,conversion-optimization,76,4176,Mobile Conversion Benchmarks: How to Tell Good From Average,Benchmarks,mobile conversion
42,Conversion Rate Optimization and Landing Pages,conversion-optimization,77,4177,Setting Realistic Checkout Optimisation Targets Your Team Can Hit,Benchmarks,checkout optimisation
42,Conversion Rate Optimization and Landing Pages,conversion-optimization,78,4178,Personalisation for Retail Companies: What Is Different,Industry-specific,personalisation
42,Conversion Rate Optimization and Landing Pages,conversion-optimization,79,4179,Applying Exit Intent in SaaS: Constraints and Opportunities,Industry-specific,exit intent
42,Conversion Rate Optimization and Landing Pages,conversion-optimization,80,4180,E-Commerce Pricing Page Design: A Sector-Specific Playbook,Industry-specific,pricing page design
42,Conversion Rate Optimization and Landing Pages,conversion-optimization,81,4181,Why Standard Landing Page Anatomy Advice Fails in Healthcare,Industry-specific,landing page anatomy
42,Conversion Rate Optimization and Landing Pages,conversion-optimization,82,4182,Above-The-Fold Design for Startups on a Tight Budget,Small business,above-the-fold design
42,Conversion Rate Optimization and Landing Pages,conversion-optimization,83,4183,Practical Headline Testing When You Are the Entire Marketing Team,Small business,headline testing
42,Conversion Rate Optimization and Landing Pages,conversion-optimization,84,4184,"Call-To-Action Optimisation for Family Businesses: Start Here, Skip the Rest",Small business,call-to-action optimisation
42,Conversion Rate Optimization and Landing Pages,conversion-optimization,85,4185,"Form Field Reduction for Large Organisations: Governance, Scale and Sign-Off",Enterprise,form field reduction
42,Conversion Rate Optimization and Landing Pages,conversion-optimization,86,4186,Rolling Out Multi-Step Forms Across Multi-Brand Groups Without Chaos,Enterprise,multi-step forms
42,Conversion Rate Optimization and Landing Pages,conversion-optimization,87,4187,Enterprise Social Proof Placement: Coordination Costs and How to Contain Them,Enterprise,social proof placement
42,Conversion Rate Optimization and Landing Pages,conversion-optimization,88,4188,Trust Badges for Local Businesses in Multilingual Markets,Local business,trust badges
42,Conversion Rate Optimization and Landing Pages,conversion-optimization,89,4189,"Adapting Urgency and Scarcity for Nepal: Language, Payments and Behaviour",Local business,urgency and scarcity
42,Conversion Rate Optimization and Landing Pages,conversion-optimization,90,4190,Local-First A/B Testing Methodology: Winning Customers Within Ten Kilometres,Local business,A/B testing methodology
42,Conversion Rate Optimization and Landing Pages,conversion-optimization,91,4191,Sample Size Calculation for B2B Teams With Long Sales Cycles,B2B,sample size calculation
42,Conversion Rate Optimization and Landing Pages,conversion-optimization,92,4192,How B2B Buying Committees Change Your Statistical Significance Approach,B2B,statistical significance
42,Conversion Rate Optimization and Landing Pages,conversion-optimization,93,4193,"Heatmaps and Session Recordings That Generates Pipeline, Not Just Traffic",B2B,heatmaps and session recordings
42,Conversion Rate Optimization and Landing Pages,conversion-optimization,94,4194,User Research Interviews for B2C Brands Competing on Attention,B2C,user research interviews
42,Conversion Rate Optimization and Landing Pages,conversion-optimization,95,4195,High-Volume Friction Audits for Consumer Brands,B2C,friction audits
42,Conversion Rate Optimization and Landing Pages,conversion-optimization,96,4196,"Mobile Conversion That Drives Repeat Purchases, Not One-Off Sales",B2C,mobile conversion
42,Conversion Rate Optimization and Landing Pages,conversion-optimization,97,4197,Using AI to Improve Checkout Optimisation Without Losing Quality Control,AI-powered,checkout optimisation
42,Conversion Rate Optimization and Landing Pages,conversion-optimization,98,4198,AI-Assisted Personalisation: Where It Helps and Where It Hurts,AI-powered,personalisation
42,Conversion Rate Optimization and Landing Pages,conversion-optimization,99,4199,Can AI Agents Handle Exit Intent End to End?,AI-powered,exit intent
42,Conversion Rate Optimization and Landing Pages,conversion-optimization,100,4200,How AI Search Is Changing Pricing Page Design,AI-powered,pricing page design
43,"Web Analytics, Data and Privacy",web-analytics-privacy,1,4201,What Is GA4 Configuration? A Beginner's Guide for Web Analytics,Beginner guide,GA4 configuration
43,"Web Analytics, Data and Privacy",web-analytics-privacy,2,4202,Event-Based Tracking Explained: A Plain-English Introduction,Beginner guide,event-based tracking
43,"Web Analytics, Data and Privacy",web-analytics-privacy,3,4203,Getting Started With Custom Dimensions: What Beginners Need to Know First,Beginner guide,custom dimensions
43,"Web Analytics, Data and Privacy",web-analytics-privacy,4,4204,Conversion Events for Complete Beginners: Core Concepts and First Steps,Beginner guide,conversion events
43,"Web Analytics, Data and Privacy",web-analytics-privacy,5,4205,Advanced Google Tag Manager: Techniques Experienced Teams Actually Use,Advanced guide,Google Tag Manager
43,"Web Analytics, Data and Privacy",web-analytics-privacy,6,4206,Data Layer Design at Scale: What Changes Once You Outgrow the Basics,Advanced guide,data layer design
43,"Web Analytics, Data and Privacy",web-analytics-privacy,7,4207,Beyond the Basics: Sophisticated Server-Side Tagging Tactics That Still Work,Advanced guide,server-side tagging
43,"Web Analytics, Data and Privacy",web-analytics-privacy,8,4208,How to Improve Consent Mode Without Increasing Your Budget,How-to,consent mode
43,"Web Analytics, Data and Privacy",web-analytics-privacy,9,4209,How to Set Up Cookie Banners Correctly the First Time,How-to,cookie banners
43,"Web Analytics, Data and Privacy",web-analytics-privacy,10,4210,How to Fix GDPR Compliance When It Stops Delivering Results,How-to,GDPR compliance
43,"Web Analytics, Data and Privacy",web-analytics-privacy,11,4211,How to Audit Your CCPA Compliance in Under an Hour,How-to,CCPA compliance
43,"Web Analytics, Data and Privacy",web-analytics-privacy,12,4212,Step-by-Step: Building Your First Cookieless Measurement Workflow,Step-by-step tutorial,cookieless measurement
43,"Web Analytics, Data and Privacy",web-analytics-privacy,13,4213,"A Practical Walkthrough of First-Party Data, From Setup to First Result",Step-by-step tutorial,first-party data
43,"Web Analytics, Data and Privacy",web-analytics-privacy,14,4214,Configuring Data Retention Settings in Plausible: A Step-by-Step Tutorial,Step-by-step tutorial,data retention settings
43,"Web Analytics, Data and Privacy",web-analytics-privacy,15,4215,The Complete Guide to Cross-Domain Tracking in 2026,Ultimate guide,cross-domain tracking
43,"Web Analytics, Data and Privacy",web-analytics-privacy,16,4216,The Definitive UTM Governance Handbook for Modern Marketing Teams,Ultimate guide,UTM governance
43,"Web Analytics, Data and Privacy",web-analytics-privacy,17,4217,Everything You Need to Know About Data Quality Audits,Ultimate guide,data quality audits
43,"Web Analytics, Data and Privacy",web-analytics-privacy,18,4218,The Attribution Modelling Checklist Every Team Should Run Before Launch,Checklist,attribution modelling
43,"Web Analytics, Data and Privacy",web-analytics-privacy,19,4219,A Pre-Launch BigQuery Export Checklist You Can Finish in One Sitting,Checklist,BigQuery export
43,"Web Analytics, Data and Privacy",web-analytics-privacy,20,4220,Monthly Dashboard Design Maintenance Checklist for Busy Marketers,Checklist,dashboard design
43,"Web Analytics, Data and Privacy",web-analytics-privacy,21,4221,A Reusable GA4 Configuration Template You Can Adapt Today,Template,GA4 configuration
43,"Web Analytics, Data and Privacy",web-analytics-privacy,22,4222,"Free Event-Based Tracking Framework: Structure, Fields and Worked Example",Template,event-based tracking
43,"Web Analytics, Data and Privacy",web-analytics-privacy,23,4223,The Custom Dimensions Brief Template That Cuts Revision Cycles,Template,custom dimensions
43,"Web Analytics, Data and Privacy",web-analytics-privacy,24,4224,12 Real Conversion Events Examples Worth Studying,Examples,conversion events
43,"Web Analytics, Data and Privacy",web-analytics-privacy,25,4225,Google Tag Manager Examples That Show What Good Actually Looks Like,Examples,Google Tag Manager
43,"Web Analytics, Data and Privacy",web-analytics-privacy,26,4226,Annotated Data Layer Design Examples: Why Each One Works,Examples,data layer design
43,"Web Analytics, Data and Privacy",web-analytics-privacy,27,4227,Case Study: How One Professional Services Brand Rebuilt Its Server-Side Tagging,Case study,server-side tagging
43,"Web Analytics, Data and Privacy",web-analytics-privacy,28,4228,Inside a Consent Mode Turnaround: What Changed and What It Cost,Case study,consent mode
43,"Web Analytics, Data and Privacy",web-analytics-privacy,29,4229,"A 90-Day Cookie Banners Experiment: Method, Results and Lessons",Case study,cookie banners
43,"Web Analytics, Data and Privacy",web-analytics-privacy,30,4230,Building a GDPR Compliance Strategy That Survives Algorithm Changes,Strategy,GDPR compliance
43,"Web Analytics, Data and Privacy",web-analytics-privacy,31,4231,A Sustainable CCPA Compliance Strategy for Teams With Limited Resources,Strategy,CCPA compliance
43,"Web Analytics, Data and Privacy",web-analytics-privacy,32,4232,How to Prioritise Cookieless Measurement When Everything Feels Urgent,Strategy,cookieless measurement
43,"Web Analytics, Data and Privacy",web-analytics-privacy,33,4233,The Strategic Case for Investing in First-Party Data This Year,Strategy,first-party data
43,"Web Analytics, Data and Privacy",web-analytics-privacy,34,4234,Data Retention Settings Best Practices That Hold Up Under Scrutiny,Best practices,data retention settings
43,"Web Analytics, Data and Privacy",web-analytics-privacy,35,4235,Proven Cross-Domain Tracking Principles for Consistent Results,Best practices,cross-domain tracking
43,"Web Analytics, Data and Privacy",web-analytics-privacy,36,4236,What Disciplined UTM Governance Looks Like in Practice,Best practices,UTM governance
43,"Web Analytics, Data and Privacy",web-analytics-privacy,37,4237,The Data Quality Audits Standards High-Performing Teams Enforce,Best practices,data quality audits
43,"Web Analytics, Data and Privacy",web-analytics-privacy,38,4238,Common Attribution Modelling Mistakes That Quietly Cost You Revenue,Mistakes to avoid,attribution modelling
43,"Web Analytics, Data and Privacy",web-analytics-privacy,39,4239,Seven BigQuery Export Errors Almost Every Team Makes Early On,Mistakes to avoid,BigQuery export
43,"Web Analytics, Data and Privacy",web-analytics-privacy,40,4240,"Why Most Dashboard Design Efforts Stall, and How to Avoid It",Mistakes to avoid,dashboard design
43,"Web Analytics, Data and Privacy",web-analytics-privacy,41,4241,GA4 Configuration Anti-Patterns Worth Unlearning,Mistakes to avoid,GA4 configuration
43,"Web Analytics, Data and Privacy",web-analytics-privacy,42,4242,Event-Based Tracking Not Working? A Diagnostic Guide,Problem/solution,event-based tracking
43,"Web Analytics, Data and Privacy",web-analytics-privacy,43,4243,"Troubleshooting Custom Dimensions: Symptoms, Causes and Fixes",Problem/solution,custom dimensions
43,"Web Analytics, Data and Privacy",web-analytics-privacy,44,4244,What to Do When Conversion Events Suddenly Drops,Problem/solution,conversion events
43,"Web Analytics, Data and Privacy",web-analytics-privacy,45,4245,Fixing Broken Google Tag Manager: A Systematic Approach,Problem/solution,Google Tag Manager
43,"Web Analytics, Data and Privacy",web-analytics-privacy,46,4246,"Data Layer Design: Frequently Asked Questions, Answered Directly",FAQ,data layer design
43,"Web Analytics, Data and Privacy",web-analytics-privacy,47,4247,Is Server-Side Tagging Worth the Investment? An Honest Assessment,FAQ,server-side tagging
43,"Web Analytics, Data and Privacy",web-analytics-privacy,48,4248,How Long Does Consent Mode Take to Show Results?,FAQ,consent mode
43,"Web Analytics, Data and Privacy",web-analytics-privacy,49,4249,Do You Actually Need Cookie Banners? A Decision Guide,FAQ,cookie banners
43,"Web Analytics, Data and Privacy",web-analytics-privacy,50,4250,GDPR Compliance vs Dashboard Design: Which Deserves Your Budget?,Comparison,GDPR compliance
43,"Web Analytics, Data and Privacy",web-analytics-privacy,51,4251,"Comparing CCPA Compliance and Event-Based Tracking: Strengths, Limits and Overlap",Comparison,CCPA compliance
43,"Web Analytics, Data and Privacy",web-analytics-privacy,52,4252,Cookieless Measurement or Conversion Events? A Decision Framework for Marketing Teams,Comparison,cookieless measurement
43,"Web Analytics, Data and Privacy",web-analytics-privacy,53,4253,When to Choose First-Party Data Over Data Layer Design,Comparison,first-party data
43,"Web Analytics, Data and Privacy",web-analytics-privacy,54,4254,Alternatives to Data Retention Settings: When It Is the Wrong Tool for the Job,Alternatives,data retention settings
43,"Web Analytics, Data and Privacy",web-analytics-privacy,55,4255,What to Use Instead of Cross-Domain Tracking for Constrained Teams,Alternatives,cross-domain tracking
43,"Web Analytics, Data and Privacy",web-analytics-privacy,56,4256,Rethinking UTM Governance: Three Credible Alternatives,Alternatives,UTM governance
43,"Web Analytics, Data and Privacy",web-analytics-privacy,57,4257,"The Best Tools for Data Quality Audits, Compared Honestly",Tools comparison,data quality audits
43,"Web Analytics, Data and Privacy",web-analytics-privacy,58,4258,"Matomo for Attribution Modelling: Capabilities, Gaps and Fit",Tools comparison,attribution modelling
43,"Web Analytics, Data and Privacy",web-analytics-privacy,59,4259,Choosing BigQuery Export Software: Evaluation Criteria That Matter,Tools comparison,BigQuery export
43,"Web Analytics, Data and Privacy",web-analytics-privacy,60,4260,How Much Does Dashboard Design Really Cost in 2026?,Pricing,dashboard design
43,"Web Analytics, Data and Privacy",web-analytics-privacy,61,4261,GA4 Configuration Pricing Explained: What Drives the Bill,Pricing,GA4 configuration
43,"Web Analytics, Data and Privacy",web-analytics-privacy,62,4262,Budgeting for Event-Based Tracking: Realistic Numbers by Company Size,Pricing,event-based tracking
43,"Web Analytics, Data and Privacy",web-analytics-privacy,63,4263,Measuring the ROI of Custom Dimensions Without Guesswork,ROI,custom dimensions
43,"Web Analytics, Data and Privacy",web-analytics-privacy,64,4264,Does Conversion Events Pay for Itself? A Calculation Method,ROI,conversion events
43,"Web Analytics, Data and Privacy",web-analytics-privacy,65,4265,Proving the Business Value of Google Tag Manager to Finance,ROI,Google Tag Manager
43,"Web Analytics, Data and Privacy",web-analytics-privacy,66,4266,Data Layer Design Statistics That Should Shape Your 2026 Plan,Statistics,data layer design
43,"Web Analytics, Data and Privacy",web-analytics-privacy,67,4267,What the Data Says About Server-Side Tagging Performance,Statistics,server-side tagging
43,"Web Analytics, Data and Privacy",web-analytics-privacy,68,4268,"Consent Mode by the Numbers: Adoption, Cost and Outcomes",Statistics,consent mode
43,"Web Analytics, Data and Privacy",web-analytics-privacy,69,4269,Cookie Banners Trends Reshaping Marketing in 2026,Trends,cookie banners
43,"Web Analytics, Data and Privacy",web-analytics-privacy,70,4270,"What Changed in GDPR Compliance This Year, and Why It Matters",Trends,GDPR compliance
43,"Web Analytics, Data and Privacy",web-analytics-privacy,71,4271,Emerging Shifts in CCPA Compliance Worth Watching,Trends,CCPA compliance
43,"Web Analytics, Data and Privacy",web-analytics-privacy,72,4272,Where Cookieless Measurement Is Heading Next: A Considered Forecast,Predictions,cookieless measurement
43,"Web Analytics, Data and Privacy",web-analytics-privacy,73,4273,"First-Party Data in Three Years: Reasonable Predictions, Not Hype",Predictions,first-party data
43,"Web Analytics, Data and Privacy",web-analytics-privacy,74,4274,Preparing Data Retention Settings for the Post-Search Era,Predictions,data retention settings
43,"Web Analytics, Data and Privacy",web-analytics-privacy,75,4275,What Is a Good Cross-Domain Tracking Benchmark? Numbers by Industry,Benchmarks,cross-domain tracking
43,"Web Analytics, Data and Privacy",web-analytics-privacy,76,4276,UTM Governance Benchmarks: How to Tell Good From Average,Benchmarks,UTM governance
43,"Web Analytics, Data and Privacy",web-analytics-privacy,77,4277,Setting Realistic Data Quality Audits Targets Your Team Can Hit,Benchmarks,data quality audits
43,"Web Analytics, Data and Privacy",web-analytics-privacy,78,4278,Attribution Modelling for SaaS Companies: What Is Different,Industry-specific,attribution modelling
43,"Web Analytics, Data and Privacy",web-analytics-privacy,79,4279,Applying BigQuery Export in E-Commerce: Constraints and Opportunities,Industry-specific,BigQuery export
43,"Web Analytics, Data and Privacy",web-analytics-privacy,80,4280,Healthcare Dashboard Design: A Sector-Specific Playbook,Industry-specific,dashboard design
43,"Web Analytics, Data and Privacy",web-analytics-privacy,81,4281,Why Standard GA4 Configuration Advice Fails in Education,Industry-specific,GA4 configuration
43,"Web Analytics, Data and Privacy",web-analytics-privacy,82,4282,Event-Based Tracking for Freelancers on a Tight Budget,Small business,event-based tracking
43,"Web Analytics, Data and Privacy",web-analytics-privacy,83,4283,Practical Custom Dimensions When You Are the Entire Marketing Team,Small business,custom dimensions
43,"Web Analytics, Data and Privacy",web-analytics-privacy,84,4284,"Conversion Events for Small Businesses: Start Here, Skip the Rest",Small business,conversion events
43,"Web Analytics, Data and Privacy",web-analytics-privacy,85,4285,"Google Tag Manager for Multi-Brand Groups: Governance, Scale and Sign-Off",Enterprise,Google Tag Manager
43,"Web Analytics, Data and Privacy",web-analytics-privacy,86,4286,Rolling Out Data Layer Design Across Global Teams Without Chaos,Enterprise,data layer design
43,"Web Analytics, Data and Privacy",web-analytics-privacy,87,4287,Enterprise Server-Side Tagging: Coordination Costs and How to Contain Them,Enterprise,server-side tagging
43,"Web Analytics, Data and Privacy",web-analytics-privacy,88,4288,Consent Mode for Local Businesses in Nepal,Local business,consent mode
43,"Web Analytics, Data and Privacy",web-analytics-privacy,89,4289,"Adapting Cookie Banners for Kathmandu: Language, Payments and Behaviour",Local business,cookie banners
43,"Web Analytics, Data and Privacy",web-analytics-privacy,90,4290,Local-First GDPR Compliance: Winning Customers Within Ten Kilometres,Local business,GDPR compliance
43,"Web Analytics, Data and Privacy",web-analytics-privacy,91,4291,CCPA Compliance for B2B Teams With Long Sales Cycles,B2B,CCPA compliance
43,"Web Analytics, Data and Privacy",web-analytics-privacy,92,4292,How B2B Buying Committees Change Your Cookieless Measurement Approach,B2B,cookieless measurement
43,"Web Analytics, Data and Privacy",web-analytics-privacy,93,4293,"First-Party Data That Generates Pipeline, Not Just Traffic",B2B,first-party data
43,"Web Analytics, Data and Privacy",web-analytics-privacy,94,4294,Data Retention Settings for B2C Brands Competing on Attention,B2C,data retention settings
43,"Web Analytics, Data and Privacy",web-analytics-privacy,95,4295,High-Volume Cross-Domain Tracking for Consumer Brands,B2C,cross-domain tracking
43,"Web Analytics, Data and Privacy",web-analytics-privacy,96,4296,"UTM Governance That Drives Repeat Purchases, Not One-Off Sales",B2C,UTM governance
43,"Web Analytics, Data and Privacy",web-analytics-privacy,97,4297,Using AI to Improve Data Quality Audits Without Losing Quality Control,AI-powered,data quality audits
43,"Web Analytics, Data and Privacy",web-analytics-privacy,98,4298,AI-Assisted Attribution Modelling: Where It Helps and Where It Hurts,AI-powered,attribution modelling
43,"Web Analytics, Data and Privacy",web-analytics-privacy,99,4299,Can AI Agents Handle BigQuery Export End to End?,AI-powered,BigQuery export
43,"Web Analytics, Data and Privacy",web-analytics-privacy,100,4300,How AI Search Is Changing Dashboard Design,AI-powered,dashboard design
44,Lead Generation and CRM Operations,lead-generation-crm,1,4301,What Is Lead Capture Forms? A Beginner's Guide for Lead Generation,Beginner guide,lead capture forms
44,Lead Generation and CRM Operations,lead-generation-crm,2,4302,Gated vs Ungated Content Explained: A Plain-English Introduction,Beginner guide,gated vs ungated content
44,Lead Generation and CRM Operations,lead-generation-crm,3,4303,Getting Started With MQL and SQL Definitions: What Beginners Need to Know First,Beginner guide,MQL and SQL definitions
44,Lead Generation and CRM Operations,lead-generation-crm,4,4304,Lead Scoring Models for Complete Beginners: Core Concepts and First Steps,Beginner guide,lead scoring models
44,Lead Generation and CRM Operations,lead-generation-crm,5,4305,Advanced Demographic Scoring: Techniques Experienced Teams Actually Use,Advanced guide,demographic scoring
44,Lead Generation and CRM Operations,lead-generation-crm,6,4306,Behavioural Scoring at Scale: What Changes Once You Outgrow the Basics,Advanced guide,behavioural scoring
44,Lead Generation and CRM Operations,lead-generation-crm,7,4307,Beyond the Basics: Sophisticated Lead Routing Rules Tactics That Still Work,Advanced guide,lead routing rules
44,Lead Generation and CRM Operations,lead-generation-crm,8,4308,How to Improve Speed to Lead Without Increasing Your Budget,How-to,speed to lead
44,Lead Generation and CRM Operations,lead-generation-crm,9,4309,How to Set Up CRM Data Hygiene Correctly the First Time,How-to,CRM data hygiene
44,Lead Generation and CRM Operations,lead-generation-crm,10,4310,How to Fix Duplicate Records When It Stops Delivering Results,How-to,duplicate records
44,Lead Generation and CRM Operations,lead-generation-crm,11,4311,How to Audit Your Pipeline Stages in Under an Hour,How-to,pipeline stages
44,Lead Generation and CRM Operations,lead-generation-crm,12,4312,Step-by-Step: Building Your First Nurture Tracks Workflow,Step-by-step tutorial,nurture tracks
44,Lead Generation and CRM Operations,lead-generation-crm,13,4313,"A Practical Walkthrough of Sales and Marketing SLAs, From Setup to First Result",Step-by-step tutorial,sales and marketing SLAs
44,Lead Generation and CRM Operations,lead-generation-crm,14,4314,Configuring Lead Recycling in Clearbit: A Step-by-Step Tutorial,Step-by-step tutorial,lead recycling
44,Lead Generation and CRM Operations,lead-generation-crm,15,4315,The Complete Guide to Intent Data in 2026,Ultimate guide,intent data
44,Lead Generation and CRM Operations,lead-generation-crm,16,4316,The Definitive Account-Based Marketing Handbook for Modern Marketing Teams,Ultimate guide,account-based marketing
44,Lead Generation and CRM Operations,lead-generation-crm,17,4317,Everything You Need to Know About Cost per Lead,Ultimate guide,cost per lead
44,Lead Generation and CRM Operations,lead-generation-crm,18,4318,The Lead Quality Measurement Checklist Every Team Should Run Before Launch,Checklist,lead quality measurement
44,Lead Generation and CRM Operations,lead-generation-crm,19,4319,A Pre-Launch Handoff Processes Checklist You Can Finish in One Sitting,Checklist,handoff processes
44,Lead Generation and CRM Operations,lead-generation-crm,20,4320,Monthly Lead Capture Forms Maintenance Checklist for Busy Marketers,Checklist,lead capture forms
44,Lead Generation and CRM Operations,lead-generation-crm,21,4321,A Reusable Lead Magnets Template You Can Adapt Today,Template,lead magnets
44,Lead Generation and CRM Operations,lead-generation-crm,22,4322,"Free Gated vs Ungated Content Framework: Structure, Fields and Worked Example",Template,gated vs ungated content
44,Lead Generation and CRM Operations,lead-generation-crm,23,4323,The MQL and SQL Definitions Brief Template That Cuts Revision Cycles,Template,MQL and SQL definitions
44,Lead Generation and CRM Operations,lead-generation-crm,24,4324,12 Real Lead Scoring Models Examples Worth Studying,Examples,lead scoring models
44,Lead Generation and CRM Operations,lead-generation-crm,25,4325,Demographic Scoring Examples That Show What Good Actually Looks Like,Examples,demographic scoring
44,Lead Generation and CRM Operations,lead-generation-crm,26,4326,Annotated Behavioural Scoring Examples: Why Each One Works,Examples,behavioural scoring
44,Lead Generation and CRM Operations,lead-generation-crm,27,4327,Case Study: How One Logistics Brand Rebuilt Its Lead Routing Rules,Case study,lead routing rules
44,Lead Generation and CRM Operations,lead-generation-crm,28,4328,Inside a Speed to Lead Turnaround: What Changed and What It Cost,Case study,speed to lead
44,Lead Generation and CRM Operations,lead-generation-crm,29,4329,"A 90-Day CRM Data Hygiene Experiment: Method, Results and Lessons",Case study,CRM data hygiene
44,Lead Generation and CRM Operations,lead-generation-crm,30,4330,Building a Duplicate Records Strategy That Survives Algorithm Changes,Strategy,duplicate records
44,Lead Generation and CRM Operations,lead-generation-crm,31,4331,A Sustainable Pipeline Stages Strategy for Teams With Limited Resources,Strategy,pipeline stages
44,Lead Generation and CRM Operations,lead-generation-crm,32,4332,How to Prioritise Nurture Tracks When Everything Feels Urgent,Strategy,nurture tracks
44,Lead Generation and CRM Operations,lead-generation-crm,33,4333,The Strategic Case for Investing in Sales and Marketing SLAs This Year,Strategy,sales and marketing SLAs
44,Lead Generation and CRM Operations,lead-generation-crm,34,4334,Lead Recycling Best Practices That Hold Up Under Scrutiny,Best practices,lead recycling
44,Lead Generation and CRM Operations,lead-generation-crm,35,4335,Proven Intent Data Principles for Consistent Results,Best practices,intent data
44,Lead Generation and CRM Operations,lead-generation-crm,36,4336,What Disciplined Account-Based Marketing Looks Like in Practice,Best practices,account-based marketing
44,Lead Generation and CRM Operations,lead-generation-crm,37,4337,The Cost per Lead Standards High-Performing Teams Enforce,Best practices,cost per lead
44,Lead Generation and CRM Operations,lead-generation-crm,38,4338,Common Lead Quality Measurement Mistakes That Quietly Cost You Revenue,Mistakes to avoid,lead quality measurement
44,Lead Generation and CRM Operations,lead-generation-crm,39,4339,Seven Handoff Processes Errors Almost Every Team Makes Early On,Mistakes to avoid,handoff processes
44,Lead Generation and CRM Operations,lead-generation-crm,40,4340,"Why Most Lead Capture Forms Efforts Stall, and How to Avoid It",Mistakes to avoid,lead capture forms
44,Lead Generation and CRM Operations,lead-generation-crm,41,4341,Lead Magnets Anti-Patterns Worth Unlearning,Mistakes to avoid,lead magnets
44,Lead Generation and CRM Operations,lead-generation-crm,42,4342,Gated vs Ungated Content Not Working? A Diagnostic Guide,Problem/solution,gated vs ungated content
44,Lead Generation and CRM Operations,lead-generation-crm,43,4343,"Troubleshooting MQL and SQL Definitions: Symptoms, Causes and Fixes",Problem/solution,MQL and SQL definitions
44,Lead Generation and CRM Operations,lead-generation-crm,44,4344,What to Do When Lead Scoring Models Suddenly Drops,Problem/solution,lead scoring models
44,Lead Generation and CRM Operations,lead-generation-crm,45,4345,Fixing Broken Demographic Scoring: A Systematic Approach,Problem/solution,demographic scoring
44,Lead Generation and CRM Operations,lead-generation-crm,46,4346,"Behavioural Scoring: Frequently Asked Questions, Answered Directly",FAQ,behavioural scoring
44,Lead Generation and CRM Operations,lead-generation-crm,47,4347,Is Lead Routing Rules Worth the Investment? An Honest Assessment,FAQ,lead routing rules
44,Lead Generation and CRM Operations,lead-generation-crm,48,4348,How Long Does Speed to Lead Take to Show Results?,FAQ,speed to lead
44,Lead Generation and CRM Operations,lead-generation-crm,49,4349,Do You Actually Need CRM Data Hygiene? A Decision Guide,FAQ,CRM data hygiene
44,Lead Generation and CRM Operations,lead-generation-crm,50,4350,Duplicate Records vs Lead Capture Forms: Which Deserves Your Budget?,Comparison,duplicate records
44,Lead Generation and CRM Operations,lead-generation-crm,51,4351,"Comparing Pipeline Stages and Gated vs Ungated Content: Strengths, Limits and Overlap",Comparison,pipeline stages
44,Lead Generation and CRM Operations,lead-generation-crm,52,4352,Nurture Tracks or Lead Scoring Models? A Decision Framework for Marketing Teams,Comparison,nurture tracks
44,Lead Generation and CRM Operations,lead-generation-crm,53,4353,When to Choose Sales and Marketing SLAs Over Behavioural Scoring,Comparison,sales and marketing SLAs
44,Lead Generation and CRM Operations,lead-generation-crm,54,4354,Alternatives to Lead Recycling: When It Is the Wrong Tool for the Job,Alternatives,lead recycling
44,Lead Generation and CRM Operations,lead-generation-crm,55,4355,What to Use Instead of Intent Data for Constrained Teams,Alternatives,intent data
44,Lead Generation and CRM Operations,lead-generation-crm,56,4356,Rethinking Account-Based Marketing: Three Credible Alternatives,Alternatives,account-based marketing
44,Lead Generation and CRM Operations,lead-generation-crm,57,4357,"The Best Tools for Cost per Lead, Compared Honestly",Tools comparison,cost per lead
44,Lead Generation and CRM Operations,lead-generation-crm,58,4358,"Pipedrive for Lead Quality Measurement: Capabilities, Gaps and Fit",Tools comparison,lead quality measurement
44,Lead Generation and CRM Operations,lead-generation-crm,59,4359,Choosing Handoff Processes Software: Evaluation Criteria That Matter,Tools comparison,handoff processes
44,Lead Generation and CRM Operations,lead-generation-crm,60,4360,How Much Does Lead Capture Forms Really Cost in 2026?,Pricing,lead capture forms
44,Lead Generation and CRM Operations,lead-generation-crm,61,4361,Lead Magnets Pricing Explained: What Drives the Bill,Pricing,lead magnets
44,Lead Generation and CRM Operations,lead-generation-crm,62,4362,Budgeting for Gated vs Ungated Content: Realistic Numbers by Company Size,Pricing,gated vs ungated content
44,Lead Generation and CRM Operations,lead-generation-crm,63,4363,Measuring the ROI of MQL and SQL Definitions Without Guesswork,ROI,MQL and SQL definitions
44,Lead Generation and CRM Operations,lead-generation-crm,64,4364,Does Lead Scoring Models Pay for Itself? A Calculation Method,ROI,lead scoring models
44,Lead Generation and CRM Operations,lead-generation-crm,65,4365,Proving the Business Value of Demographic Scoring to Finance,ROI,demographic scoring
44,Lead Generation and CRM Operations,lead-generation-crm,66,4366,Behavioural Scoring Statistics That Should Shape Your 2026 Plan,Statistics,behavioural scoring
44,Lead Generation and CRM Operations,lead-generation-crm,67,4367,What the Data Says About Lead Routing Rules Performance,Statistics,lead routing rules
44,Lead Generation and CRM Operations,lead-generation-crm,68,4368,"Speed to Lead by the Numbers: Adoption, Cost and Outcomes",Statistics,speed to lead
44,Lead Generation and CRM Operations,lead-generation-crm,69,4369,CRM Data Hygiene Trends Reshaping Marketing in 2026,Trends,CRM data hygiene
44,Lead Generation and CRM Operations,lead-generation-crm,70,4370,"What Changed in Duplicate Records This Year, and Why It Matters",Trends,duplicate records
44,Lead Generation and CRM Operations,lead-generation-crm,71,4371,Emerging Shifts in Pipeline Stages Worth Watching,Trends,pipeline stages
44,Lead Generation and CRM Operations,lead-generation-crm,72,4372,Where Nurture Tracks Is Heading Next: A Considered Forecast,Predictions,nurture tracks
44,Lead Generation and CRM Operations,lead-generation-crm,73,4373,"Sales and Marketing SLAs in Three Years: Reasonable Predictions, Not Hype",Predictions,sales and marketing SLAs
44,Lead Generation and CRM Operations,lead-generation-crm,74,4374,Preparing Lead Recycling for the Post-Search Era,Predictions,lead recycling
44,Lead Generation and CRM Operations,lead-generation-crm,75,4375,What Is a Good Intent Data Benchmark? Numbers by Industry,Benchmarks,intent data
44,Lead Generation and CRM Operations,lead-generation-crm,76,4376,Account-Based Marketing Benchmarks: How to Tell Good From Average,Benchmarks,account-based marketing
44,Lead Generation and CRM Operations,lead-generation-crm,77,4377,Setting Realistic Cost per Lead Targets Your Team Can Hit,Benchmarks,cost per lead
44,Lead Generation and CRM Operations,lead-generation-crm,78,4378,Lead Quality Measurement for E-Commerce Companies: What Is Different,Industry-specific,lead quality measurement
44,Lead Generation and CRM Operations,lead-generation-crm,79,4379,Applying Handoff Processes in Healthcare: Constraints and Opportunities,Industry-specific,handoff processes
44,Lead Generation and CRM Operations,lead-generation-crm,80,4380,Education Lead Capture Forms: A Sector-Specific Playbook,Industry-specific,lead capture forms
44,Lead Generation and CRM Operations,lead-generation-crm,81,4381,Why Standard Lead Magnets Advice Fails in Real Estate,Industry-specific,lead magnets
44,Lead Generation and CRM Operations,lead-generation-crm,82,4382,Gated vs Ungated Content for Family Businesses on a Tight Budget,Small business,gated vs ungated content
44,Lead Generation and CRM Operations,lead-generation-crm,83,4383,Practical MQL and SQL Definitions When You Are the Entire Marketing Team,Small business,MQL and SQL definitions
44,Lead Generation and CRM Operations,lead-generation-crm,84,4384,"Lead Scoring Models for Solo Founders: Start Here, Skip the Rest",Small business,lead scoring models
44,Lead Generation and CRM Operations,lead-generation-crm,85,4385,"Demographic Scoring for Global Teams: Governance, Scale and Sign-Off",Enterprise,demographic scoring
44,Lead Generation and CRM Operations,lead-generation-crm,86,4386,Rolling Out Behavioural Scoring Across Regulated Industries Without Chaos,Enterprise,behavioural scoring
44,Lead Generation and CRM Operations,lead-generation-crm,87,4387,Enterprise Lead Routing Rules: Coordination Costs and How to Contain Them,Enterprise,lead routing rules
44,Lead Generation and CRM Operations,lead-generation-crm,88,4388,Speed to Lead for Local Businesses in Kathmandu,Local business,speed to lead
44,Lead Generation and CRM Operations,lead-generation-crm,89,4389,"Adapting CRM Data Hygiene for South Asia: Language, Payments and Behaviour",Local business,CRM data hygiene
44,Lead Generation and CRM Operations,lead-generation-crm,90,4390,Local-First Duplicate Records: Winning Customers Within Ten Kilometres,Local business,duplicate records
44,Lead Generation and CRM Operations,lead-generation-crm,91,4391,Pipeline Stages for B2B Teams With Long Sales Cycles,B2B,pipeline stages
44,Lead Generation and CRM Operations,lead-generation-crm,92,4392,How B2B Buying Committees Change Your Nurture Tracks Approach,B2B,nurture tracks
44,Lead Generation and CRM Operations,lead-generation-crm,93,4393,"Sales and Marketing SLAs That Generates Pipeline, Not Just Traffic",B2B,sales and marketing SLAs
44,Lead Generation and CRM Operations,lead-generation-crm,94,4394,Lead Recycling for B2C Brands Competing on Attention,B2C,lead recycling
44,Lead Generation and CRM Operations,lead-generation-crm,95,4395,High-Volume Intent Data for Consumer Brands,B2C,intent data
44,Lead Generation and CRM Operations,lead-generation-crm,96,4396,"Account-Based Marketing That Drives Repeat Purchases, Not One-Off Sales",B2C,account-based marketing
44,Lead Generation and CRM Operations,lead-generation-crm,97,4397,Using AI to Improve Cost per Lead Without Losing Quality Control,AI-powered,cost per lead
44,Lead Generation and CRM Operations,lead-generation-crm,98,4398,AI-Assisted Lead Quality Measurement: Where It Helps and Where It Hurts,AI-powered,lead quality measurement
44,Lead Generation and CRM Operations,lead-generation-crm,99,4399,Can AI Agents Handle Handoff Processes End to End?,AI-powered,handoff processes
44,Lead Generation and CRM Operations,lead-generation-crm,100,4400,How AI Search Is Changing Lead Capture Forms,AI-powered,lead capture forms
45,"Customer Retention, Loyalty and Lifecycle",customer-retention,1,4401,What Is Churn Rate Analysis? A Beginner's Guide for Customer Retention,Beginner guide,churn rate analysis
45,"Customer Retention, Loyalty and Lifecycle",customer-retention,2,4402,Churn Prediction Explained: A Plain-English Introduction,Beginner guide,churn prediction
45,"Customer Retention, Loyalty and Lifecycle",customer-retention,3,4403,Getting Started With Customer Lifetime Value: What Beginners Need to Know First,Beginner guide,customer lifetime value
45,"Customer Retention, Loyalty and Lifecycle",customer-retention,4,4404,LTV to CAC Ratio for Complete Beginners: Core Concepts and First Steps,Beginner guide,LTV to CAC ratio
45,"Customer Retention, Loyalty and Lifecycle",customer-retention,5,4405,Advanced Onboarding Experience: Techniques Experienced Teams Actually Use,Advanced guide,onboarding experience
45,"Customer Retention, Loyalty and Lifecycle",customer-retention,6,4406,Activation Milestones at Scale: What Changes Once You Outgrow the Basics,Advanced guide,activation milestones
45,"Customer Retention, Loyalty and Lifecycle",customer-retention,7,4407,Beyond the Basics: Sophisticated Loyalty Programmes Tactics That Still Work,Advanced guide,loyalty programmes
45,"Customer Retention, Loyalty and Lifecycle",customer-retention,8,4408,How to Improve Points and Tiers Without Increasing Your Budget,How-to,points and tiers
45,"Customer Retention, Loyalty and Lifecycle",customer-retention,9,4409,How to Set Up Referral Programmes Correctly the First Time,How-to,referral programmes
45,"Customer Retention, Loyalty and Lifecycle",customer-retention,10,4410,How to Fix Win-Back Campaigns When It Stops Delivering Results,How-to,win-back campaigns
45,"Customer Retention, Loyalty and Lifecycle",customer-retention,11,4411,How to Audit Your NPS Surveys in Under an Hour,How-to,NPS surveys
45,"Customer Retention, Loyalty and Lifecycle",customer-retention,12,4412,Step-by-Step: Building Your First CSAT Measurement Workflow,Step-by-step tutorial,CSAT measurement
45,"Customer Retention, Loyalty and Lifecycle",customer-retention,13,4413,"A Practical Walkthrough of Customer Health Scores, From Setup to First Result",Step-by-step tutorial,customer health scores
45,"Customer Retention, Loyalty and Lifecycle",customer-retention,14,4414,Configuring Retention Cohorts in Delighted: A Step-by-Step Tutorial,Step-by-step tutorial,retention cohorts
45,"Customer Retention, Loyalty and Lifecycle",customer-retention,15,4415,The Complete Guide to Subscription Renewals in 2026,Ultimate guide,subscription renewals
45,"Customer Retention, Loyalty and Lifecycle",customer-retention,16,4416,The Definitive Dunning Management Handbook for Modern Marketing Teams,Ultimate guide,dunning management
45,"Customer Retention, Loyalty and Lifecycle",customer-retention,17,4417,Everything You Need to Know About Upsell and Cross-Sell,Ultimate guide,upsell and cross-sell
45,"Customer Retention, Loyalty and Lifecycle",customer-retention,18,4418,The Voice of Customer Checklist Every Team Should Run Before Launch,Checklist,voice of customer
45,"Customer Retention, Loyalty and Lifecycle",customer-retention,19,4419,A Pre-Launch Community Building Checklist You Can Finish in One Sitting,Checklist,community building
45,"Customer Retention, Loyalty and Lifecycle",customer-retention,20,4420,Monthly Customer Advisory Maintenance Checklist for Busy Marketers,Checklist,customer advisory
45,"Customer Retention, Loyalty and Lifecycle",customer-retention,21,4421,A Reusable Churn Rate Analysis Template You Can Adapt Today,Template,churn rate analysis
45,"Customer Retention, Loyalty and Lifecycle",customer-retention,22,4422,"Free Churn Prediction Framework: Structure, Fields and Worked Example",Template,churn prediction
45,"Customer Retention, Loyalty and Lifecycle",customer-retention,23,4423,The Customer Lifetime Value Brief Template That Cuts Revision Cycles,Template,customer lifetime value
45,"Customer Retention, Loyalty and Lifecycle",customer-retention,24,4424,12 Real LTV to CAC Ratio Examples Worth Studying,Examples,LTV to CAC ratio
45,"Customer Retention, Loyalty and Lifecycle",customer-retention,25,4425,Onboarding Experience Examples That Show What Good Actually Looks Like,Examples,onboarding experience
45,"Customer Retention, Loyalty and Lifecycle",customer-retention,26,4426,Annotated Activation Milestones Examples: Why Each One Works,Examples,activation milestones
45,"Customer Retention, Loyalty and Lifecycle",customer-retention,27,4427,Case Study: How One Retail Brand Rebuilt Its Loyalty Programmes,Case study,loyalty programmes
45,"Customer Retention, Loyalty and Lifecycle",customer-retention,28,4428,Inside a Points and Tiers Turnaround: What Changed and What It Cost,Case study,points and tiers
45,"Customer Retention, Loyalty and Lifecycle",customer-retention,29,4429,"A 90-Day Referral Programmes Experiment: Method, Results and Lessons",Case study,referral programmes
45,"Customer Retention, Loyalty and Lifecycle",customer-retention,30,4430,Building a Win-Back Campaigns Strategy That Survives Algorithm Changes,Strategy,win-back campaigns
45,"Customer Retention, Loyalty and Lifecycle",customer-retention,31,4431,A Sustainable NPS Surveys Strategy for Teams With Limited Resources,Strategy,NPS surveys
45,"Customer Retention, Loyalty and Lifecycle",customer-retention,32,4432,How to Prioritise CSAT Measurement When Everything Feels Urgent,Strategy,CSAT measurement
45,"Customer Retention, Loyalty and Lifecycle",customer-retention,33,4433,The Strategic Case for Investing in Customer Health Scores This Year,Strategy,customer health scores
45,"Customer Retention, Loyalty and Lifecycle",customer-retention,34,4434,Retention Cohorts Best Practices That Hold Up Under Scrutiny,Best practices,retention cohorts
45,"Customer Retention, Loyalty and Lifecycle",customer-retention,35,4435,Proven Subscription Renewals Principles for Consistent Results,Best practices,subscription renewals
45,"Customer Retention, Loyalty and Lifecycle",customer-retention,36,4436,What Disciplined Dunning Management Looks Like in Practice,Best practices,dunning management
45,"Customer Retention, Loyalty and Lifecycle",customer-retention,37,4437,The Upsell and Cross-Sell Standards High-Performing Teams Enforce,Best practices,upsell and cross-sell
45,"Customer Retention, Loyalty and Lifecycle",customer-retention,38,4438,Common Voice of Customer Mistakes That Quietly Cost You Revenue,Mistakes to avoid,voice of customer
45,"Customer Retention, Loyalty and Lifecycle",customer-retention,39,4439,Seven Community Building Errors Almost Every Team Makes Early On,Mistakes to avoid,community building
45,"Customer Retention, Loyalty and Lifecycle",customer-retention,40,4440,"Why Most Customer Advisory Efforts Stall, and How to Avoid It",Mistakes to avoid,customer advisory
45,"Customer Retention, Loyalty and Lifecycle",customer-retention,41,4441,Churn Rate Analysis Anti-Patterns Worth Unlearning,Mistakes to avoid,churn rate analysis
45,"Customer Retention, Loyalty and Lifecycle",customer-retention,42,4442,Churn Prediction Not Working? A Diagnostic Guide,Problem/solution,churn prediction
45,"Customer Retention, Loyalty and Lifecycle",customer-retention,43,4443,"Troubleshooting Customer Lifetime Value: Symptoms, Causes and Fixes",Problem/solution,customer lifetime value
45,"Customer Retention, Loyalty and Lifecycle",customer-retention,44,4444,What to Do When LTV to CAC Ratio Suddenly Drops,Problem/solution,LTV to CAC ratio
45,"Customer Retention, Loyalty and Lifecycle",customer-retention,45,4445,Fixing Broken Onboarding Experience: A Systematic Approach,Problem/solution,onboarding experience
45,"Customer Retention, Loyalty and Lifecycle",customer-retention,46,4446,"Activation Milestones: Frequently Asked Questions, Answered Directly",FAQ,activation milestones
45,"Customer Retention, Loyalty and Lifecycle",customer-retention,47,4447,Is Loyalty Programmes Worth the Investment? An Honest Assessment,FAQ,loyalty programmes
45,"Customer Retention, Loyalty and Lifecycle",customer-retention,48,4448,How Long Does Points and Tiers Take to Show Results?,FAQ,points and tiers
45,"Customer Retention, Loyalty and Lifecycle",customer-retention,49,4449,Do You Actually Need Referral Programmes? A Decision Guide,FAQ,referral programmes
45,"Customer Retention, Loyalty and Lifecycle",customer-retention,50,4450,Win-Back Campaigns vs Customer Advisory: Which Deserves Your Budget?,Comparison,win-back campaigns
45,"Customer Retention, Loyalty and Lifecycle",customer-retention,51,4451,"Comparing NPS Surveys and Churn Prediction: Strengths, Limits and Overlap",Comparison,NPS surveys
45,"Customer Retention, Loyalty and Lifecycle",customer-retention,52,4452,CSAT Measurement or LTV to CAC Ratio? A Decision Framework for Marketing Teams,Comparison,CSAT measurement
45,"Customer Retention, Loyalty and Lifecycle",customer-retention,53,4453,When to Choose Customer Health Scores Over Activation Milestones,Comparison,customer health scores
45,"Customer Retention, Loyalty and Lifecycle",customer-retention,54,4454,Alternatives to Retention Cohorts: When It Is the Wrong Tool for the Job,Alternatives,retention cohorts
45,"Customer Retention, Loyalty and Lifecycle",customer-retention,55,4455,What to Use Instead of Subscription Renewals for Constrained Teams,Alternatives,subscription renewals
45,"Customer Retention, Loyalty and Lifecycle",customer-retention,56,4456,Rethinking Dunning Management: Three Credible Alternatives,Alternatives,dunning management
45,"Customer Retention, Loyalty and Lifecycle",customer-retention,57,4457,"The Best Tools for Upsell and Cross-Sell, Compared Honestly",Tools comparison,upsell and cross-sell
45,"Customer Retention, Loyalty and Lifecycle",customer-retention,58,4458,"Churnkey for Voice of Customer: Capabilities, Gaps and Fit",Tools comparison,voice of customer
45,"Customer Retention, Loyalty and Lifecycle",customer-retention,59,4459,Choosing Community Building Software: Evaluation Criteria That Matter,Tools comparison,community building
45,"Customer Retention, Loyalty and Lifecycle",customer-retention,60,4460,How Much Does Customer Advisory Really Cost in 2026?,Pricing,customer advisory
45,"Customer Retention, Loyalty and Lifecycle",customer-retention,61,4461,Churn Rate Analysis Pricing Explained: What Drives the Bill,Pricing,churn rate analysis
45,"Customer Retention, Loyalty and Lifecycle",customer-retention,62,4462,Budgeting for Churn Prediction: Realistic Numbers by Company Size,Pricing,churn prediction
45,"Customer Retention, Loyalty and Lifecycle",customer-retention,63,4463,Measuring the ROI of Customer Lifetime Value Without Guesswork,ROI,customer lifetime value
45,"Customer Retention, Loyalty and Lifecycle",customer-retention,64,4464,Does LTV to CAC Ratio Pay for Itself? A Calculation Method,ROI,LTV to CAC ratio
45,"Customer Retention, Loyalty and Lifecycle",customer-retention,65,4465,Proving the Business Value of Onboarding Experience to Finance,ROI,onboarding experience
45,"Customer Retention, Loyalty and Lifecycle",customer-retention,66,4466,Activation Milestones Statistics That Should Shape Your 2026 Plan,Statistics,activation milestones
45,"Customer Retention, Loyalty and Lifecycle",customer-retention,67,4467,What the Data Says About Loyalty Programmes Performance,Statistics,loyalty programmes
45,"Customer Retention, Loyalty and Lifecycle",customer-retention,68,4468,"Points and Tiers by the Numbers: Adoption, Cost and Outcomes",Statistics,points and tiers
45,"Customer Retention, Loyalty and Lifecycle",customer-retention,69,4469,Referral Programmes Trends Reshaping Marketing in 2026,Trends,referral programmes
45,"Customer Retention, Loyalty and Lifecycle",customer-retention,70,4470,"What Changed in Win-Back Campaigns This Year, and Why It Matters",Trends,win-back campaigns
45,"Customer Retention, Loyalty and Lifecycle",customer-retention,71,4471,Emerging Shifts in NPS Surveys Worth Watching,Trends,NPS surveys
45,"Customer Retention, Loyalty and Lifecycle",customer-retention,72,4472,Where CSAT Measurement Is Heading Next: A Considered Forecast,Predictions,CSAT measurement
45,"Customer Retention, Loyalty and Lifecycle",customer-retention,73,4473,"Customer Health Scores in Three Years: Reasonable Predictions, Not Hype",Predictions,customer health scores
45,"Customer Retention, Loyalty and Lifecycle",customer-retention,74,4474,Preparing Retention Cohorts for the Post-Search Era,Predictions,retention cohorts
45,"Customer Retention, Loyalty and Lifecycle",customer-retention,75,4475,What Is a Good Subscription Renewals Benchmark? Numbers by Industry,Benchmarks,subscription renewals
45,"Customer Retention, Loyalty and Lifecycle",customer-retention,76,4476,Dunning Management Benchmarks: How to Tell Good From Average,Benchmarks,dunning management
45,"Customer Retention, Loyalty and Lifecycle",customer-retention,77,4477,Setting Realistic Upsell and Cross-Sell Targets Your Team Can Hit,Benchmarks,upsell and cross-sell
45,"Customer Retention, Loyalty and Lifecycle",customer-retention,78,4478,Voice of Customer for Healthcare Companies: What Is Different,Industry-specific,voice of customer
45,"Customer Retention, Loyalty and Lifecycle",customer-retention,79,4479,Applying Community Building in Education: Constraints and Opportunities,Industry-specific,community building
45,"Customer Retention, Loyalty and Lifecycle",customer-retention,80,4480,Real Estate Customer Advisory: A Sector-Specific Playbook,Industry-specific,customer advisory
45,"Customer Retention, Loyalty and Lifecycle",customer-retention,81,4481,Why Standard Churn Rate Analysis Advice Fails in Hospitality,Industry-specific,churn rate analysis
45,"Customer Retention, Loyalty and Lifecycle",customer-retention,82,4482,Churn Prediction for Small Businesses on a Tight Budget,Small business,churn prediction
45,"Customer Retention, Loyalty and Lifecycle",customer-retention,83,4483,Practical Customer Lifetime Value When You Are the Entire Marketing Team,Small business,customer lifetime value
45,"Customer Retention, Loyalty and Lifecycle",customer-retention,84,4484,"LTV to CAC Ratio for Local Shops: Start Here, Skip the Rest",Small business,LTV to CAC ratio
45,"Customer Retention, Loyalty and Lifecycle",customer-retention,85,4485,"Onboarding Experience for Regulated Industries: Governance, Scale and Sign-Off",Enterprise,onboarding experience
45,"Customer Retention, Loyalty and Lifecycle",customer-retention,86,4486,Rolling Out Activation Milestones Across Enterprise Teams Without Chaos,Enterprise,activation milestones
45,"Customer Retention, Loyalty and Lifecycle",customer-retention,87,4487,Enterprise Loyalty Programmes: Coordination Costs and How to Contain Them,Enterprise,loyalty programmes
45,"Customer Retention, Loyalty and Lifecycle",customer-retention,88,4488,Points and Tiers for Local Businesses in South Asia,Local business,points and tiers
45,"Customer Retention, Loyalty and Lifecycle",customer-retention,89,4489,"Adapting Referral Programmes for Emerging Markets: Language, Payments and Behaviour",Local business,referral programmes
45,"Customer Retention, Loyalty and Lifecycle",customer-retention,90,4490,Local-First Win-Back Campaigns: Winning Customers Within Ten Kilometres,Local business,win-back campaigns
45,"Customer Retention, Loyalty and Lifecycle",customer-retention,91,4491,NPS Surveys for B2B Teams With Long Sales Cycles,B2B,NPS surveys
45,"Customer Retention, Loyalty and Lifecycle",customer-retention,92,4492,How B2B Buying Committees Change Your CSAT Measurement Approach,B2B,CSAT measurement
45,"Customer Retention, Loyalty and Lifecycle",customer-retention,93,4493,"Customer Health Scores That Generates Pipeline, Not Just Traffic",B2B,customer health scores
45,"Customer Retention, Loyalty and Lifecycle",customer-retention,94,4494,Retention Cohorts for B2C Brands Competing on Attention,B2C,retention cohorts
45,"Customer Retention, Loyalty and Lifecycle",customer-retention,95,4495,High-Volume Subscription Renewals for Consumer Brands,B2C,subscription renewals
45,"Customer Retention, Loyalty and Lifecycle",customer-retention,96,4496,"Dunning Management That Drives Repeat Purchases, Not One-Off Sales",B2C,dunning management
45,"Customer Retention, Loyalty and Lifecycle",customer-retention,97,4497,Using AI to Improve Upsell and Cross-Sell Without Losing Quality Control,AI-powered,upsell and cross-sell
45,"Customer Retention, Loyalty and Lifecycle",customer-retention,98,4498,AI-Assisted Voice of Customer: Where It Helps and Where It Hurts,AI-powered,voice of customer
45,"Customer Retention, Loyalty and Lifecycle",customer-retention,99,4499,Can AI Agents Handle Community Building End to End?,AI-powered,community building
45,"Customer Retention, Loyalty and Lifecycle",customer-retention,100,4500,How AI Search Is Changing Customer Advisory,AI-powered,customer advisory
46,B2B and SaaS Marketing,b2b-saas-marketing,1,4501,What Is Demand Generation? A Beginner's Guide for B2B Marketing,Beginner guide,demand generation
46,B2B and SaaS Marketing,b2b-saas-marketing,2,4502,Account-Based Marketing Explained: A Plain-English Introduction,Beginner guide,account-based marketing
46,B2B and SaaS Marketing,b2b-saas-marketing,3,4503,Getting Started With Intent Data: What Beginners Need to Know First,Beginner guide,intent data
46,B2B and SaaS Marketing,b2b-saas-marketing,4,4504,Product-Led Growth for Complete Beginners: Core Concepts and First Steps,Beginner guide,product-led growth
46,B2B and SaaS Marketing,b2b-saas-marketing,5,4505,Advanced Free Trial Design: Techniques Experienced Teams Actually Use,Advanced guide,free trial design
46,B2B and SaaS Marketing,b2b-saas-marketing,6,4506,Freemium Models at Scale: What Changes Once You Outgrow the Basics,Advanced guide,freemium models
46,B2B and SaaS Marketing,b2b-saas-marketing,7,4507,Beyond the Basics: Sophisticated Pricing Page Optimisation Tactics That Still Work,Advanced guide,pricing page optimisation
46,B2B and SaaS Marketing,b2b-saas-marketing,8,4508,How to Improve Sales Enablement Content Without Increasing Your Budget,How-to,sales enablement content
46,B2B and SaaS Marketing,b2b-saas-marketing,9,4509,How to Set Up Case Study Production Correctly the First Time,How-to,case study production
46,B2B and SaaS Marketing,b2b-saas-marketing,10,4510,How to Fix Customer Proof When It Stops Delivering Results,How-to,customer proof
46,B2B and SaaS Marketing,b2b-saas-marketing,11,4511,How to Audit Your Category Creation in Under an Hour,How-to,category creation
46,B2B and SaaS Marketing,b2b-saas-marketing,12,4512,Step-by-Step: Building Your First Buying Committees Workflow,Step-by-step tutorial,buying committees
46,B2B and SaaS Marketing,b2b-saas-marketing,13,4513,"A Practical Walkthrough of Long Sales Cycles, From Setup to First Result",Step-by-step tutorial,long sales cycles
46,B2B and SaaS Marketing,b2b-saas-marketing,14,4514,Configuring Multi-Touch Attribution in Clearbit: A Step-by-Step Tutorial,Step-by-step tutorial,multi-touch attribution
46,B2B and SaaS Marketing,b2b-saas-marketing,15,4515,The Complete Guide to CAC Payback Period in 2026,Ultimate guide,CAC payback period
46,B2B and SaaS Marketing,b2b-saas-marketing,16,4516,The Definitive Net Revenue Retention Handbook for Modern Marketing Teams,Ultimate guide,net revenue retention
46,B2B and SaaS Marketing,b2b-saas-marketing,17,4517,Everything You Need to Know About Competitive Displacement,Ultimate guide,competitive displacement
46,B2B and SaaS Marketing,b2b-saas-marketing,18,4518,The Analyst Relations Checklist Every Team Should Run Before Launch,Checklist,analyst relations
46,B2B and SaaS Marketing,b2b-saas-marketing,19,4519,A Pre-Launch Webinar Programmes Checklist You Can Finish in One Sitting,Checklist,webinar programmes
46,B2B and SaaS Marketing,b2b-saas-marketing,20,4520,Monthly Developer Marketing Maintenance Checklist for Busy Marketers,Checklist,developer marketing
46,B2B and SaaS Marketing,b2b-saas-marketing,21,4521,A Reusable Demand Generation Template You Can Adapt Today,Template,demand generation
46,B2B and SaaS Marketing,b2b-saas-marketing,22,4522,"Free Account-Based Marketing Framework: Structure, Fields and Worked Example",Template,account-based marketing
46,B2B and SaaS Marketing,b2b-saas-marketing,23,4523,The Intent Data Brief Template That Cuts Revision Cycles,Template,intent data
46,B2B and SaaS Marketing,b2b-saas-marketing,24,4524,12 Real Product-Led Growth Examples Worth Studying,Examples,product-led growth
46,B2B and SaaS Marketing,b2b-saas-marketing,25,4525,Free Trial Design Examples That Show What Good Actually Looks Like,Examples,free trial design
46,B2B and SaaS Marketing,b2b-saas-marketing,26,4526,Annotated Freemium Models Examples: Why Each One Works,Examples,freemium models
46,B2B and SaaS Marketing,b2b-saas-marketing,27,4527,Case Study: How One SaaS Brand Rebuilt Its Pricing Page Optimisation,Case study,pricing page optimisation
46,B2B and SaaS Marketing,b2b-saas-marketing,28,4528,Inside a Sales Enablement Content Turnaround: What Changed and What It Cost,Case study,sales enablement content
46,B2B and SaaS Marketing,b2b-saas-marketing,29,4529,"A 90-Day Case Study Production Experiment: Method, Results and Lessons",Case study,case study production
46,B2B and SaaS Marketing,b2b-saas-marketing,30,4530,Building a Customer Proof Strategy That Survives Algorithm Changes,Strategy,customer proof
46,B2B and SaaS Marketing,b2b-saas-marketing,31,4531,A Sustainable Category Creation Strategy for Teams With Limited Resources,Strategy,category creation
46,B2B and SaaS Marketing,b2b-saas-marketing,32,4532,How to Prioritise Buying Committees When Everything Feels Urgent,Strategy,buying committees
46,B2B and SaaS Marketing,b2b-saas-marketing,33,4533,The Strategic Case for Investing in Long Sales Cycles This Year,Strategy,long sales cycles
46,B2B and SaaS Marketing,b2b-saas-marketing,34,4534,Multi-Touch Attribution Best Practices That Hold Up Under Scrutiny,Best practices,multi-touch attribution
46,B2B and SaaS Marketing,b2b-saas-marketing,35,4535,Proven CAC Payback Period Principles for Consistent Results,Best practices,CAC payback period
46,B2B and SaaS Marketing,b2b-saas-marketing,36,4536,What Disciplined Net Revenue Retention Looks Like in Practice,Best practices,net revenue retention
46,B2B and SaaS Marketing,b2b-saas-marketing,37,4537,The Competitive Displacement Standards High-Performing Teams Enforce,Best practices,competitive displacement
46,B2B and SaaS Marketing,b2b-saas-marketing,38,4538,Common Analyst Relations Mistakes That Quietly Cost You Revenue,Mistakes to avoid,analyst relations
46,B2B and SaaS Marketing,b2b-saas-marketing,39,4539,Seven Webinar Programmes Errors Almost Every Team Makes Early On,Mistakes to avoid,webinar programmes
46,B2B and SaaS Marketing,b2b-saas-marketing,40,4540,"Why Most Developer Marketing Efforts Stall, and How to Avoid It",Mistakes to avoid,developer marketing
46,B2B and SaaS Marketing,b2b-saas-marketing,41,4541,Demand Generation Anti-Patterns Worth Unlearning,Mistakes to avoid,demand generation
46,B2B and SaaS Marketing,b2b-saas-marketing,42,4542,Account-Based Marketing Not Working? A Diagnostic Guide,Problem/solution,account-based marketing
46,B2B and SaaS Marketing,b2b-saas-marketing,43,4543,"Troubleshooting Intent Data: Symptoms, Causes and Fixes",Problem/solution,intent data
46,B2B and SaaS Marketing,b2b-saas-marketing,44,4544,What to Do When Product-Led Growth Suddenly Drops,Problem/solution,product-led growth
46,B2B and SaaS Marketing,b2b-saas-marketing,45,4545,Fixing Broken Free Trial Design: A Systematic Approach,Problem/solution,free trial design
46,B2B and SaaS Marketing,b2b-saas-marketing,46,4546,"Freemium Models: Frequently Asked Questions, Answered Directly",FAQ,freemium models
46,B2B and SaaS Marketing,b2b-saas-marketing,47,4547,Is Pricing Page Optimisation Worth the Investment? An Honest Assessment,FAQ,pricing page optimisation
46,B2B and SaaS Marketing,b2b-saas-marketing,48,4548,How Long Does Sales Enablement Content Take to Show Results?,FAQ,sales enablement content
46,B2B and SaaS Marketing,b2b-saas-marketing,49,4549,Do You Actually Need Case Study Production? A Decision Guide,FAQ,case study production
46,B2B and SaaS Marketing,b2b-saas-marketing,50,4550,Customer Proof vs Developer Marketing: Which Deserves Your Budget?,Comparison,customer proof
46,B2B and SaaS Marketing,b2b-saas-marketing,51,4551,"Comparing Category Creation and Account-Based Marketing: Strengths, Limits and Overlap",Comparison,category creation
46,B2B and SaaS Marketing,b2b-saas-marketing,52,4552,Buying Committees or Product-Led Growth? A Decision Framework for Marketing Teams,Comparison,buying committees
46,B2B and SaaS Marketing,b2b-saas-marketing,53,4553,When to Choose Long Sales Cycles Over Freemium Models,Comparison,long sales cycles
46,B2B and SaaS Marketing,b2b-saas-marketing,54,4554,Alternatives to Multi-Touch Attribution: When It Is the Wrong Tool for the Job,Alternatives,multi-touch attribution
46,B2B and SaaS Marketing,b2b-saas-marketing,55,4555,What to Use Instead of CAC Payback Period for Constrained Teams,Alternatives,CAC payback period
46,B2B and SaaS Marketing,b2b-saas-marketing,56,4556,Rethinking Net Revenue Retention: Three Credible Alternatives,Alternatives,net revenue retention
46,B2B and SaaS Marketing,b2b-saas-marketing,57,4557,"The Best Tools for Competitive Displacement, Compared Honestly",Tools comparison,competitive displacement
46,B2B and SaaS Marketing,b2b-saas-marketing,58,4558,"Demandbase for Analyst Relations: Capabilities, Gaps and Fit",Tools comparison,analyst relations
46,B2B and SaaS Marketing,b2b-saas-marketing,59,4559,Choosing Webinar Programmes Software: Evaluation Criteria That Matter,Tools comparison,webinar programmes
46,B2B and SaaS Marketing,b2b-saas-marketing,60,4560,How Much Does Developer Marketing Really Cost in 2026?,Pricing,developer marketing
46,B2B and SaaS Marketing,b2b-saas-marketing,61,4561,Demand Generation Pricing Explained: What Drives the Bill,Pricing,demand generation
46,B2B and SaaS Marketing,b2b-saas-marketing,62,4562,Budgeting for Account-Based Marketing: Realistic Numbers by Company Size,Pricing,account-based marketing
46,B2B and SaaS Marketing,b2b-saas-marketing,63,4563,Measuring the ROI of Intent Data Without Guesswork,ROI,intent data
46,B2B and SaaS Marketing,b2b-saas-marketing,64,4564,Does Product-Led Growth Pay for Itself? A Calculation Method,ROI,product-led growth
46,B2B and SaaS Marketing,b2b-saas-marketing,65,4565,Proving the Business Value of Free Trial Design to Finance,ROI,free trial design
46,B2B and SaaS Marketing,b2b-saas-marketing,66,4566,Freemium Models Statistics That Should Shape Your 2026 Plan,Statistics,freemium models
46,B2B and SaaS Marketing,b2b-saas-marketing,67,4567,What the Data Says About Pricing Page Optimisation Performance,Statistics,pricing page optimisation
46,B2B and SaaS Marketing,b2b-saas-marketing,68,4568,"Sales Enablement Content by the Numbers: Adoption, Cost and Outcomes",Statistics,sales enablement content
46,B2B and SaaS Marketing,b2b-saas-marketing,69,4569,Case Study Production Trends Reshaping Marketing in 2026,Trends,case study production
46,B2B and SaaS Marketing,b2b-saas-marketing,70,4570,"What Changed in Customer Proof This Year, and Why It Matters",Trends,customer proof
46,B2B and SaaS Marketing,b2b-saas-marketing,71,4571,Emerging Shifts in Category Creation Worth Watching,Trends,category creation
46,B2B and SaaS Marketing,b2b-saas-marketing,72,4572,Where Buying Committees Is Heading Next: A Considered Forecast,Predictions,buying committees
46,B2B and SaaS Marketing,b2b-saas-marketing,73,4573,"Long Sales Cycles in Three Years: Reasonable Predictions, Not Hype",Predictions,long sales cycles
46,B2B and SaaS Marketing,b2b-saas-marketing,74,4574,Preparing Multi-Touch Attribution for the Post-Search Era,Predictions,multi-touch attribution
46,B2B and SaaS Marketing,b2b-saas-marketing,75,4575,What Is a Good CAC Payback Period Benchmark? Numbers by Industry,Benchmarks,CAC payback period
46,B2B and SaaS Marketing,b2b-saas-marketing,76,4576,Net Revenue Retention Benchmarks: How to Tell Good From Average,Benchmarks,net revenue retention
46,B2B and SaaS Marketing,b2b-saas-marketing,77,4577,Setting Realistic Competitive Displacement Targets Your Team Can Hit,Benchmarks,competitive displacement
46,B2B and SaaS Marketing,b2b-saas-marketing,78,4578,Analyst Relations for Education Companies: What Is Different,Industry-specific,analyst relations
46,B2B and SaaS Marketing,b2b-saas-marketing,79,4579,Applying Webinar Programmes in Real Estate: Constraints and Opportunities,Industry-specific,webinar programmes
46,B2B and SaaS Marketing,b2b-saas-marketing,80,4580,Hospitality Developer Marketing: A Sector-Specific Playbook,Industry-specific,developer marketing
46,B2B and SaaS Marketing,b2b-saas-marketing,81,4581,Why Standard Demand Generation Advice Fails in Financial Services,Industry-specific,demand generation
46,B2B and SaaS Marketing,b2b-saas-marketing,82,4582,Account-Based Marketing for Solo Founders on a Tight Budget,Small business,account-based marketing
46,B2B and SaaS Marketing,b2b-saas-marketing,83,4583,Practical Intent Data When You Are the Entire Marketing Team,Small business,intent data
46,B2B and SaaS Marketing,b2b-saas-marketing,84,4584,"Product-Led Growth for Startups: Start Here, Skip the Rest",Small business,product-led growth
46,B2B and SaaS Marketing,b2b-saas-marketing,85,4585,"Free Trial Design for Enterprise Teams: Governance, Scale and Sign-Off",Enterprise,free trial design
46,B2B and SaaS Marketing,b2b-saas-marketing,86,4586,Rolling Out Freemium Models Across Large Organisations Without Chaos,Enterprise,freemium models
46,B2B and SaaS Marketing,b2b-saas-marketing,87,4587,Enterprise Pricing Page Optimisation: Coordination Costs and How to Contain Them,Enterprise,pricing page optimisation
46,B2B and SaaS Marketing,b2b-saas-marketing,88,4588,Sales Enablement Content for Local Businesses in Emerging Markets,Local business,sales enablement content
46,B2B and SaaS Marketing,b2b-saas-marketing,89,4589,"Adapting Case Study Production for Multilingual Markets: Language, Payments and Behaviour",Local business,case study production
46,B2B and SaaS Marketing,b2b-saas-marketing,90,4590,Local-First Customer Proof: Winning Customers Within Ten Kilometres,Local business,customer proof
46,B2B and SaaS Marketing,b2b-saas-marketing,91,4591,Category Creation for B2B Teams With Long Sales Cycles,B2B,category creation
46,B2B and SaaS Marketing,b2b-saas-marketing,92,4592,How B2B Buying Committees Change Your Buying Committees Approach,B2B,buying committees
46,B2B and SaaS Marketing,b2b-saas-marketing,93,4593,"Long Sales Cycles That Generates Pipeline, Not Just Traffic",B2B,long sales cycles
46,B2B and SaaS Marketing,b2b-saas-marketing,94,4594,Multi-Touch Attribution for B2C Brands Competing on Attention,B2C,multi-touch attribution
46,B2B and SaaS Marketing,b2b-saas-marketing,95,4595,High-Volume CAC Payback Period for Consumer Brands,B2C,CAC payback period
46,B2B and SaaS Marketing,b2b-saas-marketing,96,4596,"Net Revenue Retention That Drives Repeat Purchases, Not One-Off Sales",B2C,net revenue retention
46,B2B and SaaS Marketing,b2b-saas-marketing,97,4597,Using AI to Improve Competitive Displacement Without Losing Quality Control,AI-powered,competitive displacement
46,B2B and SaaS Marketing,b2b-saas-marketing,98,4598,AI-Assisted Analyst Relations: Where It Helps and Where It Hurts,AI-powered,analyst relations
46,B2B and SaaS Marketing,b2b-saas-marketing,99,4599,Can AI Agents Handle Webinar Programmes End to End?,AI-powered,webinar programmes
46,B2B and SaaS Marketing,b2b-saas-marketing,100,4600,How AI Search Is Changing Developer Marketing,AI-powered,developer marketing
47,E-commerce and D2C Growth Marketing,ecommerce-marketing,1,4601,What Is Product Launch Campaigns? A Beginner's Guide for Ecommerce Marketing,Beginner guide,product launch campaigns
47,E-commerce and D2C Growth Marketing,ecommerce-marketing,2,4602,Cart Abandonment Recovery Explained: A Plain-English Introduction,Beginner guide,cart abandonment recovery
47,E-commerce and D2C Growth Marketing,ecommerce-marketing,3,4603,Getting Started With Average Order Value Growth: What Beginners Need to Know First,Beginner guide,average order value growth
47,E-commerce and D2C Growth Marketing,ecommerce-marketing,4,4604,Bundling and Upsells for Complete Beginners: Core Concepts and First Steps,Beginner guide,bundling and upsells
47,E-commerce and D2C Growth Marketing,ecommerce-marketing,5,4605,Advanced Subscription Commerce: Techniques Experienced Teams Actually Use,Advanced guide,subscription commerce
47,E-commerce and D2C Growth Marketing,ecommerce-marketing,6,4606,Marketplace Strategy at Scale: What Changes Once You Outgrow the Basics,Advanced guide,marketplace strategy
47,E-commerce and D2C Growth Marketing,ecommerce-marketing,7,4607,Beyond the Basics: Sophisticated Black Friday Planning Tactics That Still Work,Advanced guide,Black Friday planning
47,E-commerce and D2C Growth Marketing,ecommerce-marketing,8,4608,How to Improve Seasonal Demand Peaks Without Increasing Your Budget,How-to,seasonal demand peaks
47,E-commerce and D2C Growth Marketing,ecommerce-marketing,9,4609,How to Set Up Post-Purchase Experience Correctly the First Time,How-to,post-purchase experience
47,E-commerce and D2C Growth Marketing,ecommerce-marketing,10,4610,How to Fix Returns and Exchanges When It Stops Delivering Results,How-to,returns and exchanges
47,E-commerce and D2C Growth Marketing,ecommerce-marketing,11,4611,How to Audit Your Loyalty for E-Commerce in Under an Hour,How-to,loyalty for e-commerce
47,E-commerce and D2C Growth Marketing,ecommerce-marketing,12,4612,Step-by-Step: Building Your First Product Recommendations Workflow,Step-by-step tutorial,product recommendations
47,E-commerce and D2C Growth Marketing,ecommerce-marketing,13,4613,"A Practical Walkthrough of Merchandising Rules, From Setup to First Result",Step-by-step tutorial,merchandising rules
47,E-commerce and D2C Growth Marketing,ecommerce-marketing,14,4614,Configuring Inventory-Aware Marketing in Gorgias: A Step-by-Step Tutorial,Step-by-step tutorial,inventory-aware marketing
47,E-commerce and D2C Growth Marketing,ecommerce-marketing,15,4615,The Complete Guide to Shipping Incentives in 2026,Ultimate guide,shipping incentives
47,E-commerce and D2C Growth Marketing,ecommerce-marketing,16,4616,The Definitive Payment Options Handbook for Modern Marketing Teams,Ultimate guide,payment options
47,E-commerce and D2C Growth Marketing,ecommerce-marketing,17,4617,Everything You Need to Know About Review Collection,Ultimate guide,review collection
47,E-commerce and D2C Growth Marketing,ecommerce-marketing,18,4618,The Influencer Seeding Checklist Every Team Should Run Before Launch,Checklist,influencer seeding
47,E-commerce and D2C Growth Marketing,ecommerce-marketing,19,4619,A Pre-Launch Live Shopping Checklist You Can Finish in One Sitting,Checklist,live shopping
47,E-commerce and D2C Growth Marketing,ecommerce-marketing,20,4620,Monthly Omnichannel Retail Maintenance Checklist for Busy Marketers,Checklist,omnichannel retail
47,E-commerce and D2C Growth Marketing,ecommerce-marketing,21,4621,A Reusable Product Launch Campaigns Template You Can Adapt Today,Template,product launch campaigns
47,E-commerce and D2C Growth Marketing,ecommerce-marketing,22,4622,"Free Cart Abandonment Recovery Framework: Structure, Fields and Worked Example",Template,cart abandonment recovery
47,E-commerce and D2C Growth Marketing,ecommerce-marketing,23,4623,The Average Order Value Growth Brief Template That Cuts Revision Cycles,Template,average order value growth
47,E-commerce and D2C Growth Marketing,ecommerce-marketing,24,4624,12 Real Bundling and Upsells Examples Worth Studying,Examples,bundling and upsells
47,E-commerce and D2C Growth Marketing,ecommerce-marketing,25,4625,Subscription Commerce Examples That Show What Good Actually Looks Like,Examples,subscription commerce
47,E-commerce and D2C Growth Marketing,ecommerce-marketing,26,4626,Annotated Marketplace Strategy Examples: Why Each One Works,Examples,marketplace strategy
47,E-commerce and D2C Growth Marketing,ecommerce-marketing,27,4627,Case Study: How One E-Commerce Brand Rebuilt Its Black Friday Planning,Case study,Black Friday planning
47,E-commerce and D2C Growth Marketing,ecommerce-marketing,28,4628,Inside a Seasonal Demand Peaks Turnaround: What Changed and What It Cost,Case study,seasonal demand peaks
47,E-commerce and D2C Growth Marketing,ecommerce-marketing,29,4629,"A 90-Day Post-Purchase Experience Experiment: Method, Results and Lessons",Case study,post-purchase experience
47,E-commerce and D2C Growth Marketing,ecommerce-marketing,30,4630,Building a Returns and Exchanges Strategy That Survives Algorithm Changes,Strategy,returns and exchanges
47,E-commerce and D2C Growth Marketing,ecommerce-marketing,31,4631,A Sustainable Loyalty for E-Commerce Strategy for Teams With Limited Resources,Strategy,loyalty for e-commerce
47,E-commerce and D2C Growth Marketing,ecommerce-marketing,32,4632,How to Prioritise Product Recommendations When Everything Feels Urgent,Strategy,product recommendations
47,E-commerce and D2C Growth Marketing,ecommerce-marketing,33,4633,The Strategic Case for Investing in Merchandising Rules This Year,Strategy,merchandising rules
47,E-commerce and D2C Growth Marketing,ecommerce-marketing,34,4634,Inventory-Aware Marketing Best Practices That Hold Up Under Scrutiny,Best practices,inventory-aware marketing
47,E-commerce and D2C Growth Marketing,ecommerce-marketing,35,4635,Proven Shipping Incentives Principles for Consistent Results,Best practices,shipping incentives
47,E-commerce and D2C Growth Marketing,ecommerce-marketing,36,4636,What Disciplined Payment Options Looks Like in Practice,Best practices,payment options
47,E-commerce and D2C Growth Marketing,ecommerce-marketing,37,4637,The Review Collection Standards High-Performing Teams Enforce,Best practices,review collection
47,E-commerce and D2C Growth Marketing,ecommerce-marketing,38,4638,Common Influencer Seeding Mistakes That Quietly Cost You Revenue,Mistakes to avoid,influencer seeding
47,E-commerce and D2C Growth Marketing,ecommerce-marketing,39,4639,Seven Live Shopping Errors Almost Every Team Makes Early On,Mistakes to avoid,live shopping
47,E-commerce and D2C Growth Marketing,ecommerce-marketing,40,4640,"Why Most Omnichannel Retail Efforts Stall, and How to Avoid It",Mistakes to avoid,omnichannel retail
47,E-commerce and D2C Growth Marketing,ecommerce-marketing,41,4641,Product Launch Campaigns Anti-Patterns Worth Unlearning,Mistakes to avoid,product launch campaigns
47,E-commerce and D2C Growth Marketing,ecommerce-marketing,42,4642,Cart Abandonment Recovery Not Working? A Diagnostic Guide,Problem/solution,cart abandonment recovery
47,E-commerce and D2C Growth Marketing,ecommerce-marketing,43,4643,"Troubleshooting Average Order Value Growth: Symptoms, Causes and Fixes",Problem/solution,average order value growth
47,E-commerce and D2C Growth Marketing,ecommerce-marketing,44,4644,What to Do When Bundling and Upsells Suddenly Drops,Problem/solution,bundling and upsells
47,E-commerce and D2C Growth Marketing,ecommerce-marketing,45,4645,Fixing Broken Subscription Commerce: A Systematic Approach,Problem/solution,subscription commerce
47,E-commerce and D2C Growth Marketing,ecommerce-marketing,46,4646,"Marketplace Strategy: Frequently Asked Questions, Answered Directly",FAQ,marketplace strategy
47,E-commerce and D2C Growth Marketing,ecommerce-marketing,47,4647,Is Black Friday Planning Worth the Investment? An Honest Assessment,FAQ,Black Friday planning
47,E-commerce and D2C Growth Marketing,ecommerce-marketing,48,4648,How Long Does Seasonal Demand Peaks Take to Show Results?,FAQ,seasonal demand peaks
47,E-commerce and D2C Growth Marketing,ecommerce-marketing,49,4649,Do You Actually Need Post-Purchase Experience? A Decision Guide,FAQ,post-purchase experience
47,E-commerce and D2C Growth Marketing,ecommerce-marketing,50,4650,Returns and Exchanges vs Omnichannel Retail: Which Deserves Your Budget?,Comparison,returns and exchanges
47,E-commerce and D2C Growth Marketing,ecommerce-marketing,51,4651,"Comparing Loyalty for E-Commerce and Cart Abandonment Recovery: Strengths, Limits and Overlap",Comparison,loyalty for e-commerce
47,E-commerce and D2C Growth Marketing,ecommerce-marketing,52,4652,Product Recommendations or Bundling and Upsells? A Decision Framework for Marketing Teams,Comparison,product recommendations
47,E-commerce and D2C Growth Marketing,ecommerce-marketing,53,4653,When to Choose Merchandising Rules Over Marketplace Strategy,Comparison,merchandising rules
47,E-commerce and D2C Growth Marketing,ecommerce-marketing,54,4654,Alternatives to Inventory-Aware Marketing: When It Is the Wrong Tool for the Job,Alternatives,inventory-aware marketing
47,E-commerce and D2C Growth Marketing,ecommerce-marketing,55,4655,What to Use Instead of Shipping Incentives for Constrained Teams,Alternatives,shipping incentives
47,E-commerce and D2C Growth Marketing,ecommerce-marketing,56,4656,Rethinking Payment Options: Three Credible Alternatives,Alternatives,payment options
47,E-commerce and D2C Growth Marketing,ecommerce-marketing,57,4657,"The Best Tools for Review Collection, Compared Honestly",Tools comparison,review collection
47,E-commerce and D2C Growth Marketing,ecommerce-marketing,58,4658,"Recharge for Influencer Seeding: Capabilities, Gaps and Fit",Tools comparison,influencer seeding
47,E-commerce and D2C Growth Marketing,ecommerce-marketing,59,4659,Choosing Live Shopping Software: Evaluation Criteria That Matter,Tools comparison,live shopping
47,E-commerce and D2C Growth Marketing,ecommerce-marketing,60,4660,How Much Does Omnichannel Retail Really Cost in 2026?,Pricing,omnichannel retail
47,E-commerce and D2C Growth Marketing,ecommerce-marketing,61,4661,Product Launch Campaigns Pricing Explained: What Drives the Bill,Pricing,product launch campaigns
47,E-commerce and D2C Growth Marketing,ecommerce-marketing,62,4662,Budgeting for Cart Abandonment Recovery: Realistic Numbers by Company Size,Pricing,cart abandonment recovery
47,E-commerce and D2C Growth Marketing,ecommerce-marketing,63,4663,Measuring the ROI of Average Order Value Growth Without Guesswork,ROI,average order value growth
47,E-commerce and D2C Growth Marketing,ecommerce-marketing,64,4664,Does Bundling and Upsells Pay for Itself? A Calculation Method,ROI,bundling and upsells
47,E-commerce and D2C Growth Marketing,ecommerce-marketing,65,4665,Proving the Business Value of Subscription Commerce to Finance,ROI,subscription commerce
47,E-commerce and D2C Growth Marketing,ecommerce-marketing,66,4666,Marketplace Strategy Statistics That Should Shape Your 2026 Plan,Statistics,marketplace strategy
47,E-commerce and D2C Growth Marketing,ecommerce-marketing,67,4667,What the Data Says About Black Friday Planning Performance,Statistics,Black Friday planning
47,E-commerce and D2C Growth Marketing,ecommerce-marketing,68,4668,"Seasonal Demand Peaks by the Numbers: Adoption, Cost and Outcomes",Statistics,seasonal demand peaks
47,E-commerce and D2C Growth Marketing,ecommerce-marketing,69,4669,Post-Purchase Experience Trends Reshaping Marketing in 2026,Trends,post-purchase experience
47,E-commerce and D2C Growth Marketing,ecommerce-marketing,70,4670,"What Changed in Returns and Exchanges This Year, and Why It Matters",Trends,returns and exchanges
47,E-commerce and D2C Growth Marketing,ecommerce-marketing,71,4671,Emerging Shifts in Loyalty for E-Commerce Worth Watching,Trends,loyalty for e-commerce
47,E-commerce and D2C Growth Marketing,ecommerce-marketing,72,4672,Where Product Recommendations Is Heading Next: A Considered Forecast,Predictions,product recommendations
47,E-commerce and D2C Growth Marketing,ecommerce-marketing,73,4673,"Merchandising Rules in Three Years: Reasonable Predictions, Not Hype",Predictions,merchandising rules
47,E-commerce and D2C Growth Marketing,ecommerce-marketing,74,4674,Preparing Inventory-Aware Marketing for the Post-Search Era,Predictions,inventory-aware marketing
47,E-commerce and D2C Growth Marketing,ecommerce-marketing,75,4675,What Is a Good Shipping Incentives Benchmark? Numbers by Industry,Benchmarks,shipping incentives
47,E-commerce and D2C Growth Marketing,ecommerce-marketing,76,4676,Payment Options Benchmarks: How to Tell Good From Average,Benchmarks,payment options
47,E-commerce and D2C Growth Marketing,ecommerce-marketing,77,4677,Setting Realistic Review Collection Targets Your Team Can Hit,Benchmarks,review collection
47,E-commerce and D2C Growth Marketing,ecommerce-marketing,78,4678,Influencer Seeding for Real Estate Companies: What Is Different,Industry-specific,influencer seeding
47,E-commerce and D2C Growth Marketing,ecommerce-marketing,79,4679,Applying Live Shopping in Hospitality: Constraints and Opportunities,Industry-specific,live shopping
47,E-commerce and D2C Growth Marketing,ecommerce-marketing,80,4680,Financial Services Omnichannel Retail: A Sector-Specific Playbook,Industry-specific,omnichannel retail
47,E-commerce and D2C Growth Marketing,ecommerce-marketing,81,4681,Why Standard Product Launch Campaigns Advice Fails in Travel,Industry-specific,product launch campaigns
47,E-commerce and D2C Growth Marketing,ecommerce-marketing,82,4682,Cart Abandonment Recovery for Local Shops on a Tight Budget,Small business,cart abandonment recovery
47,E-commerce and D2C Growth Marketing,ecommerce-marketing,83,4683,Practical Average Order Value Growth When You Are the Entire Marketing Team,Small business,average order value growth
47,E-commerce and D2C Growth Marketing,ecommerce-marketing,84,4684,"Bundling and Upsells for Freelancers: Start Here, Skip the Rest",Small business,bundling and upsells
47,E-commerce and D2C Growth Marketing,ecommerce-marketing,85,4685,"Subscription Commerce for Large Organisations: Governance, Scale and Sign-Off",Enterprise,subscription commerce
47,E-commerce and D2C Growth Marketing,ecommerce-marketing,86,4686,Rolling Out Marketplace Strategy Across Multi-Brand Groups Without Chaos,Enterprise,marketplace strategy
47,E-commerce and D2C Growth Marketing,ecommerce-marketing,87,4687,Enterprise Black Friday Planning: Coordination Costs and How to Contain Them,Enterprise,Black Friday planning
47,E-commerce and D2C Growth Marketing,ecommerce-marketing,88,4688,Seasonal Demand Peaks for Local Businesses in Multilingual Markets,Local business,seasonal demand peaks
47,E-commerce and D2C Growth Marketing,ecommerce-marketing,89,4689,"Adapting Post-Purchase Experience for Nepal: Language, Payments and Behaviour",Local business,post-purchase experience
47,E-commerce and D2C Growth Marketing,ecommerce-marketing,90,4690,Local-First Returns and Exchanges: Winning Customers Within Ten Kilometres,Local business,returns and exchanges
47,E-commerce and D2C Growth Marketing,ecommerce-marketing,91,4691,Loyalty for E-Commerce for B2B Teams With Long Sales Cycles,B2B,loyalty for e-commerce
47,E-commerce and D2C Growth Marketing,ecommerce-marketing,92,4692,How B2B Buying Committees Change Your Product Recommendations Approach,B2B,product recommendations
47,E-commerce and D2C Growth Marketing,ecommerce-marketing,93,4693,"Merchandising Rules That Generates Pipeline, Not Just Traffic",B2B,merchandising rules
47,E-commerce and D2C Growth Marketing,ecommerce-marketing,94,4694,Inventory-Aware Marketing for B2C Brands Competing on Attention,B2C,inventory-aware marketing
47,E-commerce and D2C Growth Marketing,ecommerce-marketing,95,4695,High-Volume Shipping Incentives for Consumer Brands,B2C,shipping incentives
47,E-commerce and D2C Growth Marketing,ecommerce-marketing,96,4696,"Payment Options That Drives Repeat Purchases, Not One-Off Sales",B2C,payment options
47,E-commerce and D2C Growth Marketing,ecommerce-marketing,97,4697,Using AI to Improve Review Collection Without Losing Quality Control,AI-powered,review collection
47,E-commerce and D2C Growth Marketing,ecommerce-marketing,98,4698,AI-Assisted Influencer Seeding: Where It Helps and Where It Hurts,AI-powered,influencer seeding
47,E-commerce and D2C Growth Marketing,ecommerce-marketing,99,4699,Can AI Agents Handle Live Shopping End to End?,AI-powered,live shopping
47,E-commerce and D2C Growth Marketing,ecommerce-marketing,100,4700,How AI Search Is Changing Omnichannel Retail,AI-powered,omnichannel retail
48,"Affiliate, Influencer and Partnership Marketing",affiliate-influencer-marketing,1,4701,What Is Affiliate Programme Setup? A Beginner's Guide for Affiliate Marketing,Beginner guide,affiliate programme setup
48,"Affiliate, Influencer and Partnership Marketing",affiliate-influencer-marketing,2,4702,Commission Structures Explained: A Plain-English Introduction,Beginner guide,commission structures
48,"Affiliate, Influencer and Partnership Marketing",affiliate-influencer-marketing,3,4703,Getting Started With Last-Click vs Multi-Touch Payouts: What Beginners Need to Know First,Beginner guide,last-click vs multi-touch payouts
48,"Affiliate, Influencer and Partnership Marketing",affiliate-influencer-marketing,4,4704,Affiliate Recruitment for Complete Beginners: Core Concepts and First Steps,Beginner guide,affiliate recruitment
48,"Affiliate, Influencer and Partnership Marketing",affiliate-influencer-marketing,5,4705,Advanced Publisher Vetting: Techniques Experienced Teams Actually Use,Advanced guide,publisher vetting
48,"Affiliate, Influencer and Partnership Marketing",affiliate-influencer-marketing,6,4706,Coupon and Deal Sites at Scale: What Changes Once You Outgrow the Basics,Advanced guide,coupon and deal sites
48,"Affiliate, Influencer and Partnership Marketing",affiliate-influencer-marketing,7,4707,Beyond the Basics: Sophisticated Influencer Selection Tactics That Still Work,Advanced guide,influencer selection
48,"Affiliate, Influencer and Partnership Marketing",affiliate-influencer-marketing,8,4708,How to Improve Micro vs Macro Influencers Without Increasing Your Budget,How-to,micro vs macro influencers
48,"Affiliate, Influencer and Partnership Marketing",affiliate-influencer-marketing,9,4709,How to Set Up Creator Briefs Correctly the First Time,How-to,creator briefs
48,"Affiliate, Influencer and Partnership Marketing",affiliate-influencer-marketing,10,4710,How to Fix Usage Rights When It Stops Delivering Results,How-to,usage rights
48,"Affiliate, Influencer and Partnership Marketing",affiliate-influencer-marketing,11,4711,How to Audit Your FTC Disclosure Rules in Under an Hour,How-to,FTC disclosure rules
48,"Affiliate, Influencer and Partnership Marketing",affiliate-influencer-marketing,12,4712,Step-by-Step: Building Your First Affiliate Fraud Prevention Workflow,Step-by-step tutorial,affiliate fraud prevention
48,"Affiliate, Influencer and Partnership Marketing",affiliate-influencer-marketing,13,4713,"A Practical Walkthrough of Cookie Windows, From Setup to First Result",Step-by-step tutorial,cookie windows
48,"Affiliate, Influencer and Partnership Marketing",affiliate-influencer-marketing,14,4714,Configuring Partner Enablement in Grin: A Step-by-Step Tutorial,Step-by-step tutorial,partner enablement
48,"Affiliate, Influencer and Partnership Marketing",affiliate-influencer-marketing,15,4715,The Complete Guide to Co-Marketing Partnerships in 2026,Ultimate guide,co-marketing partnerships
48,"Affiliate, Influencer and Partnership Marketing",affiliate-influencer-marketing,16,4716,The Definitive Referral Programmes Handbook for Modern Marketing Teams,Ultimate guide,referral programmes
48,"Affiliate, Influencer and Partnership Marketing",affiliate-influencer-marketing,17,4717,Everything You Need to Know About Tracking Links,Ultimate guide,tracking links
48,"Affiliate, Influencer and Partnership Marketing",affiliate-influencer-marketing,18,4718,The Attribution Disputes Checklist Every Team Should Run Before Launch,Checklist,attribution disputes
48,"Affiliate, Influencer and Partnership Marketing",affiliate-influencer-marketing,19,4719,A Pre-Launch Payout Management Checklist You Can Finish in One Sitting,Checklist,payout management
48,"Affiliate, Influencer and Partnership Marketing",affiliate-influencer-marketing,20,4720,Monthly Programme Benchmarks Maintenance Checklist for Busy Marketers,Checklist,programme benchmarks
48,"Affiliate, Influencer and Partnership Marketing",affiliate-influencer-marketing,21,4721,A Reusable Affiliate Programme Setup Template You Can Adapt Today,Template,affiliate programme setup
48,"Affiliate, Influencer and Partnership Marketing",affiliate-influencer-marketing,22,4722,"Free Commission Structures Framework: Structure, Fields and Worked Example",Template,commission structures
48,"Affiliate, Influencer and Partnership Marketing",affiliate-influencer-marketing,23,4723,The Last-Click vs Multi-Touch Payouts Brief Template That Cuts Revision Cycles,Template,last-click vs multi-touch payouts
48,"Affiliate, Influencer and Partnership Marketing",affiliate-influencer-marketing,24,4724,12 Real Affiliate Recruitment Examples Worth Studying,Examples,affiliate recruitment
48,"Affiliate, Influencer and Partnership Marketing",affiliate-influencer-marketing,25,4725,Publisher Vetting Examples That Show What Good Actually Looks Like,Examples,publisher vetting
48,"Affiliate, Influencer and Partnership Marketing",affiliate-influencer-marketing,26,4726,Annotated Coupon and Deal Sites Examples: Why Each One Works,Examples,coupon and deal sites
48,"Affiliate, Influencer and Partnership Marketing",affiliate-influencer-marketing,27,4727,Case Study: How One Healthcare Brand Rebuilt Its Influencer Selection,Case study,influencer selection
48,"Affiliate, Influencer and Partnership Marketing",affiliate-influencer-marketing,28,4728,Inside a Micro vs Macro Influencers Turnaround: What Changed and What It Cost,Case study,micro vs macro influencers
48,"Affiliate, Influencer and Partnership Marketing",affiliate-influencer-marketing,29,4729,"A 90-Day Creator Briefs Experiment: Method, Results and Lessons",Case study,creator briefs
48,"Affiliate, Influencer and Partnership Marketing",affiliate-influencer-marketing,30,4730,Building a Usage Rights Strategy That Survives Algorithm Changes,Strategy,usage rights
48,"Affiliate, Influencer and Partnership Marketing",affiliate-influencer-marketing,31,4731,A Sustainable FTC Disclosure Rules Strategy for Teams With Limited Resources,Strategy,FTC disclosure rules
48,"Affiliate, Influencer and Partnership Marketing",affiliate-influencer-marketing,32,4732,How to Prioritise Affiliate Fraud Prevention When Everything Feels Urgent,Strategy,affiliate fraud prevention
48,"Affiliate, Influencer and Partnership Marketing",affiliate-influencer-marketing,33,4733,The Strategic Case for Investing in Cookie Windows This Year,Strategy,cookie windows
48,"Affiliate, Influencer and Partnership Marketing",affiliate-influencer-marketing,34,4734,Partner Enablement Best Practices That Hold Up Under Scrutiny,Best practices,partner enablement
48,"Affiliate, Influencer and Partnership Marketing",affiliate-influencer-marketing,35,4735,Proven Co-Marketing Partnerships Principles for Consistent Results,Best practices,co-marketing partnerships
48,"Affiliate, Influencer and Partnership Marketing",affiliate-influencer-marketing,36,4736,What Disciplined Referral Programmes Looks Like in Practice,Best practices,referral programmes
48,"Affiliate, Influencer and Partnership Marketing",affiliate-influencer-marketing,37,4737,The Tracking Links Standards High-Performing Teams Enforce,Best practices,tracking links
48,"Affiliate, Influencer and Partnership Marketing",affiliate-influencer-marketing,38,4738,Common Attribution Disputes Mistakes That Quietly Cost You Revenue,Mistakes to avoid,attribution disputes
48,"Affiliate, Influencer and Partnership Marketing",affiliate-influencer-marketing,39,4739,Seven Payout Management Errors Almost Every Team Makes Early On,Mistakes to avoid,payout management
48,"Affiliate, Influencer and Partnership Marketing",affiliate-influencer-marketing,40,4740,"Why Most Programme Benchmarks Efforts Stall, and How to Avoid It",Mistakes to avoid,programme benchmarks
48,"Affiliate, Influencer and Partnership Marketing",affiliate-influencer-marketing,41,4741,Affiliate Programme Setup Anti-Patterns Worth Unlearning,Mistakes to avoid,affiliate programme setup
48,"Affiliate, Influencer and Partnership Marketing",affiliate-influencer-marketing,42,4742,Commission Structures Not Working? A Diagnostic Guide,Problem/solution,commission structures
48,"Affiliate, Influencer and Partnership Marketing",affiliate-influencer-marketing,43,4743,"Troubleshooting Last-Click vs Multi-Touch Payouts: Symptoms, Causes and Fixes",Problem/solution,last-click vs multi-touch payouts
48,"Affiliate, Influencer and Partnership Marketing",affiliate-influencer-marketing,44,4744,What to Do When Affiliate Recruitment Suddenly Drops,Problem/solution,affiliate recruitment
48,"Affiliate, Influencer and Partnership Marketing",affiliate-influencer-marketing,45,4745,Fixing Broken Publisher Vetting: A Systematic Approach,Problem/solution,publisher vetting
48,"Affiliate, Influencer and Partnership Marketing",affiliate-influencer-marketing,46,4746,"Coupon and Deal Sites: Frequently Asked Questions, Answered Directly",FAQ,coupon and deal sites
48,"Affiliate, Influencer and Partnership Marketing",affiliate-influencer-marketing,47,4747,Is Influencer Selection Worth the Investment? An Honest Assessment,FAQ,influencer selection
48,"Affiliate, Influencer and Partnership Marketing",affiliate-influencer-marketing,48,4748,How Long Does Micro vs Macro Influencers Take to Show Results?,FAQ,micro vs macro influencers
48,"Affiliate, Influencer and Partnership Marketing",affiliate-influencer-marketing,49,4749,Do You Actually Need Creator Briefs? A Decision Guide,FAQ,creator briefs
48,"Affiliate, Influencer and Partnership Marketing",affiliate-influencer-marketing,50,4750,Usage Rights vs Programme Benchmarks: Which Deserves Your Budget?,Comparison,usage rights
48,"Affiliate, Influencer and Partnership Marketing",affiliate-influencer-marketing,51,4751,"Comparing FTC Disclosure Rules and Commission Structures: Strengths, Limits and Overlap",Comparison,FTC disclosure rules
48,"Affiliate, Influencer and Partnership Marketing",affiliate-influencer-marketing,52,4752,Affiliate Fraud Prevention or Affiliate Recruitment? A Decision Framework for Marketing Teams,Comparison,affiliate fraud prevention
48,"Affiliate, Influencer and Partnership Marketing",affiliate-influencer-marketing,53,4753,When to Choose Cookie Windows Over Coupon and Deal Sites,Comparison,cookie windows
48,"Affiliate, Influencer and Partnership Marketing",affiliate-influencer-marketing,54,4754,Alternatives to Partner Enablement: When It Is the Wrong Tool for the Job,Alternatives,partner enablement
48,"Affiliate, Influencer and Partnership Marketing",affiliate-influencer-marketing,55,4755,What to Use Instead of Co-Marketing Partnerships for Constrained Teams,Alternatives,co-marketing partnerships
48,"Affiliate, Influencer and Partnership Marketing",affiliate-influencer-marketing,56,4756,Rethinking Referral Programmes: Three Credible Alternatives,Alternatives,referral programmes
48,"Affiliate, Influencer and Partnership Marketing",affiliate-influencer-marketing,57,4757,"The Best Tools for Tracking Links, Compared Honestly",Tools comparison,tracking links
48,"Affiliate, Influencer and Partnership Marketing",affiliate-influencer-marketing,58,4758,"Refersion for Attribution Disputes: Capabilities, Gaps and Fit",Tools comparison,attribution disputes
48,"Affiliate, Influencer and Partnership Marketing",affiliate-influencer-marketing,59,4759,Choosing Payout Management Software: Evaluation Criteria That Matter,Tools comparison,payout management
48,"Affiliate, Influencer and Partnership Marketing",affiliate-influencer-marketing,60,4760,How Much Does Programme Benchmarks Really Cost in 2026?,Pricing,programme benchmarks
48,"Affiliate, Influencer and Partnership Marketing",affiliate-influencer-marketing,61,4761,Affiliate Programme Setup Pricing Explained: What Drives the Bill,Pricing,affiliate programme setup
48,"Affiliate, Influencer and Partnership Marketing",affiliate-influencer-marketing,62,4762,Budgeting for Commission Structures: Realistic Numbers by Company Size,Pricing,commission structures
48,"Affiliate, Influencer and Partnership Marketing",affiliate-influencer-marketing,63,4763,Measuring the ROI of Last-Click vs Multi-Touch Payouts Without Guesswork,ROI,last-click vs multi-touch payouts
48,"Affiliate, Influencer and Partnership Marketing",affiliate-influencer-marketing,64,4764,Does Affiliate Recruitment Pay for Itself? A Calculation Method,ROI,affiliate recruitment
48,"Affiliate, Influencer and Partnership Marketing",affiliate-influencer-marketing,65,4765,Proving the Business Value of Publisher Vetting to Finance,ROI,publisher vetting
48,"Affiliate, Influencer and Partnership Marketing",affiliate-influencer-marketing,66,4766,Coupon and Deal Sites Statistics That Should Shape Your 2026 Plan,Statistics,coupon and deal sites
48,"Affiliate, Influencer and Partnership Marketing",affiliate-influencer-marketing,67,4767,What the Data Says About Influencer Selection Performance,Statistics,influencer selection
48,"Affiliate, Influencer and Partnership Marketing",affiliate-influencer-marketing,68,4768,"Micro vs Macro Influencers by the Numbers: Adoption, Cost and Outcomes",Statistics,micro vs macro influencers
48,"Affiliate, Influencer and Partnership Marketing",affiliate-influencer-marketing,69,4769,Creator Briefs Trends Reshaping Marketing in 2026,Trends,creator briefs
48,"Affiliate, Influencer and Partnership Marketing",affiliate-influencer-marketing,70,4770,"What Changed in Usage Rights This Year, and Why It Matters",Trends,usage rights
48,"Affiliate, Influencer and Partnership Marketing",affiliate-influencer-marketing,71,4771,Emerging Shifts in FTC Disclosure Rules Worth Watching,Trends,FTC disclosure rules
48,"Affiliate, Influencer and Partnership Marketing",affiliate-influencer-marketing,72,4772,Where Affiliate Fraud Prevention Is Heading Next: A Considered Forecast,Predictions,affiliate fraud prevention
48,"Affiliate, Influencer and Partnership Marketing",affiliate-influencer-marketing,73,4773,"Cookie Windows in Three Years: Reasonable Predictions, Not Hype",Predictions,cookie windows
48,"Affiliate, Influencer and Partnership Marketing",affiliate-influencer-marketing,74,4774,Preparing Partner Enablement for the Post-Search Era,Predictions,partner enablement
48,"Affiliate, Influencer and Partnership Marketing",affiliate-influencer-marketing,75,4775,What Is a Good Co-Marketing Partnerships Benchmark? Numbers by Industry,Benchmarks,co-marketing partnerships
48,"Affiliate, Influencer and Partnership Marketing",affiliate-influencer-marketing,76,4776,Referral Programmes Benchmarks: How to Tell Good From Average,Benchmarks,referral programmes
48,"Affiliate, Influencer and Partnership Marketing",affiliate-influencer-marketing,77,4777,Setting Realistic Tracking Links Targets Your Team Can Hit,Benchmarks,tracking links
48,"Affiliate, Influencer and Partnership Marketing",affiliate-influencer-marketing,78,4778,Attribution Disputes for Hospitality Companies: What Is Different,Industry-specific,attribution disputes
48,"Affiliate, Influencer and Partnership Marketing",affiliate-influencer-marketing,79,4779,Applying Payout Management in Financial Services: Constraints and Opportunities,Industry-specific,payout management
48,"Affiliate, Influencer and Partnership Marketing",affiliate-influencer-marketing,80,4780,Travel Programme Benchmarks: A Sector-Specific Playbook,Industry-specific,programme benchmarks
48,"Affiliate, Influencer and Partnership Marketing",affiliate-influencer-marketing,81,4781,Why Standard Affiliate Programme Setup Advice Fails in Fitness,Industry-specific,affiliate programme setup
48,"Affiliate, Influencer and Partnership Marketing",affiliate-influencer-marketing,82,4782,Commission Structures for Startups on a Tight Budget,Small business,commission structures
48,"Affiliate, Influencer and Partnership Marketing",affiliate-influencer-marketing,83,4783,Practical Last-Click vs Multi-Touch Payouts When You Are the Entire Marketing Team,Small business,last-click vs multi-touch payouts
48,"Affiliate, Influencer and Partnership Marketing",affiliate-influencer-marketing,84,4784,"Affiliate Recruitment for Family Businesses: Start Here, Skip the Rest",Small business,affiliate recruitment
48,"Affiliate, Influencer and Partnership Marketing",affiliate-influencer-marketing,85,4785,"Publisher Vetting for Multi-Brand Groups: Governance, Scale and Sign-Off",Enterprise,publisher vetting
48,"Affiliate, Influencer and Partnership Marketing",affiliate-influencer-marketing,86,4786,Rolling Out Coupon and Deal Sites Across Global Teams Without Chaos,Enterprise,coupon and deal sites
48,"Affiliate, Influencer and Partnership Marketing",affiliate-influencer-marketing,87,4787,Enterprise Influencer Selection: Coordination Costs and How to Contain Them,Enterprise,influencer selection
48,"Affiliate, Influencer and Partnership Marketing",affiliate-influencer-marketing,88,4788,Micro vs Macro Influencers for Local Businesses in Nepal,Local business,micro vs macro influencers
48,"Affiliate, Influencer and Partnership Marketing",affiliate-influencer-marketing,89,4789,"Adapting Creator Briefs for Kathmandu: Language, Payments and Behaviour",Local business,creator briefs
48,"Affiliate, Influencer and Partnership Marketing",affiliate-influencer-marketing,90,4790,Local-First Usage Rights: Winning Customers Within Ten Kilometres,Local business,usage rights
48,"Affiliate, Influencer and Partnership Marketing",affiliate-influencer-marketing,91,4791,FTC Disclosure Rules for B2B Teams With Long Sales Cycles,B2B,FTC disclosure rules
48,"Affiliate, Influencer and Partnership Marketing",affiliate-influencer-marketing,92,4792,How B2B Buying Committees Change Your Affiliate Fraud Prevention Approach,B2B,affiliate fraud prevention
48,"Affiliate, Influencer and Partnership Marketing",affiliate-influencer-marketing,93,4793,"Cookie Windows That Generates Pipeline, Not Just Traffic",B2B,cookie windows
48,"Affiliate, Influencer and Partnership Marketing",affiliate-influencer-marketing,94,4794,Partner Enablement for B2C Brands Competing on Attention,B2C,partner enablement
48,"Affiliate, Influencer and Partnership Marketing",affiliate-influencer-marketing,95,4795,High-Volume Co-Marketing Partnerships for Consumer Brands,B2C,co-marketing partnerships
48,"Affiliate, Influencer and Partnership Marketing",affiliate-influencer-marketing,96,4796,"Referral Programmes That Drives Repeat Purchases, Not One-Off Sales",B2C,referral programmes
48,"Affiliate, Influencer and Partnership Marketing",affiliate-influencer-marketing,97,4797,Using AI to Improve Tracking Links Without Losing Quality Control,AI-powered,tracking links
48,"Affiliate, Influencer and Partnership Marketing",affiliate-influencer-marketing,98,4798,AI-Assisted Attribution Disputes: Where It Helps and Where It Hurts,AI-powered,attribution disputes
48,"Affiliate, Influencer and Partnership Marketing",affiliate-influencer-marketing,99,4799,Can AI Agents Handle Payout Management End to End?,AI-powered,payout management
48,"Affiliate, Influencer and Partnership Marketing",affiliate-influencer-marketing,100,4800,How AI Search Is Changing Programme Benchmarks,AI-powered,programme benchmarks
49,"Brand, Reputation and Review Management",brand-reputation-management,1,4801,What Is Review Generation Campaigns? A Beginner's Guide for Online Reputation Management,Beginner guide,review generation campaigns
49,"Brand, Reputation and Review Management",brand-reputation-management,2,4802,Review Response Templates Explained: A Plain-English Introduction,Beginner guide,review response templates
49,"Brand, Reputation and Review Management",brand-reputation-management,3,4803,Getting Started With Negative Review Handling: What Beginners Need to Know First,Beginner guide,negative review handling
49,"Brand, Reputation and Review Management",brand-reputation-management,4,4804,Branded SERP Control for Complete Beginners: Core Concepts and First Steps,Beginner guide,branded SERP control
49,"Brand, Reputation and Review Management",brand-reputation-management,5,4805,Advanced Knowledge Panel Claiming: Techniques Experienced Teams Actually Use,Advanced guide,knowledge panel claiming
49,"Brand, Reputation and Review Management",brand-reputation-management,6,4806,Entity Consistency at Scale: What Changes Once You Outgrow the Basics,Advanced guide,entity consistency
49,"Brand, Reputation and Review Management",brand-reputation-management,7,4807,Beyond the Basics: Sophisticated Wikipedia and Wikidata Tactics That Still Work,Advanced guide,Wikipedia and Wikidata
49,"Brand, Reputation and Review Management",brand-reputation-management,8,4808,How to Improve Crisis Communication Without Increasing Your Budget,How-to,crisis communication
49,"Brand, Reputation and Review Management",brand-reputation-management,9,4809,How to Set Up Sentiment Monitoring Correctly the First Time,How-to,sentiment monitoring
49,"Brand, Reputation and Review Management",brand-reputation-management,10,4810,How to Fix Brand Mention Tracking When It Stops Delivering Results,How-to,brand mention tracking
49,"Brand, Reputation and Review Management",brand-reputation-management,11,4811,How to Audit Your Employer Brand and Glassdoor in Under an Hour,How-to,employer brand and Glassdoor
49,"Brand, Reputation and Review Management",brand-reputation-management,12,4812,Step-by-Step: Building Your First Trust Signals Workflow,Step-by-step tutorial,trust signals
49,"Brand, Reputation and Review Management",brand-reputation-management,13,4813,"A Practical Walkthrough of Customer Testimonials, From Setup to First Result",Step-by-step tutorial,customer testimonials
49,"Brand, Reputation and Review Management",brand-reputation-management,14,4814,Configuring Case Study Proof in Mention: A Step-by-Step Tutorial,Step-by-step tutorial,case study proof
49,"Brand, Reputation and Review Management",brand-reputation-management,15,4815,The Complete Guide to Brand Search Volume in 2026,Ultimate guide,brand search volume
49,"Brand, Reputation and Review Management",brand-reputation-management,16,4816,The Definitive Share of Search Handbook for Modern Marketing Teams,Ultimate guide,share of search
49,"Brand, Reputation and Review Management",brand-reputation-management,17,4817,Everything You Need to Know About Reputation in AI Answers,Ultimate guide,reputation in AI answers
49,"Brand, Reputation and Review Management",brand-reputation-management,18,4818,The Review Platform Selection Checklist Every Team Should Run Before Launch,Checklist,review platform selection
49,"Brand, Reputation and Review Management",brand-reputation-management,19,4819,A Pre-Launch Fake Review Detection Checklist You Can Finish in One Sitting,Checklist,fake review detection
49,"Brand, Reputation and Review Management",brand-reputation-management,20,4820,Monthly Escalation Playbooks Maintenance Checklist for Busy Marketers,Checklist,escalation playbooks
49,"Brand, Reputation and Review Management",brand-reputation-management,21,4821,A Reusable Review Generation Campaigns Template You Can Adapt Today,Template,review generation campaigns
49,"Brand, Reputation and Review Management",brand-reputation-management,22,4822,"Free Review Response Templates Framework: Structure, Fields and Worked Example",Template,review response templates
49,"Brand, Reputation and Review Management",brand-reputation-management,23,4823,The Negative Review Handling Brief Template That Cuts Revision Cycles,Template,negative review handling
49,"Brand, Reputation and Review Management",brand-reputation-management,24,4824,12 Real Branded SERP Control Examples Worth Studying,Examples,branded SERP control
49,"Brand, Reputation and Review Management",brand-reputation-management,25,4825,Knowledge Panel Claiming Examples That Show What Good Actually Looks Like,Examples,knowledge panel claiming
49,"Brand, Reputation and Review Management",brand-reputation-management,26,4826,Annotated Entity Consistency Examples: Why Each One Works,Examples,entity consistency
49,"Brand, Reputation and Review Management",brand-reputation-management,27,4827,Case Study: How One Education Brand Rebuilt Its Wikipedia and Wikidata,Case study,Wikipedia and Wikidata
49,"Brand, Reputation and Review Management",brand-reputation-management,28,4828,Inside a Crisis Communication Turnaround: What Changed and What It Cost,Case study,crisis communication
49,"Brand, Reputation and Review Management",brand-reputation-management,29,4829,"A 90-Day Sentiment Monitoring Experiment: Method, Results and Lessons",Case study,sentiment monitoring
49,"Brand, Reputation and Review Management",brand-reputation-management,30,4830,Building a Brand Mention Tracking Strategy That Survives Algorithm Changes,Strategy,brand mention tracking
49,"Brand, Reputation and Review Management",brand-reputation-management,31,4831,A Sustainable Employer Brand and Glassdoor Strategy for Teams With Limited Resources,Strategy,employer brand and Glassdoor
49,"Brand, Reputation and Review Management",brand-reputation-management,32,4832,How to Prioritise Trust Signals When Everything Feels Urgent,Strategy,trust signals
49,"Brand, Reputation and Review Management",brand-reputation-management,33,4833,The Strategic Case for Investing in Customer Testimonials This Year,Strategy,customer testimonials
49,"Brand, Reputation and Review Management",brand-reputation-management,34,4834,Case Study Proof Best Practices That Hold Up Under Scrutiny,Best practices,case study proof
49,"Brand, Reputation and Review Management",brand-reputation-management,35,4835,Proven Brand Search Volume Principles for Consistent Results,Best practices,brand search volume
49,"Brand, Reputation and Review Management",brand-reputation-management,36,4836,What Disciplined Share of Search Looks Like in Practice,Best practices,share of search
49,"Brand, Reputation and Review Management",brand-reputation-management,37,4837,The Reputation in AI Answers Standards High-Performing Teams Enforce,Best practices,reputation in AI answers
49,"Brand, Reputation and Review Management",brand-reputation-management,38,4838,Common Review Platform Selection Mistakes That Quietly Cost You Revenue,Mistakes to avoid,review platform selection
49,"Brand, Reputation and Review Management",brand-reputation-management,39,4839,Seven Fake Review Detection Errors Almost Every Team Makes Early On,Mistakes to avoid,fake review detection
49,"Brand, Reputation and Review Management",brand-reputation-management,40,4840,"Why Most Escalation Playbooks Efforts Stall, and How to Avoid It",Mistakes to avoid,escalation playbooks
49,"Brand, Reputation and Review Management",brand-reputation-management,41,4841,Review Generation Campaigns Anti-Patterns Worth Unlearning,Mistakes to avoid,review generation campaigns
49,"Brand, Reputation and Review Management",brand-reputation-management,42,4842,Review Response Templates Not Working? A Diagnostic Guide,Problem/solution,review response templates
49,"Brand, Reputation and Review Management",brand-reputation-management,43,4843,"Troubleshooting Negative Review Handling: Symptoms, Causes and Fixes",Problem/solution,negative review handling
49,"Brand, Reputation and Review Management",brand-reputation-management,44,4844,What to Do When Branded SERP Control Suddenly Drops,Problem/solution,branded SERP control
49,"Brand, Reputation and Review Management",brand-reputation-management,45,4845,Fixing Broken Knowledge Panel Claiming: A Systematic Approach,Problem/solution,knowledge panel claiming
49,"Brand, Reputation and Review Management",brand-reputation-management,46,4846,"Entity Consistency: Frequently Asked Questions, Answered Directly",FAQ,entity consistency
49,"Brand, Reputation and Review Management",brand-reputation-management,47,4847,Is Wikipedia and Wikidata Worth the Investment? An Honest Assessment,FAQ,Wikipedia and Wikidata
49,"Brand, Reputation and Review Management",brand-reputation-management,48,4848,How Long Does Crisis Communication Take to Show Results?,FAQ,crisis communication
49,"Brand, Reputation and Review Management",brand-reputation-management,49,4849,Do You Actually Need Sentiment Monitoring? A Decision Guide,FAQ,sentiment monitoring
49,"Brand, Reputation and Review Management",brand-reputation-management,50,4850,Brand Mention Tracking vs Escalation Playbooks: Which Deserves Your Budget?,Comparison,brand mention tracking
49,"Brand, Reputation and Review Management",brand-reputation-management,51,4851,"Comparing Employer Brand and Glassdoor and Review Response Templates: Strengths, Limits and Overlap",Comparison,employer brand and Glassdoor
49,"Brand, Reputation and Review Management",brand-reputation-management,52,4852,Trust Signals or Branded SERP Control? A Decision Framework for Marketing Teams,Comparison,trust signals
49,"Brand, Reputation and Review Management",brand-reputation-management,53,4853,When to Choose Customer Testimonials Over Entity Consistency,Comparison,customer testimonials
49,"Brand, Reputation and Review Management",brand-reputation-management,54,4854,Alternatives to Case Study Proof: When It Is the Wrong Tool for the Job,Alternatives,case study proof
49,"Brand, Reputation and Review Management",brand-reputation-management,55,4855,What to Use Instead of Brand Search Volume for Constrained Teams,Alternatives,brand search volume
49,"Brand, Reputation and Review Management",brand-reputation-management,56,4856,Rethinking Share of Search: Three Credible Alternatives,Alternatives,share of search
49,"Brand, Reputation and Review Management",brand-reputation-management,57,4857,"The Best Tools for Reputation in AI Answers, Compared Honestly",Tools comparison,reputation in AI answers
49,"Brand, Reputation and Review Management",brand-reputation-management,58,4858,"Brandwatch for Review Platform Selection: Capabilities, Gaps and Fit",Tools comparison,review platform selection
49,"Brand, Reputation and Review Management",brand-reputation-management,59,4859,Choosing Fake Review Detection Software: Evaluation Criteria That Matter,Tools comparison,fake review detection
49,"Brand, Reputation and Review Management",brand-reputation-management,60,4860,How Much Does Escalation Playbooks Really Cost in 2026?,Pricing,escalation playbooks
49,"Brand, Reputation and Review Management",brand-reputation-management,61,4861,Review Generation Campaigns Pricing Explained: What Drives the Bill,Pricing,review generation campaigns
49,"Brand, Reputation and Review Management",brand-reputation-management,62,4862,Budgeting for Review Response Templates: Realistic Numbers by Company Size,Pricing,review response templates
49,"Brand, Reputation and Review Management",brand-reputation-management,63,4863,Measuring the ROI of Negative Review Handling Without Guesswork,ROI,negative review handling
49,"Brand, Reputation and Review Management",brand-reputation-management,64,4864,Does Branded SERP Control Pay for Itself? A Calculation Method,ROI,branded SERP control
49,"Brand, Reputation and Review Management",brand-reputation-management,65,4865,Proving the Business Value of Knowledge Panel Claiming to Finance,ROI,knowledge panel claiming
49,"Brand, Reputation and Review Management",brand-reputation-management,66,4866,Entity Consistency Statistics That Should Shape Your 2026 Plan,Statistics,entity consistency
49,"Brand, Reputation and Review Management",brand-reputation-management,67,4867,What the Data Says About Wikipedia and Wikidata Performance,Statistics,Wikipedia and Wikidata
49,"Brand, Reputation and Review Management",brand-reputation-management,68,4868,"Crisis Communication by the Numbers: Adoption, Cost and Outcomes",Statistics,crisis communication
49,"Brand, Reputation and Review Management",brand-reputation-management,69,4869,Sentiment Monitoring Trends Reshaping Marketing in 2026,Trends,sentiment monitoring
49,"Brand, Reputation and Review Management",brand-reputation-management,70,4870,"What Changed in Brand Mention Tracking This Year, and Why It Matters",Trends,brand mention tracking
49,"Brand, Reputation and Review Management",brand-reputation-management,71,4871,Emerging Shifts in Employer Brand and Glassdoor Worth Watching,Trends,employer brand and Glassdoor
49,"Brand, Reputation and Review Management",brand-reputation-management,72,4872,Where Trust Signals Is Heading Next: A Considered Forecast,Predictions,trust signals
49,"Brand, Reputation and Review Management",brand-reputation-management,73,4873,"Customer Testimonials in Three Years: Reasonable Predictions, Not Hype",Predictions,customer testimonials
49,"Brand, Reputation and Review Management",brand-reputation-management,74,4874,Preparing Case Study Proof for the Post-Search Era,Predictions,case study proof
49,"Brand, Reputation and Review Management",brand-reputation-management,75,4875,What Is a Good Brand Search Volume Benchmark? Numbers by Industry,Benchmarks,brand search volume
49,"Brand, Reputation and Review Management",brand-reputation-management,76,4876,Share of Search Benchmarks: How to Tell Good From Average,Benchmarks,share of search
49,"Brand, Reputation and Review Management",brand-reputation-management,77,4877,Setting Realistic Reputation in AI Answers Targets Your Team Can Hit,Benchmarks,reputation in AI answers
49,"Brand, Reputation and Review Management",brand-reputation-management,78,4878,Review Platform Selection for Financial Services Companies: What Is Different,Industry-specific,review platform selection
49,"Brand, Reputation and Review Management",brand-reputation-management,79,4879,Applying Fake Review Detection in Travel: Constraints and Opportunities,Industry-specific,fake review detection
49,"Brand, Reputation and Review Management",brand-reputation-management,80,4880,Fitness Escalation Playbooks: A Sector-Specific Playbook,Industry-specific,escalation playbooks
49,"Brand, Reputation and Review Management",brand-reputation-management,81,4881,Why Standard Review Generation Campaigns Advice Fails in Professional Services,Industry-specific,review generation campaigns
49,"Brand, Reputation and Review Management",brand-reputation-management,82,4882,Review Response Templates for Freelancers on a Tight Budget,Small business,review response templates
49,"Brand, Reputation and Review Management",brand-reputation-management,83,4883,Practical Negative Review Handling When You Are the Entire Marketing Team,Small business,negative review handling
49,"Brand, Reputation and Review Management",brand-reputation-management,84,4884,"Branded SERP Control for Small Businesses: Start Here, Skip the Rest",Small business,branded SERP control
49,"Brand, Reputation and Review Management",brand-reputation-management,85,4885,"Knowledge Panel Claiming for Global Teams: Governance, Scale and Sign-Off",Enterprise,knowledge panel claiming
49,"Brand, Reputation and Review Management",brand-reputation-management,86,4886,Rolling Out Entity Consistency Across Regulated Industries Without Chaos,Enterprise,entity consistency
49,"Brand, Reputation and Review Management",brand-reputation-management,87,4887,Enterprise Wikipedia and Wikidata: Coordination Costs and How to Contain Them,Enterprise,Wikipedia and Wikidata
49,"Brand, Reputation and Review Management",brand-reputation-management,88,4888,Crisis Communication for Local Businesses in Kathmandu,Local business,crisis communication
49,"Brand, Reputation and Review Management",brand-reputation-management,89,4889,"Adapting Sentiment Monitoring for South Asia: Language, Payments and Behaviour",Local business,sentiment monitoring
49,"Brand, Reputation and Review Management",brand-reputation-management,90,4890,Local-First Brand Mention Tracking: Winning Customers Within Ten Kilometres,Local business,brand mention tracking
49,"Brand, Reputation and Review Management",brand-reputation-management,91,4891,Employer Brand and Glassdoor for B2B Teams With Long Sales Cycles,B2B,employer brand and Glassdoor
49,"Brand, Reputation and Review Management",brand-reputation-management,92,4892,How B2B Buying Committees Change Your Trust Signals Approach,B2B,trust signals
49,"Brand, Reputation and Review Management",brand-reputation-management,93,4893,"Customer Testimonials That Generates Pipeline, Not Just Traffic",B2B,customer testimonials
49,"Brand, Reputation and Review Management",brand-reputation-management,94,4894,Case Study Proof for B2C Brands Competing on Attention,B2C,case study proof
49,"Brand, Reputation and Review Management",brand-reputation-management,95,4895,High-Volume Brand Search Volume for Consumer Brands,B2C,brand search volume
49,"Brand, Reputation and Review Management",brand-reputation-management,96,4896,"Share of Search That Drives Repeat Purchases, Not One-Off Sales",B2C,share of search
49,"Brand, Reputation and Review Management",brand-reputation-management,97,4897,Using AI to Improve Reputation in AI Answers Without Losing Quality Control,AI-powered,reputation in AI answers
49,"Brand, Reputation and Review Management",brand-reputation-management,98,4898,AI-Assisted Review Platform Selection: Where It Helps and Where It Hurts,AI-powered,review platform selection
49,"Brand, Reputation and Review Management",brand-reputation-management,99,4899,Can AI Agents Handle Fake Review Detection End to End?,AI-powered,fake review detection
49,"Brand, Reputation and Review Management",brand-reputation-management,100,4900,How AI Search Is Changing Escalation Playbooks,AI-powered,escalation playbooks
50,Small Business and Local Digital Marketing,small-business-marketing,1,4901,What Is First 90 Days of Marketing? A Beginner's Guide for Small Business Marketing,Beginner guide,first 90 days of marketing
50,Small Business and Local Digital Marketing,small-business-marketing,2,4902,Low Budget Tactics Explained: A Plain-English Introduction,Beginner guide,low budget tactics
50,Small Business and Local Digital Marketing,small-business-marketing,3,4903,Getting Started With Free Marketing Tools: What Beginners Need to Know First,Beginner guide,free marketing tools
50,Small Business and Local Digital Marketing,small-business-marketing,4,4904,DIY Versus Hiring for Complete Beginners: Core Concepts and First Steps,Beginner guide,DIY versus hiring
50,Small Business and Local Digital Marketing,small-business-marketing,5,4905,Advanced Local Advertising: Techniques Experienced Teams Actually Use,Advanced guide,local advertising
50,Small Business and Local Digital Marketing,small-business-marketing,6,4906,Word of Mouth at Scale: What Changes Once You Outgrow the Basics,Advanced guide,word of mouth
50,Small Business and Local Digital Marketing,small-business-marketing,7,4907,Beyond the Basics: Sophisticated Community Partnerships Tactics That Still Work,Advanced guide,community partnerships
50,Small Business and Local Digital Marketing,small-business-marketing,8,4908,How to Improve Google Business Profile for Small Firms Without Increasing Your Budget,How-to,Google Business Profile for small firms
50,Small Business and Local Digital Marketing,small-business-marketing,9,4909,How to Set Up One-Person Marketing Teams Correctly the First Time,How-to,one-person marketing teams
50,Small Business and Local Digital Marketing,small-business-marketing,10,4910,How to Fix Time-Boxed Marketing When It Stops Delivering Results,How-to,time-boxed marketing
50,Small Business and Local Digital Marketing,small-business-marketing,11,4911,How to Audit Your Seasonal Promotions for Local Shops in Under an Hour,How-to,seasonal promotions for local shops
50,Small Business and Local Digital Marketing,small-business-marketing,12,4912,Step-by-Step: Building Your First Service Business Marketing Workflow,Step-by-step tutorial,service business marketing
50,Small Business and Local Digital Marketing,small-business-marketing,13,4913,"A Practical Walkthrough of Restaurant Marketing, From Setup to First Result",Step-by-step tutorial,restaurant marketing
50,Small Business and Local Digital Marketing,small-business-marketing,14,4914,Configuring Clinic and Salon Marketing in Nepal Fillings: A Step-by-Step Tutorial,Step-by-step tutorial,clinic and salon marketing
50,Small Business and Local Digital Marketing,small-business-marketing,15,4915,The Complete Guide to Tradesperson Marketing in 2026,Ultimate guide,tradesperson marketing
50,Small Business and Local Digital Marketing,small-business-marketing,16,4916,The Definitive Marketing Budget for Small Business Handbook for Modern Marketing Teams,Ultimate guide,marketing budget for small business
50,Small Business and Local Digital Marketing,small-business-marketing,17,4917,Everything You Need to Know About Simple Measurement,Ultimate guide,simple measurement
50,Small Business and Local Digital Marketing,small-business-marketing,18,4918,The Customer Referrals Checklist Every Team Should Run Before Launch,Checklist,customer referrals
50,Small Business and Local Digital Marketing,small-business-marketing,19,4919,A Pre-Launch Neighbourhood Targeting Checklist You Can Finish in One Sitting,Checklist,neighbourhood targeting
50,Small Business and Local Digital Marketing,small-business-marketing,20,4920,Monthly Starter Tech Stack Maintenance Checklist for Busy Marketers,Checklist,starter tech stack
50,Small Business and Local Digital Marketing,small-business-marketing,21,4921,A Reusable First 90 Days of Marketing Template You Can Adapt Today,Template,first 90 days of marketing
50,Small Business and Local Digital Marketing,small-business-marketing,22,4922,"Free Low Budget Tactics Framework: Structure, Fields and Worked Example",Template,low budget tactics
50,Small Business and Local Digital Marketing,small-business-marketing,23,4923,The Free Marketing Tools Brief Template That Cuts Revision Cycles,Template,free marketing tools
50,Small Business and Local Digital Marketing,small-business-marketing,24,4924,12 Real DIY Versus Hiring Examples Worth Studying,Examples,DIY versus hiring
50,Small Business and Local Digital Marketing,small-business-marketing,25,4925,Local Advertising Examples That Show What Good Actually Looks Like,Examples,local advertising
50,Small Business and Local Digital Marketing,small-business-marketing,26,4926,Annotated Word of Mouth Examples: Why Each One Works,Examples,word of mouth
50,Small Business and Local Digital Marketing,small-business-marketing,27,4927,Case Study: How One Real Estate Brand Rebuilt Its Community Partnerships,Case study,community partnerships
50,Small Business and Local Digital Marketing,small-business-marketing,28,4928,Inside a Google Business Profile for Small Firms Turnaround: What Changed and What It Cost,Case study,Google Business Profile for small firms
50,Small Business and Local Digital Marketing,small-business-marketing,29,4929,"A 90-Day One-Person Marketing Teams Experiment: Method, Results and Lessons",Case study,one-person marketing teams
50,Small Business and Local Digital Marketing,small-business-marketing,30,4930,Building a Time-Boxed Marketing Strategy That Survives Algorithm Changes,Strategy,time-boxed marketing
50,Small Business and Local Digital Marketing,small-business-marketing,31,4931,A Sustainable Seasonal Promotions for Local Shops Strategy for Teams With Limited Resources,Strategy,seasonal promotions for local shops
50,Small Business and Local Digital Marketing,small-business-marketing,32,4932,How to Prioritise Service Business Marketing When Everything Feels Urgent,Strategy,service business marketing
50,Small Business and Local Digital Marketing,small-business-marketing,33,4933,The Strategic Case for Investing in Restaurant Marketing This Year,Strategy,restaurant marketing
50,Small Business and Local Digital Marketing,small-business-marketing,34,4934,Clinic and Salon Marketing Best Practices That Hold Up Under Scrutiny,Best practices,clinic and salon marketing
50,Small Business and Local Digital Marketing,small-business-marketing,35,4935,Proven Tradesperson Marketing Principles for Consistent Results,Best practices,tradesperson marketing
50,Small Business and Local Digital Marketing,small-business-marketing,36,4936,What Disciplined Marketing Budget for Small Business Looks Like in Practice,Best practices,marketing budget for small business
50,Small Business and Local Digital Marketing,small-business-marketing,37,4937,The Simple Measurement Standards High-Performing Teams Enforce,Best practices,simple measurement
50,Small Business and Local Digital Marketing,small-business-marketing,38,4938,Common Customer Referrals Mistakes That Quietly Cost You Revenue,Mistakes to avoid,customer referrals
50,Small Business and Local Digital Marketing,small-business-marketing,39,4939,Seven Neighbourhood Targeting Errors Almost Every Team Makes Early On,Mistakes to avoid,neighbourhood targeting
50,Small Business and Local Digital Marketing,small-business-marketing,40,4940,"Why Most Starter Tech Stack Efforts Stall, and How to Avoid It",Mistakes to avoid,starter tech stack
50,Small Business and Local Digital Marketing,small-business-marketing,41,4941,First 90 Days of Marketing Anti-Patterns Worth Unlearning,Mistakes to avoid,first 90 days of marketing
50,Small Business and Local Digital Marketing,small-business-marketing,42,4942,Low Budget Tactics Not Working? A Diagnostic Guide,Problem/solution,low budget tactics
50,Small Business and Local Digital Marketing,small-business-marketing,43,4943,"Troubleshooting Free Marketing Tools: Symptoms, Causes and Fixes",Problem/solution,free marketing tools
50,Small Business and Local Digital Marketing,small-business-marketing,44,4944,What to Do When DIY Versus Hiring Suddenly Drops,Problem/solution,DIY versus hiring
50,Small Business and Local Digital Marketing,small-business-marketing,45,4945,Fixing Broken Local Advertising: A Systematic Approach,Problem/solution,local advertising
50,Small Business and Local Digital Marketing,small-business-marketing,46,4946,"Word of Mouth: Frequently Asked Questions, Answered Directly",FAQ,word of mouth
50,Small Business and Local Digital Marketing,small-business-marketing,47,4947,Is Community Partnerships Worth the Investment? An Honest Assessment,FAQ,community partnerships
50,Small Business and Local Digital Marketing,small-business-marketing,48,4948,How Long Does Google Business Profile for Small Firms Take to Show Results?,FAQ,Google Business Profile for small firms
50,Small Business and Local Digital Marketing,small-business-marketing,49,4949,Do You Actually Need One-Person Marketing Teams? A Decision Guide,FAQ,one-person marketing teams
50,Small Business and Local Digital Marketing,small-business-marketing,50,4950,Time-Boxed Marketing vs Starter Tech Stack: Which Deserves Your Budget?,Comparison,time-boxed marketing
50,Small Business and Local Digital Marketing,small-business-marketing,51,4951,"Comparing Seasonal Promotions for Local Shops and Low Budget Tactics: Strengths, Limits and Overlap",Comparison,seasonal promotions for local shops
50,Small Business and Local Digital Marketing,small-business-marketing,52,4952,Service Business Marketing or DIY Versus Hiring? A Decision Framework for Marketing Teams,Comparison,service business marketing
50,Small Business and Local Digital Marketing,small-business-marketing,53,4953,When to Choose Restaurant Marketing Over Word of Mouth,Comparison,restaurant marketing
50,Small Business and Local Digital Marketing,small-business-marketing,54,4954,Alternatives to Clinic and Salon Marketing: When It Is the Wrong Tool for the Job,Alternatives,clinic and salon marketing
50,Small Business and Local Digital Marketing,small-business-marketing,55,4955,What to Use Instead of Tradesperson Marketing for Constrained Teams,Alternatives,tradesperson marketing
50,Small Business and Local Digital Marketing,small-business-marketing,56,4956,Rethinking Marketing Budget for Small Business: Three Credible Alternatives,Alternatives,marketing budget for small business
50,Small Business and Local Digital Marketing,small-business-marketing,57,4957,"The Best Tools for Simple Measurement, Compared Honestly",Tools comparison,simple measurement
50,Small Business and Local Digital Marketing,small-business-marketing,58,4958,"Mailchimp for Customer Referrals: Capabilities, Gaps and Fit",Tools comparison,customer referrals
50,Small Business and Local Digital Marketing,small-business-marketing,59,4959,Choosing Neighbourhood Targeting Software: Evaluation Criteria That Matter,Tools comparison,neighbourhood targeting
50,Small Business and Local Digital Marketing,small-business-marketing,60,4960,How Much Does Starter Tech Stack Really Cost in 2026?,Pricing,starter tech stack
50,Small Business and Local Digital Marketing,small-business-marketing,61,4961,First 90 Days of Marketing Pricing Explained: What Drives the Bill,Pricing,first 90 days of marketing
50,Small Business and Local Digital Marketing,small-business-marketing,62,4962,Budgeting for Low Budget Tactics: Realistic Numbers by Company Size,Pricing,low budget tactics
50,Small Business and Local Digital Marketing,small-business-marketing,63,4963,Measuring the ROI of Free Marketing Tools Without Guesswork,ROI,free marketing tools
50,Small Business and Local Digital Marketing,small-business-marketing,64,4964,Does DIY Versus Hiring Pay for Itself? A Calculation Method,ROI,DIY versus hiring
50,Small Business and Local Digital Marketing,small-business-marketing,65,4965,Proving the Business Value of Local Advertising to Finance,ROI,local advertising
50,Small Business and Local Digital Marketing,small-business-marketing,66,4966,Word of Mouth Statistics That Should Shape Your 2026 Plan,Statistics,word of mouth
50,Small Business and Local Digital Marketing,small-business-marketing,67,4967,What the Data Says About Community Partnerships Performance,Statistics,community partnerships
50,Small Business and Local Digital Marketing,small-business-marketing,68,4968,"Google Business Profile for Small Firms by the Numbers: Adoption, Cost and Outcomes",Statistics,Google Business Profile for small firms
50,Small Business and Local Digital Marketing,small-business-marketing,69,4969,One-Person Marketing Teams Trends Reshaping Marketing in 2026,Trends,one-person marketing teams
50,Small Business and Local Digital Marketing,small-business-marketing,70,4970,"What Changed in Time-Boxed Marketing This Year, and Why It Matters",Trends,time-boxed marketing
50,Small Business and Local Digital Marketing,small-business-marketing,71,4971,Emerging Shifts in Seasonal Promotions for Local Shops Worth Watching,Trends,seasonal promotions for local shops
50,Small Business and Local Digital Marketing,small-business-marketing,72,4972,Where Service Business Marketing Is Heading Next: A Considered Forecast,Predictions,service business marketing
50,Small Business and Local Digital Marketing,small-business-marketing,73,4973,"Restaurant Marketing in Three Years: Reasonable Predictions, Not Hype",Predictions,restaurant marketing
50,Small Business and Local Digital Marketing,small-business-marketing,74,4974,Preparing Clinic and Salon Marketing for the Post-Search Era,Predictions,clinic and salon marketing
50,Small Business and Local Digital Marketing,small-business-marketing,75,4975,What Is a Good Tradesperson Marketing Benchmark? Numbers by Industry,Benchmarks,tradesperson marketing
50,Small Business and Local Digital Marketing,small-business-marketing,76,4976,Marketing Budget for Small Business Benchmarks: How to Tell Good From Average,Benchmarks,marketing budget for small business
50,Small Business and Local Digital Marketing,small-business-marketing,77,4977,Setting Realistic Simple Measurement Targets Your Team Can Hit,Benchmarks,simple measurement
50,Small Business and Local Digital Marketing,small-business-marketing,78,4978,Customer Referrals for Travel Companies: What Is Different,Industry-specific,customer referrals
50,Small Business and Local Digital Marketing,small-business-marketing,79,4979,Applying Neighbourhood Targeting in Fitness: Constraints and Opportunities,Industry-specific,neighbourhood targeting
50,Small Business and Local Digital Marketing,small-business-marketing,80,4980,Professional Services Starter Tech Stack: A Sector-Specific Playbook,Industry-specific,starter tech stack
50,Small Business and Local Digital Marketing,small-business-marketing,81,4981,Why Standard First 90 Days of Marketing Advice Fails in Logistics,Industry-specific,first 90 days of marketing
50,Small Business and Local Digital Marketing,small-business-marketing,82,4982,Low Budget Tactics for Family Businesses on a Tight Budget,Small business,low budget tactics
50,Small Business and Local Digital Marketing,small-business-marketing,83,4983,Practical Free Marketing Tools When You Are the Entire Marketing Team,Small business,free marketing tools
50,Small Business and Local Digital Marketing,small-business-marketing,84,4984,"DIY Versus Hiring for Solo Founders: Start Here, Skip the Rest",Small business,DIY versus hiring
50,Small Business and Local Digital Marketing,small-business-marketing,85,4985,"Local Advertising for Regulated Industries: Governance, Scale and Sign-Off",Enterprise,local advertising
50,Small Business and Local Digital Marketing,small-business-marketing,86,4986,Rolling Out Word of Mouth Across Enterprise Teams Without Chaos,Enterprise,word of mouth
50,Small Business and Local Digital Marketing,small-business-marketing,87,4987,Enterprise Community Partnerships: Coordination Costs and How to Contain Them,Enterprise,community partnerships
50,Small Business and Local Digital Marketing,small-business-marketing,88,4988,Google Business Profile for Small Firms for Local Businesses in South Asia,Local business,Google Business Profile for small firms
50,Small Business and Local Digital Marketing,small-business-marketing,89,4989,"Adapting One-Person Marketing Teams for Emerging Markets: Language, Payments and Behaviour",Local business,one-person marketing teams
50,Small Business and Local Digital Marketing,small-business-marketing,90,4990,Local-First Time-Boxed Marketing: Winning Customers Within Ten Kilometres,Local business,time-boxed marketing
50,Small Business and Local Digital Marketing,small-business-marketing,91,4991,Seasonal Promotions for Local Shops for B2B Teams With Long Sales Cycles,B2B,seasonal promotions for local shops
50,Small Business and Local Digital Marketing,small-business-marketing,92,4992,How B2B Buying Committees Change Your Service Business Marketing Approach,B2B,service business marketing
50,Small Business and Local Digital Marketing,small-business-marketing,93,4993,"Restaurant Marketing That Generates Pipeline, Not Just Traffic",B2B,restaurant marketing
50,Small Business and Local Digital Marketing,small-business-marketing,94,4994,Clinic and Salon Marketing for B2C Brands Competing on Attention,B2C,clinic and salon marketing
50,Small Business and Local Digital Marketing,small-business-marketing,95,4995,High-Volume Tradesperson Marketing for Consumer Brands,B2C,tradesperson marketing
50,Small Business and Local Digital Marketing,small-business-marketing,96,4996,"Marketing Budget for Small Business That Drives Repeat Purchases, Not One-Off Sales",B2C,marketing budget for small business
50,Small Business and Local Digital Marketing,small-business-marketing,97,4997,Using AI to Improve Simple Measurement Without Losing Quality Control,AI-powered,simple measurement
50,Small Business and Local Digital Marketing,small-business-marketing,98,4998,AI-Assisted Customer Referrals: Where It Helps and Where It Hurts,AI-powered,customer referrals
50,Small Business and Local Digital Marketing,small-business-marketing,99,4999,Can AI Agents Handle Neighbourhood Targeting End to End?,AI-powered,neighbourhood targeting
50,Small Business and Local Digital Marketing,small-business-marketing,100,5000,How AI Search Is Changing Starter Tech Stack,AI-powered,starter tech stack
